# Made in Blockbench 5.0.4
mtllib materials.mtl

g ball
o cuboid
v 0.5 0.4374999999999998 0.0625
v 0.5 0.4374999999999998 -0.0625
v 0.5 0.5624999999999998 0.0625
v 0.5 0.5624999999999998 -0.0625
v 0.5 0.4374999999999998 0.0625
v 0.5 0.4374999999999998 -0.0625
v 0.5 0.5624999999999998 0.0625
v 0.5 0.5624999999999998 -0.0625
vt 0.0390625 0.953125
vt 0.0234375 0.953125
vt 0.0234375 0.9375
vt 0.0390625 0.9375
vt 0.0625 0.9609375
vt 0.0625 0.9765625
vt 0.046875 0.9765625
vt 0.046875 0.9609375
vt 0 0.984375
vt 0 1
vt 0 0.984375
vt 0 1
vt 0 0.984375
vt 0 0.984375
vt 0 1
vt 0 1
vt 0 1
vt 0 1
vt 0 1
vt 0 1
vt 0 1
vt 0 1
vt 0 1
vt 0 1
vn -1 4.440892098500626e-16 0
vn 1 -4.440892098500626e-16 0
vn 0 0 0
vn 0 0 0
vn 0 0 0
vn 0 0 0
usemtl m_2f782488-5985-7342-163e-a8a36ac958ed
f 2/1/1 1/2/1 3/3/1 4/4/1
f 7/5/2 5/6/2 6/7/2 8/8/2
f 1/9/3 2/10/3 5/11/3 6/12/3
f 3/13/4 7/14/4 4/15/4 8/16/4
f 1/17/5 5/18/5 3/19/5 7/20/5
f 2/21/6 4/22/6 6/23/6 8/24/6
o cuboid
v 0.47462052768883517 0.33076169258595256 0.0625
v 0.47462052768883517 0.33076169258595256 -0.0625
v 0.501675479431098 0.4527986934759442 0.0625
v 0.501675479431098 0.4527986934759442 -0.0625
v 0.47462052768883517 0.33076169258595256 0.0625
v 0.47462052768883517 0.33076169258595256 -0.0625
v 0.501675479431098 0.4527986934759442 0.0625
v 0.501675479431098 0.4527986934759442 -0.0625
vt 0.0625 0.953125
vt 0.046875 0.953125
vt 0.046875 0.9375
vt 0.0625 0.9375
vt 0.015625 0.9140625
vt 0.015625 0.9296875
vt 0 0.9296875
vt 0 0.9140625
vt 0 0.984375
vt 0 1
vt 0 0.984375
vt 0 1
vt 0 0.984375
vt 0 0.984375
vt 0 1
vt 0 1
vt 0 1
vt 0 1
vt 0 1
vt 0 1
vt 0 1
vt 0 1
vt 0 1
vt 0 1
vn -0.9762960071199333 0.2164396139381033 0
vn 0.9762960071199333 -0.2164396139381033 0
vn 0 0 0
vn 0 0 0
vn 0 0 0
vn 0 0 0
usemtl m_2f782488-5985-7342-163e-a8a36ac958ed
f 10/25/7 9/26/7 11/27/7 12/28/7
f 15/29/8 13/30/8 14/31/8 16/32/8
f 9/33/9 10/34/9 13/35/9 14/36/9
f 11/37/10 15/38/10 12/39/10 16/40/10
f 9/41/11 13/42/11 11/43/11 15/44/11
f 10/45/12 12/46/12 14/47/12 16/48/12
o cuboid
v 0.42674025215953126 0.23204663243985962 0.0625
v 0.42674025215953126 0.23204663243985962 -0.0625
v 0.4795675348771187 0.3453351058194409 0.0625
v 0.4795675348771187 0.3453351058194409 -0.0625
v 0.42674025215953126 0.23204663243985962 0.0625
v 0.42674025215953126 0.23204663243985962 -0.0625
v 0.4795675348771187 0.3453351058194409 0.0625
v 0.4795675348771187 0.3453351058194409 -0.0625
vt 0.0859375 1
vt 0.0703125 1
vt 0.0703125 0.984375
vt 0.0859375 0.984375
vt 0.0390625 0.9140625
vt 0.0390625 0.9296875
vt 0.0234375 0.9296875
vt 0.0234375 0.9140625
vt 0 0.984375
vt 0 1
vt 0 0.984375
vt 0 1
vt 0 0.984375
vt 0 0.984375
vt 0 1
vt 0 1
vt 0 1
vt 0 1
vt 0 1
vt 0 1
vt 0 1
vt 0 1
vt 0 1
vt 0 1
vn -0.9063077870366499 0.4226182617406995 0
vn 0.9063077870366499 -0.4226182617406995 0
vn 0 0 0
vn 0 0 0
vn 0 0 0
vn 0 0 0
usemtl m_2f782488-5985-7342-163e-a8a36ac958ed
f 18/49/13 17/50/13 19/51/13 20/52/13
f 23/53/14 21/54/14 22/55/14 24/56/14
f 17/57/15 18/58/15 21/59/15 22/60/15
f 19/61/16 23/62/16 20/63/16 24/64/16
f 17/65/17 21/66/17 19/67/17 23/68/17
f 18/69/18 20/70/18 22/71/18 24/72/18
o cuboid
v 0.3586290808325725 0.14603470172743738 0.0625
v 0.3586290808325725 0.14603470172743738 -0.0625
v 0.43472425945866255 0.24520386926384174 0.0625
v 0.43472425945866255 0.24520386926384174 -0.0625
v 0.3586290808325725 0.14603470172743738 0.0625
v 0.3586290808325725 0.14603470172743738 -0.0625
v 0.43472425945866255 0.24520386926384174 0.0625
v 0.43472425945866255 0.24520386926384174 -0.0625
vt 0.0859375 0.9765625
vt 0.0703125 0.9765625
vt 0.0703125 0.9609375
vt 0.0859375 0.9609375
vt 0.0625 0.9140625
vt 0.0625 0.9296875
vt 0.046875 0.9296875
vt 0.046875 0.9140625
vt 0 0.984375
vt 0 1
vt 0 0.984375
vt 0 1
vt 0 0.984375
vt 0 0.984375
vt 0 1
vt 0 1
vt 0 1
vt 0 1
vt 0 1
vt 0 1
vt 0 1
vt 0 1
vt 0 1
vt 0 1
vn -0.793353340291235 0.6087614290087209 0
vn 0.793353340291235 -0.6087614290087209 0
vn 0 0 0
vn 0 0 0
vn 0 0 0
vn 0 0 0
usemtl m_2f782488-5985-7342-163e-a8a36ac958ed
f 26/73/19 25/74/19 27/75/19 28/76/19
f 31/77/20 29/78/20 30/79/20 32/80/20
f 25/81/21 26/82/21 29/83/21 30/84/21
f 27/85/22 31/86/22 28/87/22 32/88/22
f 25/89/23 29/90/23 27/91/23 31/92/23
f 26/93/24 28/94/24 30/95/24 32/96/24
o cuboid
v 0.27351602714833345 0.0768035528351022 0.0625
v 0.27351602714833345 0.0768035528351022 -0.0625
v 0.3692715825382057 0.15715200404591956 0.0625
v 0.3692715825382057 0.15715200404591956 -0.0625
v 0.27351602714833345 0.0768035528351022 0.0625
v 0.27351602714833345 0.0768035528351022 -0.0625
v 0.3692715825382057 0.15715200404591956 0.0625
v 0.3692715825382057 0.15715200404591956 -0.0625
vt 0.0859375 0.953125
vt 0.0703125 0.953125
vt 0.0703125 0.9375
vt 0.0859375 0.9375
vt 0.0859375 0.9140625
vt 0.0859375 0.9296875
vt 0.0703125 0.9296875
vt 0.0703125 0.9140625
vt 0 0.984375
vt 0 1
vt 0 0.984375
vt 0 1
vt 0 0.984375
vt 0 0.984375
vt 0 1
vt 0 1
vt 0 1
vt 0 1
vt 0 1
vt 0 1
vt 0 1
vt 0 1
vt 0 1
vt 0 1
vn -0.6427876096865391 0.7660444431189782 0
vn 0.6427876096865391 -0.7660444431189782 0
vn 0 0 0
vn 0 0 0
vn 0 0 0
vn 0 0 0
usemtl m_2f782488-5985-7342-163e-a8a36ac958ed
f 34/97/25 33/98/25 35/99/25 36/100/25
f 39/101/26 37/102/26 38/103/26 40/104/26
f 33/105/27 34/106/27 37/107/27 38/108/27
f 35/109/28 39/110/28 36/111/28 40/112/28
f 33/113/29 37/114/29 35/115/29 39/116/29
f 34/117/30 36/118/30 38/119/30 40/120/30
o cuboid
v 0.175436129543878 0.027635295083699496 0.0625
v 0.175436129543878 0.027635295083699496 -0.0625
v 0.2863124836911557 0.08535387173807868 0.0625
v 0.2863124836911557 0.08535387173807868 -0.0625
v 0.175436129543878 0.027635295083699496 0.0625
v 0.175436129543878 0.027635295083699496 -0.0625
v 0.2863124836911557 0.08535387173807868 0.0625
v 0.2863124836911557 0.08535387173807868 -0.0625
vt 0.015625 0.90625
vt 0 0.90625
vt 0 0.890625
vt 0.015625 0.890625
vt 0.109375 0.984375
vt 0.109375 1
vt 0.09375 1
vt 0.09375 0.984375
vt 0 0.984375
vt 0 1
vt 0 0.984375
vt 0 1
vt 0 0.984375
vt 0 0.984375
vt 0 1
vt 0 1
vt 0 1
vt 0 1
vt 0 1
vt 0 1
vt 0 1
vt 0 1
vt 0 1
vt 0 1
vn -0.4617486132350337 0.8870108331782218 0
vn 0.4617486132350337 -0.8870108331782218 0
vn 0 0 0
vn 0 0 0
vn 0 0 0
vn 0 0 0
usemtl m_2f782488-5985-7342-163e-a8a36ac958ed
f 42/121/31 41/122/31 43/123/31 44/124/31
f 47/125/32 45/126/32 46/127/32 48/128/32
f 41/129/33 42/130/33 45/131/33 46/132/33
f 43/133/34 47/134/34 44/135/34 48/136/34
f 41/137/35 45/138/35 43/139/35 47/140/35
f 42/141/36 44/142/36 46/143/36 48/144/36
o cuboid
v 0.06903915840819348 0.0008608965365582422 0.0625
v 0.06903915840819348 0.0008608965365582422 -0.0625
v 0.18977988669432705 0.033213277174373335 0.0625
v 0.18977988669432705 0.033213277174373335 -0.0625
v 0.06903915840819348 0.0008608965365582422 0.0625
v 0.06903915840819348 0.0008608965365582422 -0.0625
v 0.18977988669432705 0.033213277174373335 0.0625
v 0.18977988669432705 0.033213277174373335 -0.0625
vt 0.0390625 0.90625
vt 0.0234375 0.90625
vt 0.0234375 0.890625
vt 0.0390625 0.890625
vt 0.109375 0.9609375
vt 0.109375 0.9765625
vt 0.09375 0.9765625
vt 0.09375 0.9609375
vt 0 0.984375
vt 0 1
vt 0 0.984375
vt 0 1
vt 0 0.984375
vt 0 0.984375
vt 0 1
vt 0 1
vt 0 1
vt 0 1
vt 0 1
vt 0 1
vt 0 1
vt 0 1
vt 0 1
vt 0 1
vn -0.2588190451025205 0.9659258262890684 0
vn 0.2588190451025205 -0.9659258262890684 0
vn 0 0 0
vn 0 0 0
vn 0 0 0
vn 0 0 0
usemtl m_2f782488-5985-7342-163e-a8a36ac958ed
f 50/145/37 49/146/37 51/147/37 52/148/37
f 55/149/38 53/150/38 54/151/38 56/152/38
f 49/153/39 50/154/39 53/155/39 54/156/39
f 51/157/40 55/158/40 52/159/40 56/160/40
f 49/161/41 53/162/41 51/163/41 55/164/41
f 50/165/42 52/166/42 54/167/42 56/168/42
o cuboid
v -0.04063082016619822 -0.0022503225012623362 0.0625
v -0.04063082016619822 -0.0022503225012623362 -0.0625
v 0.084250207531534 0.0032021009194045935 0.0625
v 0.084250207531534 0.0032021009194045935 -0.0625
v -0.04063082016619822 -0.0022503225012623362 0.0625
v -0.04063082016619822 -0.0022503225012623362 -0.0625
v 0.084250207531534 0.0032021009194045935 0.0625
v 0.084250207531534 0.0032021009194045935 -0.0625
vt 0.0625 0.90625
vt 0.046875 0.90625
vt 0.046875 0.890625
vt 0.0625 0.890625
vt 0.109375 0.9375
vt 0.109375 0.953125
vt 0.09375 0.953125
vt 0.09375 0.9375
vt 0 0.984375
vt 0 1
vt 0 0.984375
vt 0 1
vt 0 0.984375
vt 0 0.984375
vt 0 1
vt 0 1
vt 0 1
vt 0 1
vt 0 1
vt 0 1
vt 0 1
vt 0 1
vt 0 1
vt 0 1
vn -0.04361938736533578 0.9990482215818578 0
vn 0.04361938736533578 -0.9990482215818578 0
vn 0 0 0
vn 0 0 0
vn 0 0 0
vn 0 0 0
usemtl m_2f782488-5985-7342-163e-a8a36ac958ed
f 58/169/43 57/170/43 59/171/43 60/172/43
f 63/173/44 61/174/44 62/175/44 64/176/44
f 57/177/45 58/178/45 61/179/45 62/180/45
f 59/181/46 63/182/46 60/183/46 64/184/46
f 57/185/47 61/186/47 59/187/47 63/188/47
f 58/189/48 60/190/48 62/191/48 64/192/48
o cuboid
v -0.14837457339672827 0.018449134598079175 0.0625
v -0.14837457339672827 0.018449134598079175 -0.0625
v -0.025273604270202275 -0.0032568876102871958 0.0625
v -0.025273604270202275 -0.0032568876102871958 -0.0625
v -0.14837457339672827 0.018449134598079175 0.0625
v -0.14837457339672827 0.018449134598079175 -0.0625
v -0.025273604270202275 -0.0032568876102871958 0.0625
v -0.025273604270202275 -0.0032568876102871958 -0.0625
vt 0.0859375 0.90625
vt 0.0703125 0.90625
vt 0.0703125 0.890625
vt 0.0859375 0.890625
vt 0.109375 0.9140625
vt 0.109375 0.9296875
vt 0.09375 0.9296875
vt 0.09375 0.9140625
vt 0 0.984375
vt 0 1
vt 0 0.984375
vt 0 1
vt 0 0.984375
vt 0 0.984375
vt 0 1
vt 0 1
vt 0 1
vt 0 1
vt 0 1
vt 0 1
vt 0 1
vt 0 1
vt 0 1
vt 0 1
vn 0.17364817766693055 0.984807753012208 0
vn -0.17364817766693055 -0.984807753012208 0
vn 0 0 0
vn 0 0 0
vn 0 0 0
vn 0 0 0
usemtl m_2f782488-5985-7342-163e-a8a36ac958ed
f 66/193/49 65/194/49 67/195/49 68/196/49
f 71/197/50 69/198/50 70/199/50 72/200/50
f 65/201/51 66/202/51 69/203/51 70/204/51
f 67/205/52 71/206/52 68/207/52 72/208/52
f 65/209/53 69/210/53 67/211/53 71/212/53
f 66/213/54 68/214/54 70/215/54 72/216/54
o cuboid
v -0.24908418696450038 0.06197794826717479 0.0625
v -0.24908418696450038 0.06197794826717479 -0.0625
v -0.13359924540058957 0.014142519221538585 0.0625
v -0.13359924540058957 0.014142519221538585 -0.0625
v -0.24908418696450038 0.06197794826717479 0.0625
v -0.24908418696450038 0.06197794826717479 -0.0625
v -0.13359924540058957 0.014142519221538585 0.0625
v -0.13359924540058957 0.014142519221538585 -0.0625
vt 0.109375 0.90625
vt 0.09375 0.90625
vt 0.09375 0.890625
vt 0.109375 0.890625
vt 0.015625 0.8671875
vt 0.015625 0.8828125
vt 0 0.8828125
vt 0 0.8671875
vt 0 0.984375
vt 0 1
vt 0 0.984375
vt 0 1
vt 0 0.984375
vt 0 0.984375
vt 0 1
vt 0 1
vt 0 1
vt 0 1
vt 0 1
vt 0 1
vt 0 1
vt 0 1
vt 0 1
vt 0 1
vn 0.38268343236508995 0.9238795325112866 0
vn -0.38268343236508995 -0.9238795325112866 0
vn 0 0 0
vn 0 0 0
vn 0 0 0
vn 0 0 0
usemtl m_2f782488-5985-7342-163e-a8a36ac958ed
f 74/217/55 73/218/55 75/219/55 76/220/55
f 79/221/56 77/222/56 78/223/56 80/224/56
f 73/225/57 74/226/57 77/227/57 78/228/57
f 75/229/58 79/230/58 76/231/58 80/232/58
f 73/233/59 77/234/59 75/235/59 79/236/59
f 74/237/60 76/238/60 78/239/60 80/240/60
o cuboid
v -0.33798522094358513 0.12627250512744453 0.0625
v -0.33798522094358513 0.12627250512744453 -0.0625
v -0.23559121540746114 0.05457545058356378 0.0625
v -0.23559121540746114 0.05457545058356378 -0.0625
v -0.33798522094358513 0.12627250512744453 0.0625
v -0.33798522094358513 0.12627250512744453 -0.0625
v -0.23559121540746114 0.05457545058356378 0.0625
v -0.23559121540746114 0.05457545058356378 -0.0625
vt 0.1328125 1
vt 0.1171875 1
vt 0.1171875 0.984375
vt 0.1328125 0.984375
vt 0.0390625 0.8671875
vt 0.0390625 0.8828125
vt 0.0234375 0.8828125
vt 0.0234375 0.8671875
vt 0 0.984375
vt 0 1
vt 0 0.984375
vt 0 1
vt 0 0.984375
vt 0 0.984375
vt 0 1
vt 0 1
vt 0 1
vt 0 1
vt 0 1
vt 0 1
vt 0 1
vt 0 1
vt 0 1
vt 0 1
vn 0.5735764363510463 0.8191520442889917 0
vn -0.5735764363510463 -0.8191520442889917 0
vn 0 0 0
vn 0 0 0
vn 0 0 0
vn 0 0 0
usemtl m_2f782488-5985-7342-163e-a8a36ac958ed
f 82/241/61 81/242/61 83/243/61 84/244/61
f 87/245/62 85/246/62 86/247/62 88/248/62
f 81/249/63 82/250/63 85/251/63 86/252/63
f 83/253/64 87/254/64 84/255/64 88/256/64
f 81/257/65 85/258/65 83/259/65 87/260/65
f 82/261/66 84/262/66 86/263/66 88/264/66
o cuboid
v -0.4108630563810408 0.2082847297428027 0.0625
v -0.4108630563810408 0.2082847297428027 -0.0625
v -0.32641428042908327 0.11612506264153716 0.0625
v -0.32641428042908327 0.11612506264153716 -0.0625
v -0.4108630563810408 0.2082847297428027 0.0625
v -0.4108630563810408 0.2082847297428027 -0.0625
v -0.32641428042908327 0.11612506264153716 0.0625
v -0.32641428042908327 0.11612506264153716 -0.0625
vt 0.1328125 0.9765625
vt 0.1171875 0.9765625
vt 0.1171875 0.9609375
vt 0.1328125 0.9609375
vt 0.0625 0.8671875
vt 0.0625 0.8828125
vt 0.046875 0.8828125
vt 0.046875 0.8671875
vt 0 0.984375
vt 0 1
vt 0 0.984375
vt 0 1
vt 0 0.984375
vt 0 0.984375
vt 0 1
vt 0 1
vt 0 1
vt 0 1
vt 0 1
vt 0 1
vt 0 1
vt 0 1
vt 0 1
vt 0 1
vn 0.7372773368101241 0.6755902076156601 0
vn -0.7372773368101241 -0.6755902076156601 0
vn 0 0 0
vn 0 0 0
vn 0 0 0
vn 0 0 0
usemtl m_2f782488-5985-7342-163e-a8a36ac958ed
f 90/265/67 89/266/67 91/267/67 92/268/67
f 95/269/68 93/270/68 94/271/68 96/272/68
f 89/273/69 90/274/69 93/275/69 94/276/69
f 91/277/70 95/278/70 92/279/70 96/280/70
f 89/281/71 93/282/71 91/283/71 95/284/71
f 90/285/72 92/286/72 94/287/72 96/288/72
o cuboid
v -0.46426270189221935 0.30412658773652745 0.0625
v -0.46426270189221935 0.30412658773652745 -0.0625
v -0.40176270189221935 0.1958734122634726 0.0625
v -0.40176270189221935 0.1958734122634726 -0.0625
v -0.46426270189221935 0.30412658773652745 0.0625
v -0.46426270189221935 0.30412658773652745 -0.0625
v -0.40176270189221935 0.1958734122634726 0.0625
v -0.40176270189221935 0.1958734122634726 -0.0625
vt 0.1328125 0.953125
vt 0.1171875 0.953125
vt 0.1171875 0.9375
vt 0.1328125 0.9375
vt 0.0859375 0.8671875
vt 0.0859375 0.8828125
vt 0.0703125 0.8828125
vt 0.0703125 0.8671875
vt 0 0.984375
vt 0 1
vt 0 0.984375
vt 0 1
vt 0 0.984375
vt 0 0.984375
vt 0 1
vt 0 1
vt 0 1
vt 0 1
vt 0 1
vt 0 1
vt 0 1
vt 0 1
vt 0 1
vt 0 1
vn 0.8660254037844387 0.49999999999999994 0
vn -0.8660254037844387 -0.49999999999999994 0
vn 0 0 0
vn 0 0 0
vn 0 0 0
vn 0 0 0
usemtl m_2f782488-5985-7342-163e-a8a36ac958ed
f 98/289/73 97/290/73 99/291/73 100/292/73
f 103/293/74 101/294/74 102/295/74 104/296/74
f 97/297/75 98/298/75 101/299/75 102/300/75
f 99/301/76 103/302/76 100/303/76 104/304/76
f 97/305/77 101/306/77 99/307/77 103/308/77
f 98/309/78 100/310/78 102/311/78 104/312/78
o cuboid
v -0.4956525878431306 0.4092544096696277 0.0625
v -0.4956525878431306 0.4092544096696277 -0.0625
v -0.45806436290509644 0.2900397908260993 0.0625
v -0.45806436290509644 0.2900397908260993 -0.0625
v -0.4956525878431306 0.4092544096696277 0.0625
v -0.4956525878431306 0.4092544096696277 -0.0625
v -0.45806436290509644 0.2900397908260993 0.0625
v -0.45806436290509644 0.2900397908260993 -0.0625
vt 0.1328125 0.9296875
vt 0.1171875 0.9296875
vt 0.1171875 0.9140625
vt 0.1328125 0.9140625
vt 0.109375 0.8671875
vt 0.109375 0.8828125
vt 0.09375 0.8828125
vt 0.09375 0.8671875
vt 0 0.984375
vt 0 1
vt 0 0.984375
vt 0 1
vt 0 0.984375
vt 0 0.984375
vt 0 1
vt 0 1
vt 0 1
vt 0 1
vt 0 1
vt 0 1
vt 0 1
vt 0 1
vt 0 1
vt 0 1
vn 0.953716950748227 0.300705799504273 0
vn -0.953716950748227 -0.300705799504273 0
vn 0 0 0
vn 0 0 0
vn 0 0 0
vn 0 0 0
usemtl m_2f782488-5985-7342-163e-a8a36ac958ed
f 106/313/79 105/314/79 107/315/79 108/316/79
f 111/317/80 109/318/80 110/319/80 112/320/80
f 105/321/81 106/322/81 109/323/81 110/324/81
f 107/325/82 111/326/82 108/327/82 112/328/82
f 105/329/83 109/330/83 107/331/83 111/332/83
f 106/333/84 108/334/84 110/335/84 112/336/84
o cuboid
v -0.5035445829676014 0.518684297256905 0.0625
v -0.5035445829676014 0.518684297256905 -0.0625
v -0.4926501151241441 0.3941599599954368 0.0625
v -0.4926501151241441 0.3941599599954368 -0.0625
v -0.5035445829676014 0.518684297256905 0.0625
v -0.5035445829676014 0.518684297256905 -0.0625
v -0.4926501151241441 0.3941599599954368 0.0625
v -0.4926501151241441 0.3941599599954368 -0.0625
vt 0.1328125 0.90625
vt 0.1171875 0.90625
vt 0.1171875 0.890625
vt 0.1328125 0.890625
vt 0.1328125 0.8671875
vt 0.1328125 0.8828125
vt 0.1171875 0.8828125
vt 0.1171875 0.8671875
vt 0 0.984375
vt 0 1
vt 0 0.984375
vt 0 1
vt 0 0.984375
vt 0 0.984375
vt 0 1
vt 0 1
vt 0 1
vt 0 1
vt 0 1
vt 0 1
vt 0 1
vt 0 1
vt 0 1
vt 0 1
vn 0.9961946980917457 0.08715574274765826 0
vn -0.9961946980917457 -0.08715574274765826 0
vn 0 0 0
vn 0 0 0
vn 0 0 0
vn 0 0 0
usemtl m_2f782488-5985-7342-163e-a8a36ac958ed
f 114/337/85 113/338/85 115/339/85 116/340/85
f 119/341/86 117/342/86 118/343/86 120/344/86
f 113/345/87 114/346/87 117/347/87 118/348/87
f 115/349/88 119/350/88 116/351/88 120/352/88
f 113/353/89 117/354/89 115/355/89 119/356/89
f 114/357/90 116/358/90 118/359/90 120/360/90
o cuboid
v -0.487564543673152 0.6272283999458891 0.0625
v -0.487564543673152 0.6272283999458891 -0.0625
v -0.5038803177006584 0.5032977922741627 0.0625
v -0.5038803177006584 0.5032977922741627 -0.0625
v -0.487564543673152 0.6272283999458891 0.0625
v -0.487564543673152 0.6272283999458891 -0.0625
v -0.5038803177006584 0.5032977922741627 0.0625
v -0.5038803177006584 0.5032977922741627 -0.0625
vt 0.015625 0.859375
vt 0 0.859375
vt 0 0.84375
vt 0.015625 0.84375
vt 0.15625 0.984375
vt 0.15625 1
vt 0.140625 1
vt 0.140625 0.984375
vt 0 0.984375
vt 0 1
vt 0 0.984375
vt 0 1
vt 0 0.984375
vt 0 0.984375
vt 0 1
vt 0 1
vt 0 1
vt 0 1
vt 0 1
vt 0 1
vt 0 1
vt 0 1
vt 0 1
vt 0 1
vn 0.9914448613738105 -0.1305261922200518 0
vn -0.9914448613738105 0.1305261922200518 0
vn 0 0 0
vn 0 0 0
vn 0 0 0
vn 0 0 0
usemtl m_2f782488-5985-7342-163e-a8a36ac958ed
f 122/361/91 121/362/91 123/363/91 124/364/91
f 127/365/92 125/366/92 126/367/92 128/368/92
f 121/369/93 122/370/93 125/371/93 126/372/93
f 123/373/94 127/374/94 124/375/94 128/376/94
f 121/377/95 125/378/95 123/379/95 127/380/95
f 122/381/96 124/382/96 126/383/96 128/384/96
o cuboid
v -0.4484700514350998 0.7297408604619535 0.0625
v -0.4484700514350998 0.7297408604619535 -0.0625
v -0.4912225693508084 0.612279282863715 0.0625
v -0.4912225693508084 0.612279282863715 -0.0625
v -0.4484700514350998 0.7297408604619535 0.0625
v -0.4484700514350998 0.7297408604619535 -0.0625
v -0.4912225693508084 0.612279282863715 0.0625
v -0.4912225693508084 0.612279282863715 -0.0625
vt 0.0390625 0.859375
vt 0.0234375 0.859375
vt 0.0234375 0.84375
vt 0.0390625 0.84375
vt 0.15625 0.9609375
vt 0.15625 0.9765625
vt 0.140625 0.9765625
vt 0.140625 0.9609375
vt 0 0.984375
vt 0 1
vt 0 0.984375
vt 0 1
vt 0 0.984375
vt 0 0.984375
vt 0 1
vt 0 1
vt 0 1
vt 0 1
vt 0 1
vt 0 1
vt 0 1
vt 0 1
vt 0 1
vt 0 1
vn 0.9396926207859084 -0.34202014332566877 0
vn -0.9396926207859084 0.34202014332566877 0
vn 0 0 0
vn 0 0 0
vn 0 0 0
vn 0 0 0
usemtl m_2f782488-5985-7342-163e-a8a36ac958ed
f 130/385/97 129/386/97 131/387/97 132/388/97
f 135/389/98 133/390/98 134/391/98 136/392/98
f 129/393/99 130/394/99 133/395/99 134/396/99
f 131/397/100 135/398/100 132/399/100 136/400/100
f 129/401/101 133/402/101 131/403/101 135/404/101
f 130/405/102 132/406/102 134/407/102 136/408/102
o cuboid
v -0.38811449738476633 0.8213617695367174 0.0625
v -0.38811449738476633 0.8213617695367174 -0.0625
v -0.4552769484281194 0.7159378388101066 0.0625
v -0.4552769484281194 0.7159378388101066 -0.0625
v -0.38811449738476633 0.8213617695367174 0.0625
v -0.38811449738476633 0.8213617695367174 -0.0625
v -0.4552769484281194 0.7159378388101066 0.0625
v -0.4552769484281194 0.7159378388101066 -0.0625
vt 0.0625 0.859375
vt 0.046875 0.859375
vt 0.046875 0.84375
vt 0.0625 0.84375
vt 0.15625 0.9375
vt 0.15625 0.953125
vt 0.140625 0.953125
vt 0.140625 0.9375
vt 0 0.984375
vt 0 1
vt 0 0.984375
vt 0 1
vt 0 0.984375
vt 0 0.984375
vt 0 1
vt 0 1
vt 0 1
vt 0 1
vt 0 1
vt 0 1
vt 0 1
vt 0 1
vt 0 1
vt 0 1
vn 0.8433914458128857 -0.537299608346824 0
vn -0.8433914458128857 0.537299608346824 0
vn 0 0 0
vn 0 0 0
vn 0 0 0
vn 0 0 0
usemtl m_2f782488-5985-7342-163e-a8a36ac958ed
f 138/409/103 137/410/103 139/411/103 140/412/103
f 143/413/104 141/414/104 142/415/104 144/416/104
f 137/417/105 138/418/105 141/419/105 142/420/105
f 139/421/106 143/422/106 140/423/106 144/424/106
f 137/425/107 141/426/107 139/427/107 143/428/107
f 138/429/108 140/430/108 142/431/108 144/432/108
o cuboid
v -0.30935921676911454 0.8977475644174331 0.0625
v -0.30935921676911454 0.8977475644174331 -0.0625
v -0.39774756441743303 0.8093592167691146 0.0625
v -0.39774756441743303 0.8093592167691146 -0.0625
v -0.30935921676911454 0.8977475644174331 0.0625
v -0.30935921676911454 0.8977475644174331 -0.0625
v -0.39774756441743303 0.8093592167691146 0.0625
v -0.39774756441743303 0.8093592167691146 -0.0625
vt 0.0859375 0.859375
vt 0.0703125 0.859375
vt 0.0703125 0.84375
vt 0.0859375 0.84375
vt 0.15625 0.9140625
vt 0.15625 0.9296875
vt 0.140625 0.9296875
vt 0.140625 0.9140625
vt 0 0.984375
vt 0 1
vt 0 0.984375
vt 0 1
vt 0 0.984375
vt 0 0.984375
vt 0 1
vt 0 1
vt 0 1
vt 0 1
vt 0 1
vt 0 1
vt 0 1
vt 0 1
vt 0 1
vt 0 1
vn 0.7071067811865476 -0.7071067811865476 0
vn -0.7071067811865476 0.7071067811865476 0
vn 0 0 0
vn 0 0 0
vn 0 0 0
vn 0 0 0
usemtl m_2f782488-5985-7342-163e-a8a36ac958ed
f 146/433/109 145/434/109 147/435/109 148/436/109
f 151/437/110 149/438/110 150/439/110 152/440/110
f 145/441/111 146/442/111 149/443/111 150/444/111
f 147/445/112 151/446/112 148/447/112 152/448/112
f 145/449/113 149/450/113 147/451/113 151/452/113
f 146/453/114 148/454/114 150/455/114 152/456/114
o cuboid
v -0.21593783881010664 0.9552769484281193 0.0625
v -0.21593783881010664 0.9552769484281193 -0.0625
v -0.32136176953671736 0.8881144973847663 0.0625
v -0.32136176953671736 0.8881144973847663 -0.0625
v -0.21593783881010664 0.9552769484281193 0.0625
v -0.21593783881010664 0.9552769484281193 -0.0625
v -0.32136176953671736 0.8881144973847663 0.0625
v -0.32136176953671736 0.8881144973847663 -0.0625
vt 0.109375 0.859375
vt 0.09375 0.859375
vt 0.09375 0.84375
vt 0.109375 0.84375
vt 0.15625 0.890625
vt 0.15625 0.90625
vt 0.140625 0.90625
vt 0.140625 0.890625
vt 0 0.984375
vt 0 1
vt 0 0.984375
vt 0 1
vt 0 0.984375
vt 0 0.984375
vt 0 1
vt 0 1
vt 0 1
vt 0 1
vt 0 1
vt 0 1
vt 0 1
vt 0 1
vt 0 1
vt 0 1
vn 0.537299608346824 -0.8433914458128856 0
vn -0.537299608346824 0.8433914458128856 0
vn 0 0 0
vn 0 0 0
vn 0 0 0
vn 0 0 0
usemtl m_2f782488-5985-7342-163e-a8a36ac958ed
f 154/457/115 153/458/115 155/459/115 156/460/115
f 159/461/116 157/462/116 158/463/116 160/464/116
f 153/465/117 154/466/117 157/467/117 158/468/117
f 155/469/118 159/470/118 156/471/118 160/472/118
f 153/473/119 157/474/119 155/475/119 159/476/119
f 154/477/120 156/478/120 158/479/120 160/480/120
o cuboid
v -0.11227928286371502 0.9912225693508084 0.0625
v -0.11227928286371502 0.9912225693508084 -0.0625
v -0.22974086046195358 0.9484700514350999 0.0625
v -0.22974086046195358 0.9484700514350999 -0.0625
v -0.11227928286371502 0.9912225693508084 0.0625
v -0.11227928286371502 0.9912225693508084 -0.0625
v -0.22974086046195358 0.9484700514350999 0.0625
v -0.22974086046195358 0.9484700514350999 -0.0625
vt 0.1328125 0.859375
vt 0.1171875 0.859375
vt 0.1171875 0.84375
vt 0.1328125 0.84375
vt 0.15625 0.8671875
vt 0.15625 0.8828125
vt 0.140625 0.8828125
vt 0.140625 0.8671875
vt 0 0.984375
vt 0 1
vt 0 0.984375
vt 0 1
vt 0 0.984375
vt 0 0.984375
vt 0 1
vt 0 1
vt 0 1
vt 0 1
vt 0 1
vt 0 1
vt 0 1
vt 0 1
vt 0 1
vt 0 1
vn 0.34202014332566866 -0.9396926207859085 0
vn -0.34202014332566866 0.9396926207859085 0
vn 0 0 0
vn 0 0 0
vn 0 0 0
vn 0 0 0
usemtl m_2f782488-5985-7342-163e-a8a36ac958ed
f 162/481/121 161/482/121 163/483/121 164/484/121
f 167/485/122 165/486/122 166/487/122 168/488/122
f 161/489/123 162/490/123 165/491/123 166/492/123
f 163/493/124 167/494/124 164/495/124 168/496/124
f 161/497/125 165/498/125 163/499/125 167/500/125
f 162/501/126 164/502/126 166/503/126 168/504/126
o cuboid
v -0.00329779227416252 1.0038803177006583 0.0625
v -0.00329779227416252 1.0038803177006583 -0.0625
v -0.1272283999458888 0.9875645436731519 0.0625
v -0.1272283999458888 0.9875645436731519 -0.0625
v -0.00329779227416252 1.0038803177006583 0.0625
v -0.00329779227416252 1.0038803177006583 -0.0625
v -0.1272283999458888 0.9875645436731519 0.0625
v -0.1272283999458888 0.9875645436731519 -0.0625
vt 0.15625 0.859375
vt 0.140625 0.859375
vt 0.140625 0.84375
vt 0.15625 0.84375
vt 0.015625 0.8203125
vt 0.015625 0.8359375
vt 0 0.8359375
vt 0 0.8203125
vt 0 0.984375
vt 0 1
vt 0 0.984375
vt 0 1
vt 0 0.984375
vt 0 0.984375
vt 0 1
vt 0 1
vt 0 1
vt 0 1
vt 0 1
vt 0 1
vt 0 1
vt 0 1
vt 0 1
vt 0 1
vn 0.13052619222005135 -0.9914448613738105 0
vn -0.13052619222005135 0.9914448613738105 0
vn 0 0 0
vn 0 0 0
vn 0 0 0
vn 0 0 0
usemtl m_2f782488-5985-7342-163e-a8a36ac958ed
f 170/505/127 169/506/127 171/507/127 172/508/127
f 175/509/128 173/510/128 174/511/128 176/512/128
f 169/513/129 170/514/129 173/515/129 174/516/129
f 171/517/130 175/518/130 172/519/130 176/520/130
f 169/521/131 173/522/131 171/523/131 175/524/131
f 170/525/132 172/526/132 174/527/132 176/528/132
o cuboid
v 0.10584004000456332 0.9926501151241442 0.0625
v 0.10584004000456332 0.9926501151241442 -0.0625
v -0.018684297256904903 1.0035445829676015 0.0625
v -0.018684297256904903 1.0035445829676015 -0.0625
v 0.10584004000456332 0.9926501151241442 0.0625
v 0.10584004000456332 0.9926501151241442 -0.0625
v -0.018684297256904903 1.0035445829676015 0.0625
v -0.018684297256904903 1.0035445829676015 -0.0625
vt 0.1796875 1
vt 0.1640625 1
vt 0.1640625 0.984375
vt 0.1796875 0.984375
vt 0.0390625 0.8203125
vt 0.0390625 0.8359375
vt 0.0234375 0.8359375
vt 0.0234375 0.8203125
vt 0 0.984375
vt 0 1
vt 0 0.984375
vt 0 1
vt 0 0.984375
vt 0 0.984375
vt 0 1
vt 0 1
vt 0 1
vt 0 1
vt 0 1
vt 0 1
vt 0 1
vt 0 1
vt 0 1
vt 0 1
vn -0.08715574274765839 -0.9961946980917455 0
vn 0.08715574274765839 0.9961946980917455 0
vn 0 0 0
vn 0 0 0
vn 0 0 0
vn 0 0 0
usemtl m_2f782488-5985-7342-163e-a8a36ac958ed
f 178/529/133 177/530/133 179/531/133 180/532/133
f 183/533/134 181/534/134 182/535/134 184/536/134
f 177/537/135 178/538/135 181/539/135 182/540/135
f 179/541/136 183/542/136 180/543/136 184/544/136
f 177/545/137 181/546/137 179/547/137 183/548/137
f 178/549/138 180/550/138 182/551/138 184/552/138
o cuboid
v 0.20996020917390093 0.9580643629050962 0.0625
v 0.20996020917390093 0.9580643629050962 -0.0625
v 0.09074559033037258 0.9956525878431304 0.0625
v 0.09074559033037258 0.9956525878431304 -0.0625
v 0.20996020917390093 0.9580643629050962 0.0625
v 0.20996020917390093 0.9580643629050962 -0.0625
v 0.09074559033037258 0.9956525878431304 0.0625
v 0.09074559033037258 0.9956525878431304 -0.0625
vt 0.1796875 0.9765625
vt 0.1640625 0.9765625
vt 0.1640625 0.9609375
vt 0.1796875 0.9609375
vt 0.0625 0.8203125
vt 0.0625 0.8359375
vt 0.046875 0.8359375
vt 0.046875 0.8203125
vt 0 0.984375
vt 0 1
vt 0 0.984375
vt 0 1
vt 0 0.984375
vt 0 0.984375
vt 0 1
vt 0 1
vt 0 1
vt 0 1
vt 0 1
vt 0 1
vt 0 1
vt 0 1
vt 0 1
vt 0 1
vn -0.30070579950427356 -0.9537169507482269 0
vn 0.30070579950427356 0.9537169507482269 0
vn 0 0 0
vn 0 0 0
vn 0 0 0
vn 0 0 0
usemtl m_2f782488-5985-7342-163e-a8a36ac958ed
f 186/553/139 185/554/139 187/555/139 188/556/139
f 191/557/140 189/558/140 190/559/140 192/560/140
f 185/561/141 186/562/141 189/563/141 190/564/141
f 187/565/142 191/566/142 188/567/142 192/568/142
f 185/569/143 189/570/143 187/571/143 191/572/143
f 186/573/144 188/574/144 190/575/144 192/576/144
o cuboid
v 0.30412658773652745 0.9017627018922194 0.0625
v 0.30412658773652745 0.9017627018922194 -0.0625
v 0.19587341226347263 0.9642627018922194 0.0625
v 0.19587341226347263 0.9642627018922194 -0.0625
v 0.30412658773652745 0.9017627018922194 0.0625
v 0.30412658773652745 0.9017627018922194 -0.0625
v 0.19587341226347263 0.9642627018922194 0.0625
v 0.19587341226347263 0.9642627018922194 -0.0625
vt 0.1796875 0.953125
vt 0.1640625 0.953125
vt 0.1640625 0.9375
vt 0.1796875 0.9375
vt 0.0859375 0.8203125
vt 0.0859375 0.8359375
vt 0.0703125 0.8359375
vt 0.0703125 0.8203125
vt 0 0.984375
vt 0 1
vt 0 0.984375
vt 0 1
vt 0 0.984375
vt 0 0.984375
vt 0 1
vt 0 1
vt 0 1
vt 0 1
vt 0 1
vt 0 1
vt 0 1
vt 0 1
vt 0 1
vt 0 1
vn -0.5000000000000001 -0.8660254037844387 0
vn 0.5000000000000001 0.8660254037844387 0
vn 0 0 0
vn 0 0 0
vn 0 0 0
vn 0 0 0
usemtl m_2f782488-5985-7342-163e-a8a36ac958ed
f 194/577/145 193/578/145 195/579/145 196/580/145
f 199/581/146 197/582/146 198/583/146 200/584/146
f 193/585/147 194/586/147 197/587/147 198/588/147
f 195/589/148 199/590/148 196/591/148 200/592/148
f 193/593/149 197/594/149 195/595/149 199/596/149
f 194/597/150 196/598/150 198/599/150 200/600/150
o cuboid
v 0.3838749373584629 0.826414280429083 0.0625
v 0.3838749373584629 0.826414280429083 -0.0625
v 0.29171527025719746 0.9108630563810406 0.0625
v 0.29171527025719746 0.9108630563810406 -0.0625
v 0.3838749373584629 0.826414280429083 0.0625
v 0.3838749373584629 0.826414280429083 -0.0625
v 0.29171527025719746 0.9108630563810406 0.0625
v 0.29171527025719746 0.9108630563810406 -0.0625
vt 0.1796875 0.9296875
vt 0.1640625 0.9296875
vt 0.1640625 0.9140625
vt 0.1796875 0.9140625
vt 0.109375 0.8203125
vt 0.109375 0.8359375
vt 0.09375 0.8359375
vt 0.09375 0.8203125
vt 0 0.984375
vt 0 1
vt 0 0.984375
vt 0 1
vt 0 0.984375
vt 0 0.984375
vt 0 1
vt 0 1
vt 0 1
vt 0 1
vt 0 1
vt 0 1
vt 0 1
vt 0 1
vt 0 1
vt 0 1
vn -0.6755902076156606 -0.7372773368101239 0
vn 0.6755902076156606 0.7372773368101239 0
vn 0 0 0
vn 0 0 0
vn 0 0 0
vn 0 0 0
usemtl m_2f782488-5985-7342-163e-a8a36ac958ed
f 202/601/151 201/602/151 203/603/151 204/604/151
f 207/605/152 205/606/152 206/607/152 208/608/152
f 201/609/153 202/610/153 205/611/153 206/612/153
f 203/613/154 207/614/154 204/615/154 208/616/154
f 201/617/155 205/618/155 203/619/155 207/620/155
f 202/621/156 204/622/156 206/623/156 208/624/156
o cuboid
v 0.44542454941643633 0.7355912154074609 0.0625
v 0.44542454941643633 0.7355912154074609 -0.0625
v 0.3737274948725556 0.837985220943585 0.0625
v 0.3737274948725556 0.837985220943585 -0.0625
v 0.44542454941643633 0.7355912154074609 0.0625
v 0.44542454941643633 0.7355912154074609 -0.0625
v 0.3737274948725556 0.837985220943585 0.0625
v 0.3737274948725556 0.837985220943585 -0.0625
vt 0.1796875 0.90625
vt 0.1640625 0.90625
vt 0.1640625 0.890625
vt 0.1796875 0.890625
vt 0.1328125 0.8203125
vt 0.1328125 0.8359375
vt 0.1171875 0.8359375
vt 0.1171875 0.8203125
vt 0 0.984375
vt 0 1
vt 0 0.984375
vt 0 1
vt 0 0.984375
vt 0 0.984375
vt 0 1
vt 0 1
vt 0 1
vt 0 1
vt 0 1
vt 0 1
vt 0 1
vt 0 1
vt 0 1
vt 0 1
vn -0.8191520442889919 -0.5735764363510458 0
vn 0.8191520442889919 0.5735764363510458 0
vn 0 0 0
vn 0 0 0
vn 0 0 0
vn 0 0 0
usemtl m_2f782488-5985-7342-163e-a8a36ac958ed
f 210/625/157 209/626/157 211/627/157 212/628/157
f 215/629/158 213/630/158 214/631/158 216/632/158
f 209/633/159 210/634/159 213/635/159 214/636/159
f 211/637/160 215/638/160 212/639/160 216/640/160
f 209/641/161 213/642/161 211/643/161 215/644/161
f 210/645/162 212/646/162 214/647/162 216/648/162
o cuboid
v 0.4858574807784616 0.6335992454005894 0.0625
v 0.4858574807784616 0.6335992454005894 -0.0625
v 0.4380220517328254 0.7490841869645002 0.0625
v 0.4380220517328254 0.7490841869645002 -0.0625
v 0.4858574807784616 0.6335992454005894 0.0625
v 0.4858574807784616 0.6335992454005894 -0.0625
v 0.4380220517328254 0.7490841869645002 0.0625
v 0.4380220517328254 0.7490841869645002 -0.0625
vt 0.1796875 0.8828125
vt 0.1640625 0.8828125
vt 0.1640625 0.8671875
vt 0.1796875 0.8671875
vt 0.15625 0.8203125
vt 0.15625 0.8359375
vt 0.140625 0.8359375
vt 0.140625 0.8203125
vt 0 0.984375
vt 0 1
vt 0 0.984375
vt 0 1
vt 0 0.984375
vt 0 0.984375
vt 0 1
vt 0 1
vt 0 1
vt 0 1
vt 0 1
vt 0 1
vt 0 1
vt 0 1
vt 0 1
vt 0 1
vn -0.923879532511287 -0.3826834323650896 0
vn 0.923879532511287 0.3826834323650896 0
vn 0 0 0
vn 0 0 0
vn 0 0 0
vn 0 0 0
usemtl m_2f782488-5985-7342-163e-a8a36ac958ed
f 218/649/163 217/650/163 219/651/163 220/652/163
f 223/653/164 221/654/164 222/655/164 224/656/164
f 217/657/165 218/658/165 221/659/165 222/660/165
f 219/661/166 223/662/166 220/663/166 224/664/166
f 217/665/167 221/666/167 219/667/167 223/668/167
f 218/669/168 220/670/168 222/671/168 224/672/168
o cuboid
v 0.5032568876102872 0.525273604270202 0.0625
v 0.5032568876102872 0.525273604270202 -0.0625
v 0.48155086540192094 0.6483745733967281 0.0625
v 0.48155086540192094 0.6483745733967281 -0.0625
v 0.5032568876102872 0.525273604270202 0.0625
v 0.5032568876102872 0.525273604270202 -0.0625
v 0.48155086540192094 0.6483745733967281 0.0625
v 0.48155086540192094 0.6483745733967281 -0.0625
vt 0.1796875 0.859375
vt 0.1640625 0.859375
vt 0.1640625 0.84375
vt 0.1796875 0.84375
vt 0.1796875 0.8203125
vt 0.1796875 0.8359375
vt 0.1640625 0.8359375
vt 0.1640625 0.8203125
vt 0 0.984375
vt 0 1
vt 0 0.984375
vt 0 1
vt 0 0.984375
vt 0 0.984375
vt 0 1
vt 0 1
vt 0 1
vt 0 1
vt 0 1
vt 0 1
vt 0 1
vt 0 1
vt 0 1
vt 0 1
vn -0.9848077530122081 -0.17364817766693008 0
vn 0.9848077530122081 0.17364817766693008 0
vn 0 0 0
vn 0 0 0
vn 0 0 0
vn 0 0 0
usemtl m_2f782488-5985-7342-163e-a8a36ac958ed
f 226/673/169 225/674/169 227/675/169 228/676/169
f 231/677/170 229/678/170 230/679/170 232/680/170
f 225/681/171 226/682/171 229/683/171 230/684/171
f 227/685/172 231/686/172 228/687/172 232/688/172
f 225/689/173 229/690/173 227/691/173 231/692/173
f 226/693/174 228/694/174 230/695/174 232/696/174
o cuboid
v 0.5 0.5624999999999999 0.06250000000000012
v 0.5 0.4374999999999999 0.0625000000000001
v 0.5 0.5624999999999999 -0.062499999999999875
v 0.5 0.4374999999999999 -0.0624999999999999
v 0.5 0.5624999999999999 0.06250000000000012
v 0.5 0.4374999999999999 0.0625000000000001
v 0.5 0.5624999999999999 -0.062499999999999875
v 0.5 0.4374999999999999 -0.0624999999999999
vt 0.015625 0.8125
vt 0 0.8125
vt 0 0.796875
vt 0.015625 0.796875
vt 0.203125 0.984375
vt 0.203125 1
vt 0.1875 1
vt 0.1875 0.984375
vt 0 0.984375
vt 0 1
vt 0 0.984375
vt 0 1
vt 0 0.984375
vt 0 0.984375
vt 0 1
vt 0 1
vt 0 1
vt 0 1
vt 0 1
vt 0 1
vt 0 1
vt 0 1
vt 0 1
vt 0 1
vn -1 2.2204460492503136e-16 -2.220446049250313e-16
vn 1 -2.2204460492503136e-16 2.220446049250313e-16
vn 0 0 0
vn 0 0 0
vn 0 0 0
vn 0 0 0
usemtl m_2f782488-5985-7342-163e-a8a36ac958ed
f 234/697/175 233/698/175 235/699/175 236/700/175
f 239/701/176 237/702/176 238/703/176 240/704/176
f 233/705/177 234/706/177 237/707/177 238/708/177
f 235/709/178 239/710/178 236/711/178 240/712/178
f 233/713/179 237/714/179 235/715/179 239/716/179
f 234/717/180 236/718/180 238/719/180 240/720/180
o cuboid
v 0.47462052768883517 0.5624999999999999 0.16923830741404738
v 0.47462052768883517 0.4374999999999999 0.16923830741404733
v 0.501675479431098 0.5624999999999999 0.04720130652405572
v 0.501675479431098 0.4374999999999999 0.04720130652405569
v 0.47462052768883517 0.5624999999999999 0.16923830741404738
v 0.47462052768883517 0.4374999999999999 0.16923830741404733
v 0.501675479431098 0.5624999999999999 0.04720130652405572
v 0.501675479431098 0.4374999999999999 0.04720130652405569
vt 0.0390625 0.8125
vt 0.0234375 0.8125
vt 0.0234375 0.796875
vt 0.0390625 0.796875
vt 0.203125 0.9609375
vt 0.203125 0.9765625
vt 0.1875 0.9765625
vt 0.1875 0.9609375
vt 0 0.984375
vt 0 1
vt 0 0.984375
vt 0 1
vt 0 0.984375
vt 0 0.984375
vt 0 1
vt 0 1
vt 0 1
vt 0 1
vt 0 1
vt 0 1
vt 0 1
vt 0 1
vt 0 1
vt 0 1
vn -0.9762960071199333 2.6484050975784355e-16 -0.21643961393810307
vn 0.9762960071199333 -2.6484050975784355e-16 0.21643961393810307
vn 0 0 0
vn 0 0 0
vn 0 0 0
vn 0 0 0
usemtl m_2f782488-5985-7342-163e-a8a36ac958ed
f 242/721/181 241/722/181 243/723/181 244/724/181
f 247/725/182 245/726/182 246/727/182 248/728/182
f 241/729/183 242/730/183 245/731/183 246/732/183
f 243/733/184 247/734/184 244/735/184 248/736/184
f 241/737/185 245/738/185 243/739/185 247/740/185
f 242/741/186 244/742/186 246/743/186 248/744/186
o cuboid
v 0.4267402521595313 0.5624999999999999 0.26795336756014027
v 0.4267402521595313 0.43749999999999983 0.26795336756014027
v 0.47956753487711873 0.5624999999999999 0.154664894180559
v 0.47956753487711873 0.4374999999999999 0.154664894180559
v 0.4267402521595313 0.5624999999999999 0.26795336756014027
v 0.4267402521595313 0.43749999999999983 0.26795336756014027
v 0.47956753487711873 0.5624999999999999 0.154664894180559
v 0.47956753487711873 0.4374999999999999 0.154664894180559
vt 0.0625 0.8125
vt 0.046875 0.8125
vt 0.046875 0.796875
vt 0.0625 0.796875
vt 0.203125 0.9375
vt 0.203125 0.953125
vt 0.1875 0.953125
vt 0.1875 0.9375
vt 0 0.984375
vt 0 1
vt 0 0.984375
vt 0 1
vt 0 0.984375
vt 0 0.984375
vt 0 1
vt 0 1
vt 0 1
vt 0 1
vt 0 1
vt 0 1
vt 0 1
vt 0 1
vt 0 1
vt 0 1
vn -0.90630778703665 2.950808594753494e-16 -0.4226182617406993
vn 0.90630778703665 -2.950808594753494e-16 0.4226182617406993
vn 0 0 0
vn 0 0 0
vn 0 0 0
vn 0 0 0
usemtl m_2f782488-5985-7342-163e-a8a36ac958ed
f 250/745/187 249/746/187 251/747/187 252/748/187
f 255/749/188 253/750/188 254/751/188 256/752/188
f 249/753/189 250/754/189 253/755/189 254/756/189
f 251/757/190 255/758/190 252/759/190 256/760/190
f 249/761/191 253/762/191 251/763/191 255/764/191
f 250/765/192 252/766/192 254/767/192 256/768/192
o cuboid
v 0.35862908083257256 0.5624999999999999 0.3539652982725625
v 0.35862908083257256 0.43749999999999983 0.3539652982725625
v 0.4347242594586626 0.5624999999999999 0.25479613073615814
v 0.4347242594586626 0.43749999999999983 0.25479613073615814
v 0.35862908083257256 0.5624999999999999 0.3539652982725625
v 0.35862908083257256 0.43749999999999983 0.3539652982725625
v 0.4347242594586626 0.5624999999999999 0.25479613073615814
v 0.4347242594586626 0.43749999999999983 0.25479613073615814
vt 0.0859375 0.8125
vt 0.0703125 0.8125
vt 0.0703125 0.796875
vt 0.0859375 0.796875
vt 0.203125 0.9140625
vt 0.203125 0.9296875
vt 0.1875 0.9296875
vt 0.1875 0.9140625
vt 0 0.984375
vt 0 1
vt 0 0.984375
vt 0 1
vt 0 0.984375
vt 0 0.984375
vt 0 1
vt 0 1
vt 0 1
vt 0 1
vt 0 1
vt 0 1
vt 0 1
vt 0 1
vt 0 1
vt 0 1
vn -0.7933533402912352 3.113320200087601e-16 -0.6087614290087207
vn 0.7933533402912352 -3.113320200087601e-16 0.6087614290087207
vn 0 0 0
vn 0 0 0
vn 0 0 0
vn 0 0 0
usemtl m_2f782488-5985-7342-163e-a8a36ac958ed
f 258/769/193 257/770/193 259/771/193 260/772/193
f 263/773/194 261/774/194 262/775/194 264/776/194
f 257/777/195 258/778/195 261/779/195 262/780/195
f 259/781/196 263/782/196 260/783/196 264/784/196
f 257/785/197 261/786/197 259/787/197 263/788/197
f 258/789/198 260/790/198 262/791/198 264/792/198
o cuboid
v 0.27351602714833356 0.5624999999999999 0.4231964471648978
v 0.27351602714833356 0.43749999999999983 0.4231964471648978
v 0.3692715825382058 0.5624999999999999 0.34284799595408033
v 0.3692715825382058 0.43749999999999983 0.34284799595408033
v 0.27351602714833356 0.5624999999999999 0.4231964471648978
v 0.27351602714833356 0.43749999999999983 0.4231964471648978
v 0.3692715825382058 0.5624999999999999 0.34284799595408033
v 0.3692715825382058 0.43749999999999983 0.34284799595408033
vt 0.109375 0.8125
vt 0.09375 0.8125
vt 0.09375 0.796875
vt 0.109375 0.796875
vt 0.203125 0.890625
vt 0.203125 0.90625
vt 0.1875 0.90625
vt 0.1875 0.890625
vt 0 0.984375
vt 0 1
vt 0 0.984375
vt 0 1
vt 0 0.984375
vt 0 0.984375
vt 0 1
vt 0 1
vt 0 1
vt 0 1
vt 0 1
vt 0 1
vt 0 1
vt 0 1
vt 0 1
vt 0 1
vn -0.6427876096865394 3.12823556570922e-16 -0.7660444431189781
vn 0.6427876096865394 -3.12823556570922e-16 0.7660444431189781
vn 0 0 0
vn 0 0 0
vn 0 0 0
vn 0 0 0
usemtl m_2f782488-5985-7342-163e-a8a36ac958ed
f 266/793/199 265/794/199 267/795/199 268/796/199
f 271/797/200 269/798/200 270/799/200 272/800/200
f 265/801/201 266/802/201 269/803/201 270/804/201
f 267/805/202 271/806/202 268/807/202 272/808/202
f 265/809/203 269/810/203 267/811/203 271/812/203
f 266/813/204 268/814/204 270/815/204 272/816/204
o cuboid
v 0.1754361295438781 0.5624999999999999 0.47236470491630045
v 0.1754361295438781 0.4374999999999999 0.47236470491630045
v 0.2863124836911558 0.5624999999999999 0.41464612826192127
v 0.2863124836911558 0.43749999999999983 0.41464612826192127
v 0.1754361295438781 0.5624999999999999 0.47236470491630045
v 0.1754361295438781 0.4374999999999999 0.47236470491630045
v 0.2863124836911558 0.5624999999999999 0.41464612826192127
v 0.2863124836911558 0.43749999999999983 0.41464612826192127
vt 0.1328125 0.8125
vt 0.1171875 0.8125
vt 0.1171875 0.796875
vt 0.1328125 0.796875
vt 0.203125 0.8671875
vt 0.203125 0.8828125
vt 0.1875 0.8828125
vt 0.1875 0.8671875
vt 0 0.984375
vt 0 1
vt 0 0.984375
vt 0 1
vt 0 0.984375
vt 0 0.984375
vt 0 1
vt 0 1
vt 0 1
vt 0 1
vt 0 1
vt 0 1
vt 0 1
vt 0 1
vt 0 1
vt 0 1
vn -0.4617486132350339 2.9948475841773526e-16 -0.8870108331782217
vn 0.4617486132350339 -2.9948475841773526e-16 0.8870108331782217
vn 0 0 0
vn 0 0 0
vn 0 0 0
vn 0 0 0
usemtl m_2f782488-5985-7342-163e-a8a36ac958ed
f 274/817/205 273/818/205 275/819/205 276/820/205
f 279/821/206 277/822/206 278/823/206 280/824/206
f 273/825/207 274/826/207 277/827/207 278/828/207
f 275/829/208 279/830/208 276/831/208 280/832/208
f 273/833/209 277/834/209 275/835/209 279/836/209
f 274/837/210 276/838/210 278/839/210 280/840/210
o cuboid
v 0.06903915840819362 0.5624999999999999 0.4991391034634417
v 0.0690391584081936 0.4374999999999999 0.4991391034634417
v 0.18977988669432716 0.5624999999999999 0.4667867228256266
v 0.1897798866943271 0.43749999999999983 0.4667867228256266
v 0.06903915840819362 0.5624999999999999 0.4991391034634417
v 0.0690391584081936 0.4374999999999999 0.4991391034634417
v 0.18977988669432716 0.5624999999999999 0.4667867228256266
v 0.1897798866943271 0.43749999999999983 0.4667867228256266
vt 0.15625 0.8125
vt 0.140625 0.8125
vt 0.140625 0.796875
vt 0.15625 0.796875
vt 0.203125 0.84375
vt 0.203125 0.859375
vt 0.1875 0.859375
vt 0.1875 0.84375
vt 0 0.984375
vt 0 1
vt 0 0.984375
vt 0 1
vt 0 0.984375
vt 0 0.984375
vt 0 1
vt 0 1
vt 0 1
vt 0 1
vt 0 1
vt 0 1
vt 0 1
vt 0 1
vt 0 1
vt 0 1
vn -0.25881904510252074 2.7194799110210365e-16 -0.9659258262890683
vn 0.25881904510252074 -2.7194799110210365e-16 0.9659258262890683
vn 0 0 0
vn 0 0 0
vn 0 0 0
vn 0 0 0
usemtl m_2f782488-5985-7342-163e-a8a36ac958ed
f 282/841/211 281/842/211 283/843/211 284/844/211
f 287/845/212 285/846/212 286/847/212 288/848/212
f 281/849/213 282/850/213 285/851/213 286/852/213
f 283/853/214 287/854/214 284/855/214 288/856/214
f 281/857/215 285/858/215 283/859/215 287/860/215
f 282/861/216 284/862/216 286/863/216 288/864/216
o cuboid
v -0.040630820166198095 0.5624999999999999 0.5022503225012624
v -0.04063082016619812 0.4374999999999999 0.5022503225012624
v 0.08425020753153413 0.5624999999999999 0.4967978990805954
v 0.0842502075315341 0.4374999999999999 0.4967978990805954
v -0.040630820166198095 0.5624999999999999 0.5022503225012624
v -0.04063082016619812 0.4374999999999999 0.5022503225012624
v 0.08425020753153413 0.5624999999999999 0.4967978990805954
v 0.0842502075315341 0.4374999999999999 0.4967978990805954
vt 0.1796875 0.8125
vt 0.1640625 0.8125
vt 0.1640625 0.796875
vt 0.1796875 0.796875
vt 0.203125 0.8203125
vt 0.203125 0.8359375
vt 0.1875 0.8359375
vt 0.1875 0.8203125
vt 0 0.984375
vt 0 1
vt 0 0.984375
vt 0 1
vt 0 0.984375
vt 0 0.984375
vt 0 1
vt 0 1
vt 0 1
vt 0 1
vt 0 1
vt 0 1
vt 0 1
vt 0 1
vt 0 1
vt 0 1
vn -0.043619387365336 2.315187172968067e-16 -0.9990482215818578
vn 0.043619387365336 -2.315187172968067e-16 0.9990482215818578
vn 0 0 0
vn 0 0 0
vn 0 0 0
vn 0 0 0
usemtl m_2f782488-5985-7342-163e-a8a36ac958ed
f 290/865/217 289/866/217 291/867/217 292/868/217
f 295/869/218 293/870/218 294/871/218 296/872/218
f 289/873/219 290/874/219 293/875/219 294/876/219
f 291/877/220 295/878/220 292/879/220 296/880/220
f 289/881/221 293/882/221 291/883/221 295/884/221
f 290/885/222 292/886/222 294/887/222 296/888/222
o cuboid
v -0.14837457339672816 0.5624999999999999 0.4815508654019209
v -0.14837457339672816 0.43749999999999994 0.4815508654019209
v -0.02527360427020215 0.5624999999999999 0.5032568876102872
v -0.025273604270202178 0.4374999999999999 0.5032568876102872
v -0.14837457339672816 0.5624999999999999 0.4815508654019209
v -0.14837457339672816 0.43749999999999994 0.4815508654019209
v -0.02527360427020215 0.5624999999999999 0.5032568876102872
v -0.025273604270202178 0.4374999999999999 0.5032568876102872
vt 0.203125 0.8125
vt 0.1875 0.8125
vt 0.1875 0.796875
vt 0.203125 0.796875
vt 0.015625 0.7734375
vt 0.015625 0.7890625
vt 0 0.7890625
vt 0 0.7734375
vt 0 0.984375
vt 0 1
vt 0 0.984375
vt 0 1
vt 0 0.984375
vt 0 0.984375
vt 0 1
vt 0 1
vt 0 1
vt 0 1
vt 0 1
vt 0 1
vt 0 1
vt 0 1
vt 0 1
vt 0 1
vn 0.17364817766693033 1.8011360743869836e-16 -0.984807753012208
vn -0.17364817766693033 -1.8011360743869836e-16 0.984807753012208
vn 0 0 0
vn 0 0 0
vn 0 0 0
vn 0 0 0
usemtl m_2f782488-5985-7342-163e-a8a36ac958ed
f 298/889/223 297/890/223 299/891/223 300/892/223
f 303/893/224 301/894/224 302/895/224 304/896/224
f 297/897/225 298/898/225 301/899/225 302/900/225
f 299/901/226 303/902/226 300/903/226 304/904/226
f 297/905/227 301/906/227 299/907/227 303/908/227
f 298/909/228 300/910/228 302/911/228 304/912/228
o cuboid
v -0.2490841869645003 0.5625 0.43802205173282527
v -0.2490841869645003 0.43749999999999994 0.43802205173282527
v -0.13359924540058943 0.5624999999999999 0.48585748077846147
v -0.13359924540058943 0.4374999999999999 0.48585748077846147
v -0.2490841869645003 0.5625 0.43802205173282527
v -0.2490841869645003 0.43749999999999994 0.43802205173282527
v -0.13359924540058943 0.5624999999999999 0.48585748077846147
v -0.13359924540058943 0.4374999999999999 0.48585748077846147
vt 0.2265625 1
vt 0.2109375 1
vt 0.2109375 0.984375
vt 0.2265625 0.984375
vt 0.0390625 0.7734375
vt 0.0390625 0.7890625
vt 0.0234375 0.7890625
vt 0.0234375 0.7734375
vt 0 0.984375
vt 0 1
vt 0 0.984375
vt 0 1
vt 0 0.984375
vt 0 0.984375
vt 0 1
vt 0 1
vt 0 1
vt 0 1
vt 0 1
vt 0 1
vt 0 1
vt 0 1
vt 0 1
vt 0 1
vn 0.3826834323650897 1.2016967424393e-16 -0.9238795325112867
vn -0.3826834323650897 -1.2016967424393e-16 0.9238795325112867
vn 0 0 0
vn 0 0 0
vn 0 0 0
vn 0 0 0
usemtl m_2f782488-5985-7342-163e-a8a36ac958ed
f 306/913/229 305/914/229 307/915/229 308/916/229
f 311/917/230 309/918/230 310/919/230 312/920/230
f 305/921/231 306/922/231 309/923/231 310/924/231
f 307/925/232 311/926/232 308/927/232 312/928/232
f 305/929/233 309/930/233 307/931/233 311/932/233
f 306/933/234 308/934/234 310/935/234 312/936/234
o cuboid
v -0.337985220943585 0.5625 0.3737274948725555
v -0.337985220943585 0.4375 0.3737274948725555
v -0.23559121540746103 0.5625 0.4454245494164363
v -0.23559121540746103 0.43749999999999994 0.4454245494164363
v -0.337985220943585 0.5625 0.3737274948725555
v -0.337985220943585 0.4375 0.3737274948725555
v -0.23559121540746103 0.5625 0.4454245494164363
v -0.23559121540746103 0.43749999999999994 0.4454245494164363
vt 0.2265625 0.9765625
vt 0.2109375 0.9765625
vt 0.2109375 0.9609375
vt 0.2265625 0.9609375
vt 0.0625 0.7734375
vt 0.0625 0.7890625
vt 0.046875 0.7890625
vt 0.046875 0.7734375
vt 0 0.984375
vt 0 1
vt 0 0.984375
vt 0 1
vt 0 0.984375
vt 0 0.984375
vt 0 1
vt 0 1
vt 0 1
vt 0 1
vt 0 1
vt 0 1
vt 0 1
vt 0 1
vt 0 1
vt 0 1
vn 0.573576436351046 5.4528738843805547e-17 -0.8191520442889918
vn -0.573576436351046 -5.4528738843805547e-17 0.8191520442889918
vn 0 0 0
vn 0 0 0
vn 0 0 0
vn 0 0 0
usemtl m_2f782488-5985-7342-163e-a8a36ac958ed
f 314/937/235 313/938/235 315/939/235 316/940/235
f 319/941/236 317/942/236 318/943/236 320/944/236
f 313/945/237 314/946/237 317/947/237 318/948/237
f 315/949/238 319/950/238 316/951/238 320/952/238
f 313/953/239 317/954/239 315/955/239 319/956/239
f 314/957/240 316/958/240 318/959/240 320/960/240
o cuboid
v -0.41086305638104076 0.5625 0.29171527025719735
v -0.41086305638104076 0.4375 0.29171527025719735
v -0.3264142804290832 0.5625 0.3838749373584629
v -0.3264142804290832 0.4375 0.3838749373584629
v -0.41086305638104076 0.5625 0.29171527025719735
v -0.41086305638104076 0.4375 0.29171527025719735
v -0.3264142804290832 0.5625 0.3838749373584629
v -0.3264142804290832 0.4375 0.3838749373584629
vt 0.2265625 0.953125
vt 0.2109375 0.953125
vt 0.2109375 0.9375
vt 0.2265625 0.9375
vt 0.0859375 0.7734375
vt 0.0859375 0.7890625
vt 0.0703125 0.7890625
vt 0.0703125 0.7734375
vt 0 0.984375
vt 0 1
vt 0 0.984375
vt 0 1
vt 0 0.984375
vt 0 0.984375
vt 0 1
vt 0 1
vt 0 1
vt 0 1
vt 0 1
vt 0 1
vt 0 1
vt 0 1
vt 0 1
vt 0 1
vn 0.7372773368101241 -1.3697294230944067e-17 -0.6755902076156604
vn -0.7372773368101241 1.3697294230944067e-17 0.6755902076156604
vn 0 0 0
vn 0 0 0
vn 0 0 0
vn 0 0 0
usemtl m_2f782488-5985-7342-163e-a8a36ac958ed
f 322/961/241 321/962/241 323/963/241 324/964/241
f 327/965/242 325/966/242 326/967/242 328/968/242
f 321/969/243 322/970/243 325/971/243 326/972/243
f 323/973/244 327/974/244 324/975/244 328/976/244
f 321/977/245 325/978/245 323/979/245 327/980/245
f 322/981/246 324/982/246 326/983/246 328/984/246
o cuboid
v -0.4642627018922193 0.5625 0.19587341226347266
v -0.4642627018922193 0.43750000000000006 0.19587341226347266
v -0.4017627018922193 0.5625 0.30412658773652745
v -0.4017627018922193 0.4375 0.30412658773652745
v -0.4642627018922193 0.5625 0.19587341226347266
v -0.4642627018922193 0.43750000000000006 0.19587341226347266
v -0.4017627018922193 0.5625 0.30412658773652745
v -0.4017627018922193 0.4375 0.30412658773652745
vt 0.2265625 0.9296875
vt 0.2109375 0.9296875
vt 0.2109375 0.9140625
vt 0.2265625 0.9140625
vt 0.109375 0.7734375
vt 0.109375 0.7890625
vt 0.09375 0.7890625
vt 0.09375 0.7734375
vt 0 0.984375
vt 0 1
vt 0 0.984375
vt 0 1
vt 0 0.984375
vt 0 0.984375
vt 0 1
vt 0 1
vt 0 1
vt 0 1
vt 0 1
vt 0 1
vt 0 1
vt 0 1
vt 0 1
vt 0 1
vn 0.8660254037844386 -8.12739661758407e-17 -0.5000000000000001
vn -0.8660254037844386 8.12739661758407e-17 0.5000000000000001
vn 0 0 0
vn 0 0 0
vn 0 0 0
vn 0 0 0
usemtl m_2f782488-5985-7342-163e-a8a36ac958ed
f 330/985/247 329/986/247 331/987/247 332/988/247
f 335/989/248 333/990/248 334/991/248 336/992/248
f 329/993/249 330/994/249 333/995/249 334/996/249
f 331/997/250 335/998/250 332/999/250 336/1000/250
f 329/1001/251 333/1002/251 331/1003/251 335/1004/251
f 330/1005/252 332/1006/252 334/1007/252 336/1008/252
o cuboid
v -0.49565258784313054 0.5625000000000001 0.09074559033037245
v -0.49565258784313054 0.4375000000000001 0.09074559033037242
v -0.4580643629050964 0.5625 0.2099602091739008
v -0.4580643629050964 0.43750000000000006 0.2099602091739008
v -0.49565258784313054 0.5625000000000001 0.09074559033037245
v -0.49565258784313054 0.4375000000000001 0.09074559033037242
v -0.4580643629050964 0.5625 0.2099602091739008
v -0.4580643629050964 0.43750000000000006 0.2099602091739008
vt 0.2265625 0.90625
vt 0.2109375 0.90625
vt 0.2109375 0.890625
vt 0.2265625 0.890625
vt 0.1328125 0.7734375
vt 0.1328125 0.7890625
vt 0.1171875 0.7890625
vt 0.1171875 0.7734375
vt 0 0.984375
vt 0 1
vt 0 0.984375
vt 0 1
vt 0 0.984375
vt 0 0.984375
vt 0 1
vt 0 1
vt 0 1
vt 0 1
vt 0 1
vt 0 1
vt 0 1
vt 0 1
vt 0 1
vt 0 1
vn 0.9537169507482269 -1.4499760308960357e-16 -0.30070579950427323
vn -0.9537169507482269 1.4499760308960357e-16 0.30070579950427323
vn 0 0 0
vn 0 0 0
vn 0 0 0
vn 0 0 0
usemtl m_2f782488-5985-7342-163e-a8a36ac958ed
f 338/1009/253 337/1010/253 339/1011/253 340/1012/253
f 343/1013/254 341/1014/254 342/1015/254 344/1016/254
f 337/1017/255 338/1018/255 341/1019/255 342/1020/255
f 339/1021/256 343/1022/256 340/1023/256 344/1024/256
f 337/1025/257 341/1026/257 339/1027/257 343/1028/257
f 338/1029/258 340/1030/258 342/1031/258 344/1032/258
o cuboid
v -0.5035445829676014 0.5625000000000001 -0.01868429725690484
v -0.5035445829676014 0.4375000000000001 -0.018684297256904868
v -0.4926501151241441 0.5625000000000001 0.10584004000456333
v -0.4926501151241441 0.4375000000000001 0.1058400400045633
v -0.5035445829676014 0.5625000000000001 -0.01868429725690484
v -0.5035445829676014 0.4375000000000001 -0.018684297256904868
v -0.4926501151241441 0.5625000000000001 0.10584004000456333
v -0.4926501151241441 0.4375000000000001 0.1058400400045633
vt 0.2265625 0.8828125
vt 0.2109375 0.8828125
vt 0.2109375 0.8671875
vt 0.2265625 0.8671875
vt 0.15625 0.7734375
vt 0.15625 0.7890625
vt 0.140625 0.7890625
vt 0.140625 0.7734375
vt 0 0.984375
vt 0 1
vt 0 0.984375
vt 0 1
vt 0 0.984375
vt 0 0.984375
vt 0 1
vt 0 1
vt 0 1
vt 0 1
vt 0 1
vt 0 1
vt 0 1
vt 0 1
vt 0 1
vt 0 1
vn 0.9961946980917457 -2.0184719570084102e-16 -0.08715574274765849
vn -0.9961946980917457 2.0184719570084102e-16 0.08715574274765849
vn 0 0 0
vn 0 0 0
vn 0 0 0
vn 0 0 0
usemtl m_2f782488-5985-7342-163e-a8a36ac958ed
f 346/1033/259 345/1034/259 347/1035/259 348/1036/259
f 351/1037/260 349/1038/260 350/1039/260 352/1040/260
f 345/1041/261 346/1042/261 349/1043/261 350/1044/261
f 347/1045/262 351/1046/262 348/1047/262 352/1048/262
f 345/1049/263 349/1050/263 347/1051/263 351/1052/263
f 346/1053/264 348/1054/264 350/1055/264 352/1056/264
o cuboid
v -0.48756454367315205 0.5625000000000001 -0.12722839994588891
v -0.48756454367315205 0.4375000000000001 -0.12722839994588897
v -0.5038803177006584 0.5625000000000001 -0.003297792274162617
v -0.5038803177006584 0.4375000000000001 -0.0032977922741626448
v -0.48756454367315205 0.5625000000000001 -0.12722839994588891
v -0.48756454367315205 0.4375000000000001 -0.12722839994588897
v -0.5038803177006584 0.5625000000000001 -0.003297792274162617
v -0.5038803177006584 0.4375000000000001 -0.0032977922741626448
vt 0.2265625 0.859375
vt 0.2109375 0.859375
vt 0.2109375 0.84375
vt 0.2265625 0.84375
vt 0.1796875 0.7734375
vt 0.1796875 0.7890625
vt 0.1640625 0.7890625
vt 0.1640625 0.7734375
vt 0 0.984375
vt 0 1
vt 0 0.984375
vt 0 1
vt 0 0.984375
vt 0 0.984375
vt 0 1
vt 0 1
vt 0 1
vt 0 1
vt 0 1
vt 0 1
vt 0 1
vt 0 1
vt 0 1
vt 0 1
vn 0.9914448613738105 -2.4912761933257023e-16 0.13052619222005157
vn -0.9914448613738105 2.4912761933257023e-16 -0.13052619222005157
vn 0 0 0
vn 0 0 0
vn 0 0 0
vn 0 0 0
usemtl m_2f782488-5985-7342-163e-a8a36ac958ed
f 354/1057/265 353/1058/265 355/1059/265 356/1060/265
f 359/1061/266 357/1062/266 358/1063/266 360/1064/266
f 353/1065/267 354/1066/267 357/1067/267 358/1068/267
f 355/1069/268 359/1070/268 356/1071/268 360/1072/268
f 353/1073/269 357/1074/269 355/1075/269 359/1076/269
f 354/1077/270 356/1078/270 358/1079/270 360/1080/270
o cuboid
v -0.4484700514350999 0.5625000000000001 -0.22974086046195347
v -0.4484700514350999 0.43750000000000017 -0.22974086046195352
v -0.49122256935080844 0.5625000000000001 -0.11227928286371493
v -0.49122256935080844 0.4375000000000001 -0.11227928286371495
v -0.4484700514350999 0.5625000000000001 -0.22974086046195347
v -0.4484700514350999 0.43750000000000017 -0.22974086046195352
v -0.49122256935080844 0.5625000000000001 -0.11227928286371493
v -0.49122256935080844 0.4375000000000001 -0.11227928286371495
vt 0.2265625 0.8359375
vt 0.2109375 0.8359375
vt 0.2109375 0.8203125
vt 0.2265625 0.8203125
vt 0.203125 0.7734375
vt 0.203125 0.7890625
vt 0.1875 0.7890625
vt 0.1875 0.7734375
vt 0 0.984375
vt 0 1
vt 0 0.984375
vt 0 1
vt 0 0.984375
vt 0 0.984375
vt 0 1
vt 0 1
vt 0 1
vt 0 1
vt 0 1
vt 0 1
vt 0 1
vt 0 1
vt 0 1
vt 0 1
vn 0.9396926207859085 -2.8459740433452503e-16 0.34202014332566855
vn -0.9396926207859085 2.8459740433452503e-16 -0.34202014332566855
vn 0 0 0
vn 0 0 0
vn 0 0 0
vn 0 0 0
usemtl m_2f782488-5985-7342-163e-a8a36ac958ed
f 362/1081/271 361/1082/271 363/1083/271 364/1084/271
f 367/1085/272 365/1086/272 366/1087/272 368/1088/272
f 361/1089/273 362/1090/273 365/1091/273 366/1092/273
f 363/1093/274 367/1094/274 364/1095/274 368/1096/274
f 361/1097/275 365/1098/275 363/1099/275 367/1100/275
f 362/1101/276 364/1102/276 366/1103/276 368/1104/276
o cuboid
v -0.38811449738476644 0.5625000000000001 -0.32136176953671725
v -0.38811449738476644 0.43750000000000017 -0.32136176953671725
v -0.4552769484281194 0.5625000000000001 -0.21593783881010653
v -0.4552769484281194 0.43750000000000017 -0.21593783881010653
v -0.38811449738476644 0.5625000000000001 -0.32136176953671725
v -0.38811449738476644 0.43750000000000017 -0.32136176953671725
v -0.4552769484281194 0.5625000000000001 -0.21593783881010653
v -0.4552769484281194 0.43750000000000017 -0.21593783881010653
vt 0.2265625 0.8125
vt 0.2109375 0.8125
vt 0.2109375 0.796875
vt 0.2265625 0.796875
vt 0.2265625 0.7734375
vt 0.2265625 0.7890625
vt 0.2109375 0.7890625
vt 0.2109375 0.7734375
vt 0 0.984375
vt 0 1
vt 0 0.984375
vt 0 1
vt 0 0.984375
vt 0 0.984375
vt 0 1
vt 0 1
vt 0 1
vt 0 1
vt 0 1
vt 0 1
vt 0 1
vt 0 1
vt 0 1
vt 0 1
vn 0.8433914458128858 -3.0657499964441775e-16 0.5372996083468238
vn -0.8433914458128858 3.0657499964441775e-16 -0.5372996083468238
vn 0 0 0
vn 0 0 0
vn 0 0 0
vn 0 0 0
usemtl m_2f782488-5985-7342-163e-a8a36ac958ed
f 370/1105/277 369/1106/277 371/1107/277 372/1108/277
f 375/1109/278 373/1110/278 374/1111/278 376/1112/278
f 369/1113/279 370/1114/279 373/1115/279 374/1116/279
f 371/1117/280 375/1118/280 372/1119/280 376/1120/280
f 369/1121/281 373/1122/281 371/1123/281 375/1124/281
f 370/1125/282 372/1126/282 374/1127/282 376/1128/282
o cuboid
v -0.3093592167691146 0.5625000000000001 -0.397747564417433
v -0.3093592167691146 0.43750000000000017 -0.397747564417433
v -0.3977475644174331 0.5625000000000001 -0.3093592167691145
v -0.3977475644174331 0.43750000000000017 -0.3093592167691145
v -0.3093592167691146 0.5625000000000001 -0.397747564417433
v -0.3093592167691146 0.43750000000000017 -0.397747564417433
v -0.3977475644174331 0.5625000000000001 -0.3093592167691145
v -0.3977475644174331 0.43750000000000017 -0.3093592167691145
vt 0.015625 0.765625
vt 0 0.765625
vt 0 0.75
vt 0.015625 0.75
vt 0.25 0.984375
vt 0.25 1
vt 0.234375 1
vt 0.234375 0.984375
vt 0 0.984375
vt 0 1
vt 0 0.984375
vt 0 1
vt 0 0.984375
vt 0 0.984375
vt 0 1
vt 0 1
vt 0 1
vt 0 1
vt 0 1
vt 0 1
vt 0 1
vt 0 1
vt 0 1
vt 0 1
vn 0.7071067811865477 -3.1401849173675503e-16 0.7071067811865475
vn -0.7071067811865477 3.1401849173675503e-16 -0.7071067811865475
vn 0 0 0
vn 0 0 0
vn 0 0 0
vn 0 0 0
usemtl m_2f782488-5985-7342-163e-a8a36ac958ed
f 378/1129/283 377/1130/283 379/1131/283 380/1132/283
f 383/1133/284 381/1134/284 382/1135/284 384/1136/284
f 377/1137/285 378/1138/285 381/1139/285 382/1140/285
f 379/1141/286 383/1142/286 380/1143/286 384/1144/286
f 377/1145/287 381/1146/287 379/1147/287 383/1148/287
f 378/1149/288 380/1150/288 382/1151/288 384/1152/288
o cuboid
v -0.21593783881010675 0.5625000000000001 -0.4552769484281193
v -0.21593783881010675 0.43750000000000017 -0.4552769484281193
v -0.32136176953671747 0.5625000000000001 -0.3881144973847662
v -0.32136176953671747 0.43750000000000017 -0.3881144973847662
v -0.21593783881010675 0.5625000000000001 -0.4552769484281193
v -0.21593783881010675 0.43750000000000017 -0.4552769484281193
v -0.32136176953671747 0.5625000000000001 -0.3881144973847662
v -0.32136176953671747 0.43750000000000017 -0.3881144973847662
vt 0.0390625 0.765625
vt 0.0234375 0.765625
vt 0.0234375 0.75
vt 0.0390625 0.75
vt 0.25 0.9609375
vt 0.25 0.9765625
vt 0.234375 0.9765625
vt 0.234375 0.9609375
vt 0 0.984375
vt 0 1
vt 0 0.984375
vt 0 1
vt 0 0.984375
vt 0 0.984375
vt 0 1
vt 0 1
vt 0 1
vt 0 1
vt 0 1
vt 0 1
vt 0 1
vt 0 1
vt 0 1
vt 0 1
vn 0.5372996083468242 -3.0657499964441775e-16 0.8433914458128855
vn -0.5372996083468242 3.0657499964441775e-16 -0.8433914458128855
vn 0 0 0
vn 0 0 0
vn 0 0 0
vn 0 0 0
usemtl m_2f782488-5985-7342-163e-a8a36ac958ed
f 386/1153/289 385/1154/289 387/1155/289 388/1156/289
f 391/1157/290 389/1158/290 390/1159/290 392/1160/290
f 385/1161/291 386/1162/291 389/1163/291 390/1164/291
f 387/1165/292 391/1166/292 388/1167/292 392/1168/292
f 385/1169/293 389/1170/293 387/1171/293 391/1172/293
f 386/1173/294 388/1174/294 390/1175/294 392/1176/294
o cuboid
v -0.11227928286371514 0.5625000000000001 -0.4912225693508084
v -0.11227928286371516 0.4375000000000001 -0.4912225693508084
v -0.2297408604619537 0.5625000000000001 -0.4484700514350998
v -0.2297408604619537 0.43750000000000017 -0.4484700514350998
v -0.11227928286371514 0.5625000000000001 -0.4912225693508084
v -0.11227928286371516 0.4375000000000001 -0.4912225693508084
v -0.2297408604619537 0.5625000000000001 -0.4484700514350998
v -0.2297408604619537 0.43750000000000017 -0.4484700514350998
vt 0.0625 0.765625
vt 0.046875 0.765625
vt 0.046875 0.75
vt 0.0625 0.75
vt 0.25 0.9375
vt 0.25 0.953125
vt 0.234375 0.953125
vt 0.234375 0.9375
vt 0 0.984375
vt 0 1
vt 0 0.984375
vt 0 1
vt 0 0.984375
vt 0 0.984375
vt 0 1
vt 0 1
vt 0 1
vt 0 1
vt 0 1
vt 0 1
vt 0 1
vt 0 1
vt 0 1
vt 0 1
vn 0.3420201433256689 -2.8459740433452503e-16 0.9396926207859084
vn -0.3420201433256689 2.8459740433452503e-16 -0.9396926207859084
vn 0 0 0
vn 0 0 0
vn 0 0 0
vn 0 0 0
usemtl m_2f782488-5985-7342-163e-a8a36ac958ed
f 394/1177/295 393/1178/295 395/1179/295 396/1180/295
f 399/1181/296 397/1182/296 398/1183/296 400/1184/296
f 393/1185/297 394/1186/297 397/1187/297 398/1188/297
f 395/1189/298 399/1190/298 396/1191/298 400/1192/298
f 393/1193/299 397/1194/299 395/1195/299 399/1196/299
f 394/1197/300 396/1198/300 398/1199/300 400/1200/300
o cuboid
v -0.003297792274162617 0.5625000000000001 -0.5038803177006583
v -0.0032977922741626448 0.4375000000000001 -0.5038803177006583
v -0.12722839994588891 0.5625000000000001 -0.48756454367315194
v -0.12722839994588891 0.4375000000000001 -0.48756454367315194
v -0.003297792274162617 0.5625000000000001 -0.5038803177006583
v -0.0032977922741626448 0.4375000000000001 -0.5038803177006583
v -0.12722839994588891 0.5625000000000001 -0.48756454367315194
v -0.12722839994588891 0.4375000000000001 -0.48756454367315194
vt 0.0859375 0.765625
vt 0.0703125 0.765625
vt 0.0703125 0.75
vt 0.0859375 0.75
vt 0.25 0.9140625
vt 0.25 0.9296875
vt 0.234375 0.9296875
vt 0.234375 0.9140625
vt 0 0.984375
vt 0 1
vt 0 0.984375
vt 0 1
vt 0 0.984375
vt 0 0.984375
vt 0 1
vt 0 1
vt 0 1
vt 0 1
vt 0 1
vt 0 1
vt 0 1
vt 0 1
vt 0 1
vt 0 1
vn 0.13052619222005157 -2.4912761933257023e-16 0.9914448613738105
vn -0.13052619222005157 2.4912761933257023e-16 -0.9914448613738105
vn 0 0 0
vn 0 0 0
vn 0 0 0
vn 0 0 0
usemtl m_2f782488-5985-7342-163e-a8a36ac958ed
f 402/1201/301 401/1202/301 403/1203/301 404/1204/301
f 407/1205/302 405/1206/302 406/1207/302 408/1208/302
f 401/1209/303 402/1210/303 405/1211/303 406/1212/303
f 403/1213/304 407/1214/304 404/1215/304 408/1216/304
f 401/1217/305 405/1218/305 403/1219/305 407/1220/305
f 402/1221/306 404/1222/306 406/1223/306 408/1224/306
o cuboid
v 0.10584004000456322 0.5625000000000001 -0.49265011512414425
v 0.1058400400045632 0.4375000000000001 -0.49265011512414425
v -0.018684297256905 0.5625000000000001 -0.5035445829676015
v -0.018684297256905028 0.4375000000000001 -0.5035445829676015
v 0.10584004000456322 0.5625000000000001 -0.49265011512414425
v 0.1058400400045632 0.4375000000000001 -0.49265011512414425
v -0.018684297256905 0.5625000000000001 -0.5035445829676015
v -0.018684297256905028 0.4375000000000001 -0.5035445829676015
vt 0.109375 0.765625
vt 0.09375 0.765625
vt 0.09375 0.75
vt 0.109375 0.75
vt 0.25 0.890625
vt 0.25 0.90625
vt 0.234375 0.90625
vt 0.234375 0.890625
vt 0 0.984375
vt 0 1
vt 0 0.984375
vt 0 1
vt 0 0.984375
vt 0 0.984375
vt 0 1
vt 0 1
vt 0 1
vt 0 1
vt 0 1
vt 0 1
vt 0 1
vt 0 1
vt 0 1
vt 0 1
vn -0.08715574274765817 -2.0184719570084107e-16 0.9961946980917455
vn 0.08715574274765817 2.0184719570084107e-16 -0.9961946980917455
vn 0 0 0
vn 0 0 0
vn 0 0 0
vn 0 0 0
usemtl m_2f782488-5985-7342-163e-a8a36ac958ed
f 410/1225/307 409/1226/307 411/1227/307 412/1228/307
f 415/1229/308 413/1230/308 414/1231/308 416/1232/308
f 409/1233/309 410/1234/309 413/1235/309 414/1236/309
f 411/1237/310 415/1238/310 412/1239/310 416/1240/310
f 409/1241/311 413/1242/311 411/1243/311 415/1244/311
f 410/1245/312 412/1246/312 414/1247/312 416/1248/312
o cuboid
v 0.20996020917390085 0.5625 -0.45806436290509633
v 0.2099602091739008 0.43750000000000006 -0.45806436290509633
v 0.09074559033037248 0.5625000000000001 -0.4956525878431305
v 0.09074559033037245 0.4375000000000001 -0.4956525878431305
v 0.20996020917390085 0.5625 -0.45806436290509633
v 0.2099602091739008 0.43750000000000006 -0.45806436290509633
v 0.09074559033037248 0.5625000000000001 -0.4956525878431305
v 0.09074559033037245 0.4375000000000001 -0.4956525878431305
vt 0.1328125 0.765625
vt 0.1171875 0.765625
vt 0.1171875 0.75
vt 0.1328125 0.75
vt 0.25 0.8671875
vt 0.25 0.8828125
vt 0.234375 0.8828125
vt 0.234375 0.8671875
vt 0 0.984375
vt 0 1
vt 0 0.984375
vt 0 1
vt 0 0.984375
vt 0 0.984375
vt 0 1
vt 0 1
vt 0 1
vt 0 1
vt 0 1
vt 0 1
vt 0 1
vt 0 1
vt 0 1
vt 0 1
vn -0.3007057995042733 -1.4499760308960354e-16 0.9537169507482268
vn 0.3007057995042733 1.4499760308960354e-16 -0.9537169507482268
vn 0 0 0
vn 0 0 0
vn 0 0 0
vn 0 0 0
usemtl m_2f782488-5985-7342-163e-a8a36ac958ed
f 418/1249/313 417/1250/313 419/1251/313 420/1252/313
f 423/1253/314 421/1254/314 422/1255/314 424/1256/314
f 417/1257/315 418/1258/315 421/1259/315 422/1260/315
f 419/1261/316 423/1262/316 420/1263/316 424/1264/316
f 417/1265/317 421/1266/317 419/1267/317 423/1268/317
f 418/1269/318 420/1270/318 422/1271/318 424/1272/318
o cuboid
v 0.3041265877365274 0.5625 -0.4017627018922194
v 0.3041265877365274 0.4375 -0.4017627018922194
v 0.19587341226347255 0.5625 -0.4642627018922194
v 0.19587341226347255 0.43750000000000006 -0.4642627018922194
v 0.3041265877365274 0.5625 -0.4017627018922194
v 0.3041265877365274 0.4375 -0.4017627018922194
v 0.19587341226347255 0.5625 -0.4642627018922194
v 0.19587341226347255 0.43750000000000006 -0.4642627018922194
vt 0.15625 0.765625
vt 0.140625 0.765625
vt 0.140625 0.75
vt 0.15625 0.75
vt 0.25 0.84375
vt 0.25 0.859375
vt 0.234375 0.859375
vt 0.234375 0.84375
vt 0 0.984375
vt 0 1
vt 0 0.984375
vt 0 1
vt 0 0.984375
vt 0 0.984375
vt 0 1
vt 0 1
vt 0 1
vt 0 1
vt 0 1
vt 0 1
vt 0 1
vt 0 1
vt 0 1
vt 0 1
vn -0.49999999999999994 -8.127396617584079e-17 0.8660254037844388
vn 0.49999999999999994 8.127396617584079e-17 -0.8660254037844388
vn 0 0 0
vn 0 0 0
vn 0 0 0
vn 0 0 0
usemtl m_2f782488-5985-7342-163e-a8a36ac958ed
f 426/1273/319 425/1274/319 427/1275/319 428/1276/319
f 431/1277/320 429/1278/320 430/1279/320 432/1280/320
f 425/1281/321 426/1282/321 429/1283/321 430/1284/321
f 427/1285/322 431/1286/322 428/1287/322 432/1288/322
f 425/1289/323 429/1290/323 427/1291/323 431/1292/323
f 426/1293/324 428/1294/324 430/1295/324 432/1296/324
o cuboid
v 0.38387493735846284 0.5625 -0.3264142804290831
v 0.38387493735846284 0.4375 -0.3264142804290831
v 0.2917152702571974 0.5625 -0.41086305638104065
v 0.2917152702571974 0.4375 -0.41086305638104065
v 0.38387493735846284 0.5625 -0.3264142804290831
v 0.38387493735846284 0.4375 -0.3264142804290831
v 0.2917152702571974 0.5625 -0.41086305638104065
v 0.2917152702571974 0.4375 -0.41086305638104065
vt 0.1796875 0.765625
vt 0.1640625 0.765625
vt 0.1640625 0.75
vt 0.1796875 0.75
vt 0.25 0.8203125
vt 0.25 0.8359375
vt 0.234375 0.8359375
vt 0.234375 0.8203125
vt 0 0.984375
vt 0 1
vt 0 0.984375
vt 0 1
vt 0 0.984375
vt 0 0.984375
vt 0 1
vt 0 1
vt 0 1
vt 0 1
vt 0 1
vt 0 1
vt 0 1
vt 0 1
vt 0 1
vt 0 1
vn -0.6755902076156605 -1.3697294230944018e-17 0.737277336810124
vn 0.6755902076156605 1.3697294230944018e-17 -0.737277336810124
vn 0 0 0
vn 0 0 0
vn 0 0 0
vn 0 0 0
usemtl m_2f782488-5985-7342-163e-a8a36ac958ed
f 434/1297/325 433/1298/325 435/1299/325 436/1300/325
f 439/1301/326 437/1302/326 438/1303/326 440/1304/326
f 433/1305/327 434/1306/327 437/1307/327 438/1308/327
f 435/1309/328 439/1310/328 436/1311/328 440/1312/328
f 433/1313/329 437/1314/329 435/1315/329 439/1316/329
f 434/1317/330 436/1318/330 438/1319/330 440/1320/330
o cuboid
v 0.4454245494164363 0.5625 -0.23559121540746103
v 0.4454245494164363 0.43749999999999994 -0.23559121540746103
v 0.3737274948725555 0.5625 -0.337985220943585
v 0.3737274948725555 0.4375 -0.337985220943585
v 0.4454245494164363 0.5625 -0.23559121540746103
v 0.4454245494164363 0.43749999999999994 -0.23559121540746103
v 0.3737274948725555 0.5625 -0.337985220943585
v 0.3737274948725555 0.4375 -0.337985220943585
vt 0.203125 0.765625
vt 0.1875 0.765625
vt 0.1875 0.75
vt 0.203125 0.75
vt 0.25 0.796875
vt 0.25 0.8125
vt 0.234375 0.8125
vt 0.234375 0.796875
vt 0 0.984375
vt 0 1
vt 0 0.984375
vt 0 1
vt 0 0.984375
vt 0 0.984375
vt 0 1
vt 0 1
vt 0 1
vt 0 1
vt 0 1
vt 0 1
vt 0 1
vt 0 1
vt 0 1
vt 0 1
vn -0.8191520442889918 5.4528738843805547e-17 0.573576436351046
vn 0.8191520442889918 -5.4528738843805547e-17 -0.573576436351046
vn 0 0 0
vn 0 0 0
vn 0 0 0
vn 0 0 0
usemtl m_2f782488-5985-7342-163e-a8a36ac958ed
f 442/1321/331 441/1322/331 443/1323/331 444/1324/331
f 447/1325/332 445/1326/332 446/1327/332 448/1328/332
f 441/1329/333 442/1330/333 445/1331/333 446/1332/333
f 443/1333/334 447/1334/334 444/1335/334 448/1336/334
f 441/1337/335 445/1338/335 443/1339/335 447/1340/335
f 442/1341/336 444/1342/336 446/1343/336 448/1344/336
o cuboid
v 0.4858574807784615 0.5624999999999999 -0.13359924540058948
v 0.4858574807784615 0.4374999999999999 -0.13359924540058948
v 0.4380220517328253 0.5625 -0.24908418696450035
v 0.4380220517328253 0.43749999999999994 -0.24908418696450035
v 0.4858574807784615 0.5624999999999999 -0.13359924540058948
v 0.4858574807784615 0.4374999999999999 -0.13359924540058948
v 0.4380220517328253 0.5625 -0.24908418696450035
v 0.4380220517328253 0.43749999999999994 -0.24908418696450035
vt 0.2265625 0.765625
vt 0.2109375 0.765625
vt 0.2109375 0.75
vt 0.2265625 0.75
vt 0.25 0.7734375
vt 0.25 0.7890625
vt 0.234375 0.7890625
vt 0.234375 0.7734375
vt 0 0.984375
vt 0 1
vt 0 0.984375
vt 0 1
vt 0 0.984375
vt 0 0.984375
vt 0 1
vt 0 1
vt 0 1
vt 0 1
vt 0 1
vt 0 1
vt 0 1
vt 0 1
vt 0 1
vt 0 1
vn -0.9238795325112868 1.2016967424393e-16 0.38268343236508984
vn 0.9238795325112868 -1.2016967424393e-16 -0.38268343236508984
vn 0 0 0
vn 0 0 0
vn 0 0 0
vn 0 0 0
usemtl m_2f782488-5985-7342-163e-a8a36ac958ed
f 450/1345/337 449/1346/337 451/1347/337 452/1348/337
f 455/1349/338 453/1350/338 454/1351/338 456/1352/338
f 449/1353/339 450/1354/339 453/1355/339 454/1356/339
f 451/1357/340 455/1358/340 452/1359/340 456/1360/340
f 449/1361/341 453/1362/341 451/1363/341 455/1364/341
f 450/1365/342 452/1366/342 454/1367/342 456/1368/342
o cuboid
v 0.5032568876102872 0.5624999999999999 -0.02527360427020213
v 0.5032568876102872 0.4374999999999999 -0.025273604270202157
v 0.48155086540192094 0.5624999999999999 -0.14837457339672816
v 0.48155086540192094 0.43749999999999994 -0.14837457339672816
v 0.5032568876102872 0.5624999999999999 -0.02527360427020213
v 0.5032568876102872 0.4374999999999999 -0.025273604270202157
v 0.48155086540192094 0.5624999999999999 -0.14837457339672816
v 0.48155086540192094 0.43749999999999994 -0.14837457339672816
vt 0.25 0.765625
vt 0.234375 0.765625
vt 0.234375 0.75
vt 0.25 0.75
vt 0.015625 0.7265625
vt 0.015625 0.7421875
vt 0 0.7421875
vt 0 0.7265625
vt 0 0.984375
vt 0 1
vt 0 0.984375
vt 0 1
vt 0 0.984375
vt 0 0.984375
vt 0 1
vt 0 1
vt 0 1
vt 0 1
vt 0 1
vt 0 1
vt 0 1
vt 0 1
vt 0 1
vt 0 1
vn -0.9848077530122081 1.8011360743869838e-16 0.1736481776669303
vn 0.9848077530122081 -1.8011360743869838e-16 -0.1736481776669303
vn 0 0 0
vn 0 0 0
vn 0 0 0
vn 0 0 0
usemtl m_2f782488-5985-7342-163e-a8a36ac958ed
f 458/1369/343 457/1370/343 459/1371/343 460/1372/343
f 463/1373/344 461/1374/344 462/1375/344 464/1376/344
f 457/1377/345 458/1378/345 461/1379/345 462/1380/345
f 459/1381/346 463/1382/346 460/1383/346 464/1384/346
f 457/1385/347 461/1386/347 459/1387/347 463/1388/347
f 458/1389/348 460/1390/348 462/1391/348 464/1392/348
o cuboid
v 0.5 0.5883883476483184 9.020562075079397e-17
v 0.5 0.49999999999999994 0.08838834764831852
v 0.5 0.5 -0.08838834764831838
v 0.5 0.4116116523516815 6.245004513516506e-17
v 0.5 0.5883883476483184 9.020562075079397e-17
v 0.5 0.49999999999999994 0.08838834764831852
v 0.5 0.5 -0.08838834764831838
v 0.5 0.4116116523516815 6.245004513516506e-17
vt 0.3671875 0.859375
vt 0.3515625 0.859375
vt 0.3515625 0.84375
vt 0.3671875 0.84375
vt 0.1796875 0.6328125
vt 0.1796875 0.6484375
vt 0.1640625 0.6484375
vt 0.1640625 0.6328125
vt 0 0.984375
vt 0 1
vt 0 0.984375
vt 0 1
vt 0 0.984375
vt 0 0.984375
vt 0 1
vt 0 1
vt 0 1
vt 0 1
vt 0 1
vt 0 1
vt 0 1
vt 0 1
vt 0 1
vt 0 1
vn -1 6.503535905665384e-17 -1.5700924586837754e-16
vn 1 -6.503535905665384e-17 1.5700924586837754e-16
vn 0 0 0
vn 0 0 0
vn 0 0 0
vn 0 0 0
usemtl m_2f782488-5985-7342-163e-a8a36ac958ed
f 466/1393/349 465/1394/349 467/1395/349 468/1396/349
f 471/1397/350 469/1398/350 470/1399/350 472/1400/350
f 465/1401/351 466/1402/351 469/1403/351 470/1404/351
f 467/1405/352 471/1406/352 468/1407/352 472/1408/352
f 465/1409/353 469/1410/353 467/1411/353 471/1412/353
f 466/1413/354 468/1414/354 470/1415/354 472/1416/354
o cuboid
v 0.47462052768883517 0.6638637286331656 0.07547538098484727
v 0.47462052768883517 0.5754753809848471 0.1638637286331657
v 0.501675479431098 0.5775705377481837 -0.01081780990013459
v 0.501675479431098 0.4891821900998653 0.07757053774818384
v 0.47462052768883517 0.6638637286331656 0.07547538098484727
v 0.47462052768883517 0.5754753809848471 0.1638637286331657
v 0.501675479431098 0.5775705377481837 -0.01081780990013459
v 0.501675479431098 0.4891821900998653 0.07757053774818384
vt 0.3671875 0.8359375
vt 0.3515625 0.8359375
vt 0.3515625 0.8203125
vt 0.3671875 0.8203125
vt 0.203125 0.6328125
vt 0.203125 0.6484375
vt 0.1875 0.6484375
vt 0.1875 0.6328125
vt 0 0.984375
vt 0 1
vt 0 0.984375
vt 0 1
vt 0 0.984375
vt 0 0.984375
vt 0 1
vt 0 1
vt 0 1
vt 0 1
vt 0 1
vt 0 1
vt 0 1
vt 0 1
vt 0 1
vt 0 1
vn -0.9762960071199334 -0.15304591873303083 -0.1530459187330311
vn 0.9762960071199334 0.15304591873303083 0.1530459187330311
vn 0 0 0
vn 0 0 0
vn 0 0 0
vn 0 0 0
usemtl m_2f782488-5985-7342-163e-a8a36ac958ed
f 474/1417/355 473/1418/355 475/1419/355 476/1420/355
f 479/1421/356 477/1422/356 478/1423/356 480/1424/356
f 473/1425/357 474/1426/357 477/1427/357 478/1428/357
f 475/1429/358 479/1430/358 476/1431/358 480/1432/358
f 473/1433/359 477/1434/359 475/1435/359 479/1436/359
f 474/1437/360 476/1438/360 478/1439/360 480/1440/360
o cuboid
v 0.4267402521595314 0.7336658170677057 0.14527746941938746
v 0.4267402521595314 0.6452774694193872 0.2336658170677059
v 0.4795675348771188 0.6535587693107321 0.06517042166241388
v 0.4795675348771188 0.5651704216624137 0.1535587693107323
v 0.4267402521595314 0.7336658170677057 0.14527746941938746
v 0.4267402521595314 0.6452774694193872 0.2336658170677059
v 0.4795675348771188 0.6535587693107321 0.06517042166241388
v 0.4795675348771188 0.5651704216624137 0.1535587693107323
vt 0.3671875 0.8125
vt 0.3515625 0.8125
vt 0.3515625 0.796875
vt 0.3671875 0.796875
vt 0.2265625 0.6328125
vt 0.2265625 0.6484375
vt 0.2109375 0.6484375
vt 0.2109375 0.6328125
vt 0 0.984375
vt 0 1
vt 0 0.984375
vt 0 1
vt 0 0.984375
vt 0 0.984375
vt 0 1
vt 0 1
vt 0 1
vt 0 1
vt 0 1
vt 0 1
vt 0 1
vt 0 1
vt 0 1
vt 0 1
vn -0.9063077870366503 -0.29883623873011944 -0.2988362387301198
vn 0.9063077870366503 0.29883623873011944 0.2988362387301198
vn 0 0 0
vn 0 0 0
vn 0 0 0
vn 0 0 0
usemtl m_2f782488-5985-7342-163e-a8a36ac958ed
f 482/1441/361 481/1442/361 483/1443/361 484/1444/361
f 487/1445/362 485/1446/362 486/1447/362 488/1448/362
f 481/1449/363 482/1450/363 485/1451/363 486/1452/363
f 483/1453/364 487/1454/364 484/1455/364 488/1456/364
f 481/1457/365 485/1458/365 483/1459/365 487/1460/365
f 482/1461/366 484/1462/366 486/1463/366 488/1464/366
o cuboid
v 0.3586290808325726 0.794485436537407 0.20609708888908876
v 0.3586290808325726 0.7060970888890885 0.2944854365374072
v 0.43472425945866267 0.7243622456877907 0.13597389803947235
v 0.43472425945866267 0.6359738980394722 0.22436224568779078
v 0.3586290808325726 0.794485436537407 0.20609708888908876
v 0.3586290808325726 0.7060970888890885 0.2944854365374072
v 0.43472425945866267 0.7243622456877907 0.13597389803947235
v 0.43472425945866267 0.6359738980394722 0.22436224568779078
vt 0.3671875 0.7890625
vt 0.3515625 0.7890625
vt 0.3515625 0.7734375
vt 0.3671875 0.7734375
vt 0.25 0.6328125
vt 0.25 0.6484375
vt 0.234375 0.6484375
vt 0.234375 0.6328125
vt 0 0.984375
vt 0 1
vt 0 0.984375
vt 0 1
vt 0 0.984375
vt 0 0.984375
vt 0 1
vt 0 1
vt 0 1
vt 0 1
vt 0 1
vt 0 1
vt 0 1
vt 0 1
vt 0 1
vt 0 1
vn -0.7933533402912354 -0.4304593345768792 -0.43045933457687957
vn 0.7933533402912354 0.4304593345768792 0.43045933457687957
vn 0 0 0
vn 0 0 0
vn 0 0 0
vn 0 0 0
usemtl m_2f782488-5985-7342-163e-a8a36ac958ed
f 490/1465/367 489/1466/367 491/1467/367 492/1468/367
f 495/1469/368 493/1470/368 494/1471/368 496/1472/368
f 489/1473/369 490/1474/369 493/1475/369 494/1476/369
f 491/1477/370 495/1478/370 492/1479/370 496/1480/370
f 489/1481/371 493/1482/371 491/1483/371 495/1484/371
f 490/1485/372 492/1486/372 494/1487/372 496/1488/372
o cuboid
v 0.2735160271483336 0.8434392513885128 0.25505090374019457
v 0.2735160271483336 0.7550509037401943 0.34343925138851294
v 0.36927158253820586 0.7866243166795074 0.1982359690311891
v 0.36927158253820586 0.6982359690311889 0.2866243166795075
v 0.2735160271483336 0.8434392513885128 0.25505090374019457
v 0.2735160271483336 0.7550509037401943 0.34343925138851294
v 0.36927158253820586 0.7866243166795074 0.1982359690311891
v 0.36927158253820586 0.6982359690311889 0.2866243166795075
vt 0.3671875 0.765625
vt 0.3515625 0.765625
vt 0.3515625 0.75
vt 0.3671875 0.75
vt 0.2734375 0.6328125
vt 0.2734375 0.6484375
vt 0.2578125 0.6484375
vt 0.2578125 0.6328125
vt 0 0.984375
vt 0 1
vt 0 0.984375
vt 0 1
vt 0 0.984375
vt 0 0.984375
vt 0 1
vt 0 1
vt 0 1
vt 0 1
vt 0 1
vt 0 1
vt 0 1
vt 0 1
vt 0 1
vt 0 1
vn -0.6427876096865395 -0.5416752204197016 -0.541675220419702
vn 0.6427876096865395 0.5416752204197016 0.541675220419702
vn 0 0 0
vn 0 0 0
vn 0 0 0
vn 0 0 0
usemtl m_2f782488-5985-7342-163e-a8a36ac958ed
f 498/1489/373 497/1490/373 499/1491/373 500/1492/373
f 503/1493/374 501/1494/374 502/1495/374 504/1496/374
f 497/1497/375 498/1498/375 501/1499/375 502/1500/375
f 499/1501/376 503/1502/376 500/1503/376 504/1504/376
f 497/1505/377 501/1506/377 499/1507/377 503/1508/377
f 498/1509/378 500/1510/378 502/1511/378 504/1512/378
o cuboid
v 0.1754361295438782 0.8782064598636578 0.2898181122153394
v 0.1754361295438782 0.7898181122153393 0.37820645986365786
v 0.2863124836911559 0.8373932629109107 0.2490049152625923
v 0.2863124836911559 0.7490049152625922 0.33739326291091076
v 0.1754361295438782 0.8782064598636578 0.2898181122153394
v 0.1754361295438782 0.7898181122153393 0.37820645986365786
v 0.2863124836911559 0.8373932629109107 0.2490049152625923
v 0.2863124836911559 0.7490049152625922 0.33739326291091076
vt 0.3671875 0.7421875
vt 0.3515625 0.7421875
vt 0.3515625 0.7265625
vt 0.3671875 0.7265625
vt 0.296875 0.6328125
vt 0.296875 0.6484375
vt 0.28125 0.6484375
vt 0.28125 0.6328125
vt 0 0.984375
vt 0 1
vt 0 0.984375
vt 0 1
vt 0 0.984375
vt 0 0.984375
vt 0 1
vt 0 1
vt 0 1
vt 0 1
vt 0 1
vt 0 1
vt 0 1
vt 0 1
vt 0 1
vt 0 1
vn -0.46174861323503413 -0.6272113751262499 -0.6272113751262501
vn 0.46174861323503413 0.6272113751262499 0.6272113751262501
vn 0 0 0
vn 0 0 0
vn 0 0 0
vn 0 0 0
usemtl m_2f782488-5985-7342-163e-a8a36ac958ed
f 506/1513/379 505/1514/379 507/1515/379 508/1516/379
f 511/1517/380 509/1518/380 510/1519/380 512/1520/380
f 505/1521/381 506/1522/381 509/1523/381 510/1524/381
f 507/1525/382 511/1526/382 508/1527/382 512/1528/382
f 505/1529/383 509/1530/383 507/1531/383 511/1532/383
f 506/1533/384 508/1534/384 510/1535/384 512/1536/384
o cuboid
v 0.0690391584081937 0.8971388186385325 0.30875047099021424
v 0.06903915840819368 0.808750470990214 0.39713881863853273
v 0.18977988669432722 0.8742622309020052 0.2858738832536868
v 0.18977988669432722 0.7858738832536867 0.3742622309020053
v 0.0690391584081937 0.8971388186385325 0.30875047099021424
v 0.06903915840819368 0.808750470990214 0.39713881863853273
v 0.18977988669432722 0.8742622309020052 0.2858738832536868
v 0.18977988669432722 0.7858738832536867 0.3742622309020053
vt 0.3671875 0.71875
vt 0.3515625 0.71875
vt 0.3515625 0.703125
vt 0.3671875 0.703125
vt 0.3203125 0.6328125
vt 0.3203125 0.6484375
vt 0.3046875 0.6484375
vt 0.3046875 0.6328125
vt 0 0.984375
vt 0 1
vt 0 0.984375
vt 0 1
vt 0 0.984375
vt 0 0.984375
vt 0 1
vt 0 1
vt 0 1
vt 0 1
vt 0 1
vt 0 1
vt 0 1
vt 0 1
vt 0 1
vt 0 1
vn -0.2588190451025209 -0.6830127018922192 -0.6830127018922194
vn 0.2588190451025209 0.6830127018922192 0.6830127018922194
vn 0 0 0
vn 0 0 0
vn 0 0 0
vn 0 0 0
usemtl m_2f782488-5985-7342-163e-a8a36ac958ed
f 514/1537/385 513/1538/385 515/1539/385 516/1540/385
f 519/1541/386 517/1542/386 518/1543/386 520/1544/386
f 513/1545/387 514/1546/387 517/1547/387 518/1548/387
f 515/1549/388 519/1550/388 516/1551/388 520/1552/388
f 513/1553/389 517/1554/389 515/1555/389 519/1556/389
f 514/1557/390 516/1558/390 518/1559/390 520/1560/390
o cuboid
v -0.040630820166198026 0.8993387827179322 0.31095043506961395
v -0.04063082016619804 0.8109504350696137 0.39933878271793233
v 0.08425020753153421 0.8954833371432782 0.30709498949495995
v 0.08425020753153419 0.8070949894949597 0.3954833371432783
v -0.040630820166198026 0.8993387827179322 0.31095043506961395
v -0.04063082016619804 0.8109504350696137 0.39933878271793233
v 0.08425020753153421 0.8954833371432782 0.30709498949495995
v 0.08425020753153419 0.8070949894949597 0.3954833371432783
vt 0.3671875 0.6953125
vt 0.3515625 0.6953125
vt 0.3515625 0.6796875
vt 0.3671875 0.6796875
vt 0.34375 0.6328125
vt 0.34375 0.6484375
vt 0.328125 0.6484375
vt 0.328125 0.6328125
vt 0 0.984375
vt 0 1
vt 0 0.984375
vt 0 1
vt 0 0.984375
vt 0 0.984375
vt 0 1
vt 0 1
vt 0 1
vt 0 1
vt 0 1
vt 0 1
vt 0 1
vt 0 1
vt 0 1
vt 0 1
vn -0.04361938736533616 -0.706433772212892 -0.7064337722128923
vn 0.04361938736533616 0.706433772212892 0.7064337722128923
vn 0 0 0
vn 0 0 0
vn 0 0 0
vn 0 0 0
usemtl m_2f782488-5985-7342-163e-a8a36ac958ed
f 522/1561/391 521/1562/391 523/1563/391 524/1564/391
f 527/1565/392 525/1566/392 526/1567/392 528/1568/392
f 521/1569/393 522/1570/393 525/1571/393 526/1572/393
f 523/1573/394 527/1574/394 524/1575/394 528/1576/394
f 521/1577/395 525/1578/395 523/1579/395 527/1580/395
f 522/1581/396 524/1582/396 526/1583/396 528/1584/396
o cuboid
v -0.14837457339672808 0.8847020562361079 0.2963137085877895
v -0.14837457339672808 0.7963137085877894 0.384702056236108
v -0.02527360427020207 0.9000505317322295 0.3116621840839111
v -0.02527360427020209 0.811662184083911 0.4000505317322296
v -0.14837457339672808 0.8847020562361079 0.2963137085877895
v -0.14837457339672808 0.7963137085877894 0.384702056236108
v -0.02527360427020207 0.9000505317322295 0.3116621840839111
v -0.02527360427020209 0.811662184083911 0.4000505317322296
vt 0.3671875 0.671875
vt 0.3515625 0.671875
vt 0.3515625 0.65625
vt 0.3671875 0.65625
vt 0.3671875 0.6328125
vt 0.3671875 0.6484375
vt 0.3515625 0.6484375
vt 0.3515625 0.6328125
vt 0 0.984375
vt 0 1
vt 0 0.984375
vt 0 1
vt 0 0.984375
vt 0 0.984375
vt 0 1
vt 0 1
vt 0 1
vt 0 1
vt 0 1
vt 0 1
vt 0 1
vt 0 1
vt 0 1
vt 0 1
vn 0.1736481776669302 -0.6963642403200189 -0.6963642403200191
vn -0.1736481776669302 0.6963642403200189 0.6963642403200191
vn 0 0 0
vn 0 0 0
vn 0 0 0
vn 0 0 0
usemtl m_2f782488-5985-7342-163e-a8a36ac958ed
f 530/1585/397 529/1586/397 531/1587/397 532/1588/397
f 535/1589/398 533/1590/398 534/1591/398 536/1592/398
f 529/1593/399 530/1594/399 533/1595/399 534/1596/399
f 531/1597/400 535/1598/400 532/1599/400 536/1600/400
f 529/1601/401 533/1602/401 531/1603/401 535/1604/401
f 530/1605/402 532/1606/402 534/1607/402 536/1608/402
o cuboid
v -0.24908418696450021 0.8539225369136847 0.2655341892653663
v -0.24908418696450021 0.7655341892653662 0.3539225369136848
v -0.13359924540058934 0.8877472931728221 0.2993589455245036
v -0.13359924540058934 0.7993589455245036 0.3877472931728221
v -0.24908418696450021 0.8539225369136847 0.2655341892653663
v -0.24908418696450021 0.7655341892653662 0.3539225369136848
v -0.13359924540058934 0.8877472931728221 0.2993589455245036
v -0.13359924540058934 0.7993589455245036 0.3877472931728221
vt 0.015625 0.625
vt 0 0.625
vt 0 0.609375
vt 0.015625 0.609375
vt 0.390625 0.984375
vt 0.390625 1
vt 0.375 1
vt 0.375 0.984375
vt 0 0.984375
vt 0 1
vt 0 0.984375
vt 0 1
vt 0 0.984375
vt 0 0.984375
vt 0 1
vt 0 1
vt 0 1
vt 0 1
vt 0 1
vt 0 1
vt 0 1
vt 0 1
vt 0 1
vt 0 1
vn 0.3826834323650896 -0.6532814824381883 -0.6532814824381885
vn -0.3826834323650896 0.6532814824381883 0.6532814824381885
vn 0 0 0
vn 0 0 0
vn 0 0 0
vn 0 0 0
usemtl m_2f782488-5985-7342-163e-a8a36ac958ed
f 538/1609/403 537/1610/403 539/1611/403 540/1612/403
f 543/1613/404 541/1614/404 542/1615/404 544/1616/404
f 537/1617/405 538/1618/405 541/1619/405 542/1620/405
f 539/1621/406 543/1622/406 540/1623/406 544/1624/406
f 537/1625/407 541/1626/407 539/1627/407 543/1628/407
f 538/1629/408 540/1630/408 542/1631/408 544/1632/408
o cuboid
v -0.33798522094358496 0.8084594197644039 0.22007107211608554
v -0.33798522094358496 0.7200710721160855 0.30845941976440394
v -0.23559121540746097 0.8591568932234838 0.2707685455751654
v -0.23559121540746097 0.7707685455751653 0.35915689322348376
v -0.33798522094358496 0.8084594197644039 0.22007107211608554
v -0.33798522094358496 0.7200710721160855 0.30845941976440394
v -0.23559121540746097 0.8591568932234838 0.2707685455751654
v -0.23559121540746097 0.7707685455751653 0.35915689322348376
vt 0.0390625 0.625
vt 0.0234375 0.625
vt 0.0234375 0.609375
vt 0.0390625 0.609375
vt 0.390625 0.9609375
vt 0.390625 0.9765625
vt 0.375 0.9765625
vt 0.375 0.9609375
vt 0 0.984375
vt 0 1
vt 0 0.984375
vt 0 1
vt 0 0.984375
vt 0 0.984375
vt 0 1
vt 0 1
vt 0 1
vt 0 1
vt 0 1
vt 0 1
vt 0 1
vt 0 1
vt 0 1
vt 0 1
vn 0.573576436351046 -0.5792279653395693 -0.5792279653395693
vn -0.573576436351046 0.5792279653395693 0.5792279653395693
vn 0 0 0
vn 0 0 0
vn 0 0 0
vn 0 0 0
usemtl m_2f782488-5985-7342-163e-a8a36ac958ed
f 546/1633/409 545/1634/409 547/1635/409 548/1636/409
f 551/1637/410 549/1638/410 550/1639/410 552/1640/410
f 545/1641/411 546/1642/411 549/1643/411 550/1644/411
f 547/1645/412 551/1646/412 548/1647/412 552/1648/412
f 545/1649/413 549/1650/413 547/1651/413 551/1652/413
f 546/1653/414 548/1654/414 550/1655/414 552/1656/414
o cuboid
v -0.4108630563810407 0.7504680195986899 0.16207967195037148
v -0.4108630563810407 0.6620796719503714 0.2504680195986899
v -0.32641428042908316 0.8156347451578896 0.22724639750957112
v -0.32641428042908316 0.7272463975095711 0.3156347451578896
v -0.4108630563810407 0.7504680195986899 0.16207967195037148
v -0.4108630563810407 0.6620796719503714 0.2504680195986899
v -0.32641428042908316 0.8156347451578896 0.22724639750957112
v -0.32641428042908316 0.7272463975095711 0.3156347451578896
vt 0.0625 0.625
vt 0.046875 0.625
vt 0.046875 0.609375
vt 0.0625 0.609375
vt 0.390625 0.9375
vt 0.390625 0.953125
vt 0.375 0.953125
vt 0.375 0.9375
vt 0 0.984375
vt 0 1
vt 0 0.984375
vt 0 1
vt 0 0.984375
vt 0 0.984375
vt 0 1
vt 0 1
vt 0 1
vt 0 1
vt 0 1
vt 0 1
vt 0 1
vt 0 1
vt 0 1
vt 0 1
vn 0.737277336810124 -0.47771441710826096 -0.477714417108261
vn -0.737277336810124 0.47771441710826096 0.477714417108261
vn 0 0 0
vn 0 0 0
vn 0 0 0
vn 0 0 0
usemtl m_2f782488-5985-7342-163e-a8a36ac958ed
f 554/1657/415 553/1658/415 555/1659/415 556/1660/415
f 559/1661/416 557/1662/416 558/1663/416 560/1664/416
f 553/1665/417 554/1666/417 557/1667/417 558/1668/417
f 555/1669/418 559/1670/418 556/1671/418 560/1672/418
f 553/1673/419 557/1674/419 555/1675/419 559/1676/419
f 554/1677/420 556/1678/420 558/1679/420 560/1680/420
o cuboid
v -0.46426270189221924 0.682697591889809 0.09430924424149056
v -0.46426270189221924 0.5943092442414906 0.182697591889809
v -0.40176270189221924 0.7592441463517834 0.1708557987034649
v -0.40176270189221924 0.6708557987034649 0.25924414635178333
v -0.46426270189221924 0.682697591889809 0.09430924424149056
v -0.46426270189221924 0.5943092442414906 0.182697591889809
v -0.40176270189221924 0.7592441463517834 0.1708557987034649
v -0.40176270189221924 0.6708557987034649 0.25924414635178333
vt 0.0859375 0.625
vt 0.0703125 0.625
vt 0.0703125 0.609375
vt 0.0859375 0.609375
vt 0.390625 0.9140625
vt 0.390625 0.9296875
vt 0.375 0.9296875
vt 0.375 0.9140625
vt 0 0.984375
vt 0 1
vt 0 0.984375
vt 0 1
vt 0 0.984375
vt 0 0.984375
vt 0 1
vt 0 1
vt 0 1
vt 0 1
vt 0 1
vt 0 1
vt 0 1
vt 0 1
vt 0 1
vt 0 1
vn 0.8660254037844386 -0.353553390593274 -0.3535533905932739
vn -0.8660254037844386 0.353553390593274 0.3535533905932739
vn 0 0 0
vn 0 0 0
vn 0 0 0
vn 0 0 0
usemtl m_2f782488-5985-7342-163e-a8a36ac958ed
f 562/1681/421 561/1682/421 563/1683/421 564/1684/421
f 567/1685/422 565/1686/422 566/1687/422 568/1688/422
f 561/1689/423 562/1690/423 565/1691/423 566/1692/423
f 563/1693/424 567/1694/424 564/1695/424 568/1696/424
f 561/1697/425 565/1698/425 563/1699/425 567/1700/425
f 562/1701/426 564/1702/426 566/1703/426 568/1704/426
o cuboid
v -0.49565258784313054 0.6083609961095421 0.01997264846122354
v -0.49565258784313054 0.5199726484612236 0.10836099610954197
v -0.4580643629050964 0.6926584615103706 0.10427011386205204
v -0.4580643629050964 0.6042701138620521 0.19265846151037047
v -0.49565258784313054 0.6083609961095421 0.01997264846122354
v -0.49565258784313054 0.5199726484612236 0.10836099610954197
v -0.4580643629050964 0.6926584615103706 0.10427011386205204
v -0.4580643629050964 0.6042701138620521 0.19265846151037047
vt 0.109375 0.625
vt 0.09375 0.625
vt 0.09375 0.609375
vt 0.109375 0.609375
vt 0.390625 0.890625
vt 0.390625 0.90625
vt 0.375 0.90625
vt 0.375 0.890625
vt 0 0.984375
vt 0 1
vt 0 0.984375
vt 0 1
vt 0 0.984375
vt 0 0.984375
vt 0 1
vt 0 1
vt 0 1
vt 0 1
vt 0 1
vt 0 1
vt 0 1
vt 0 1
vt 0 1
vt 0 1
vn 0.9537169507482268 -0.21263110997159412 -0.21263110997159396
vn -0.9537169507482268 0.21263110997159412 0.21263110997159396
vn 0 0 0
vn 0 0 0
vn 0 0 0
vn 0 0 0
usemtl m_2f782488-5985-7342-163e-a8a36ac958ed
f 570/1705/427 569/1706/427 571/1707/427 572/1708/427
f 575/1709/428 573/1710/428 574/1711/428 576/1712/428
f 569/1713/429 570/1714/429 573/1715/429 574/1716/429
f 571/1717/430 575/1718/430 572/1719/430 576/1720/430
f 569/1721/431 573/1722/431 571/1723/431 575/1724/431
f 570/1725/432 572/1726/432 574/1727/432 576/1728/432
o cuboid
v -0.5035445829676014 0.5309823805320967 -0.057405967116221854
v -0.5035445829676014 0.44259403288377824 0.030982380532096582
v -0.49265011512414403 0.6190343838324416 0.030646036184122996
v -0.49265011512414403 0.5306460361841231 0.11903438383244143
v -0.5035445829676014 0.5309823805320967 -0.057405967116221854
v -0.5035445829676014 0.44259403288377824 0.030982380532096582
v -0.49265011512414403 0.6190343838324416 0.030646036184122996
v -0.49265011512414403 0.5306460361841231 0.11903438383244143
vt 0.1328125 0.625
vt 0.1171875 0.625
vt 0.1171875 0.609375
vt 0.1328125 0.609375
vt 0.390625 0.8671875
vt 0.390625 0.8828125
vt 0.375 0.8828125
vt 0.375 0.8671875
vt 0 0.984375
vt 0 1
vt 0 0.984375
vt 0 1
vt 0 0.984375
vt 0 0.984375
vt 0 1
vt 0 1
vt 0 1
vt 0 1
vt 0 1
vt 0 1
vt 0 1
vt 0 1
vt 0 1
vt 0 1
vn 0.9961946980917455 -0.061628416716219776 -0.061628416716219575
vn -0.9961946980917455 0.061628416716219776 0.061628416716219575
vn 0 0 0
vn 0 0 0
vn 0 0 0
vn 0 0 0
usemtl m_2f782488-5985-7342-163e-a8a36ac958ed
f 578/1729/433 577/1730/433 579/1731/433 580/1732/433
f 583/1733/434 581/1734/434 582/1735/434 584/1736/434
f 577/1737/435 578/1738/435 581/1739/435 582/1740/435
f 579/1741/436 583/1742/436 580/1743/436 584/1744/436
f 577/1745/437 581/1746/437 579/1747/437 583/1748/437
f 578/1749/438 580/1750/438 582/1751/438 584/1752/438
o cuboid
v -0.48756454367315205 0.4542301094629071 -0.13415823818541148
v -0.48756454367315205 0.36584176181458866 -0.045769890537093044
v -0.5038803177006584 0.5418622825441544 -0.04652606510416422
v -0.5038803177006584 0.4534739348958359 0.041862282544154215
v -0.48756454367315205 0.4542301094629071 -0.13415823818541148
v -0.48756454367315205 0.36584176181458866 -0.045769890537093044
v -0.5038803177006584 0.5418622825441544 -0.04652606510416422
v -0.5038803177006584 0.4534739348958359 0.041862282544154215
vt 0.15625 0.625
vt 0.140625 0.625
vt 0.140625 0.609375
vt 0.15625 0.609375
vt 0.390625 0.84375
vt 0.390625 0.859375
vt 0.375 0.859375
vt 0.375 0.84375
vt 0 0.984375
vt 0 1
vt 0 0.984375
vt 0 1
vt 0 0.984375
vt 0 0.984375
vt 0 1
vt 0 1
vt 0 1
vt 0 1
vt 0 1
vt 0 1
vt 0 1
vt 0 1
vt 0 1
vt 0 1
vn 0.9914448613738105 0.092295955641257 0.09229595564125725
vn -0.9914448613738105 -0.092295955641257 -0.09229595564125725
vn 0 0 0
vn 0 0 0
vn 0 0 0
vn 0 0 0
usemtl m_2f782488-5985-7342-163e-a8a36ac958ed
f 586/1753/439 585/1754/439 587/1755/439 588/1756/439
f 591/1757/440 589/1758/440 590/1759/440 592/1760/440
f 585/1761/441 586/1762/441 589/1763/441 590/1764/441
f 587/1765/442 591/1766/442 588/1767/442 592/1768/442
f 585/1769/443 589/1770/443 587/1771/443 591/1772/443
f 586/1773/444 588/1774/444 590/1775/444 592/1776/444
o cuboid
v -0.4484700514350999 0.38174285347587966 -0.20664549417243894
v -0.4484700514350999 0.2933545058275612 -0.1182571465241205
v -0.49122256935080844 0.464800731524464 -0.1235876161238546
v -0.49122256935080844 0.3764123838761455 -0.03519926847553617
v -0.4484700514350999 0.38174285347587966 -0.20664549417243894
v -0.4484700514350999 0.2933545058275612 -0.1182571465241205
v -0.49122256935080844 0.464800731524464 -0.1235876161238546
v -0.49122256935080844 0.3764123838761455 -0.03519926847553617
vt 0.1796875 0.625
vt 0.1640625 0.625
vt 0.1640625 0.609375
vt 0.1796875 0.609375
vt 0.390625 0.8203125
vt 0.390625 0.8359375
vt 0.375 0.8359375
vt 0.375 0.8203125
vt 0 0.984375
vt 0 1
vt 0 0.984375
vt 0 1
vt 0 0.984375
vt 0 0.984375
vt 0 1
vt 0 1
vt 0 1
vt 0 1
vt 0 1
vt 0 1
vt 0 1
vt 0 1
vt 0 1
vt 0 1
vn 0.9396926207859086 0.24184476264797486 0.24184476264797516
vn -0.9396926207859086 -0.24184476264797486 -0.24184476264797516
vn 0 0 0
vn 0 0 0
vn 0 0 0
vn 0 0 0
usemtl m_2f782488-5985-7342-163e-a8a36ac958ed
f 594/1777/445 593/1778/445 595/1779/445 596/1780/445
f 599/1781/446 597/1782/446 598/1783/446 600/1784/446
f 593/1785/447 594/1786/447 597/1787/447 598/1788/447
f 595/1789/448 599/1790/448 596/1791/448 600/1792/448
f 593/1793/449 597/1794/449 595/1795/449 599/1796/449
f 594/1797/450 596/1798/450 598/1799/450 600/1800/450
o cuboid
v -0.3881144973847665 0.3169570873706381 -0.2714312602776805
v -0.3881144973847665 0.2285687397223196 -0.1830429126293621
v -0.45527694842811944 0.3915030636867654 -0.19688528396155322
v -0.45527694842811944 0.3031147160384469 -0.10849693631323479
v -0.3881144973847665 0.3169570873706381 -0.2714312602776805
v -0.3881144973847665 0.2285687397223196 -0.1830429126293621
v -0.45527694842811944 0.3915030636867654 -0.19688528396155322
v -0.45527694842811944 0.3031147160384469 -0.10849693631323479
vt 0.203125 0.625
vt 0.1875 0.625
vt 0.1875 0.609375
vt 0.203125 0.609375
vt 0.390625 0.796875
vt 0.390625 0.8125
vt 0.375 0.8125
vt 0.375 0.796875
vt 0 0.984375
vt 0 1
vt 0 0.984375
vt 0 1
vt 0 0.984375
vt 0 0.984375
vt 0 1
vt 0 1
vt 0 1
vt 0 1
vt 0 1
vt 0 1
vt 0 1
vt 0 1
vt 0 1
vt 0 1
vn 0.8433914458128859 0.3799281965909149 0.37992819659091526
vn -0.8433914458128859 -0.3799281965909149 -0.37992819659091526
vn 0 0 0
vn 0 0 0
vn 0 0 0
vn 0 0 0
usemtl m_2f782488-5985-7342-163e-a8a36ac958ed
f 602/1801/451 601/1802/451 603/1803/451 604/1804/451
f 607/1805/452 605/1806/452 606/1807/452 608/1808/452
f 601/1809/453 602/1810/453 605/1811/453 606/1812/453
f 603/1813/454 607/1814/454 604/1815/454 608/1816/454
f 601/1817/455 605/1818/455 603/1819/455 607/1820/455
f 602/1821/456 604/1822/456 606/1823/456 608/1824/456
o cuboid
v -0.3093592167691147 0.26294417382415936 -0.32544417382415924
v -0.3093592167691147 0.17455582617584087 -0.23705582617584084
v -0.3977475644174331 0.3254441738241594 -0.26294417382415924
v -0.3977475644174331 0.23705582617584092 -0.17455582617584084
v -0.3093592167691147 0.26294417382415936 -0.32544417382415924
v -0.3093592167691147 0.17455582617584087 -0.23705582617584084
v -0.3977475644174331 0.3254441738241594 -0.26294417382415924
v -0.3977475644174331 0.23705582617584092 -0.17455582617584084
vt 0.2265625 0.625
vt 0.2109375 0.625
vt 0.2109375 0.609375
vt 0.2265625 0.609375
vt 0.390625 0.7734375
vt 0.390625 0.7890625
vt 0.375 0.7890625
vt 0.375 0.7734375
vt 0 0.984375
vt 0 1
vt 0 0.984375
vt 0 1
vt 0 0.984375
vt 0 0.984375
vt 0 1
vt 0 1
vt 0 1
vt 0 1
vt 0 1
vt 0 1
vt 0 1
vt 0 1
vt 0 1
vt 0 1
vn 0.7071067811865477 0.49999999999999967 0.5
vn -0.7071067811865477 -0.49999999999999967 -0.5
vn 0 0 0
vn 0 0 0
vn 0 0 0
vn 0 0 0
usemtl m_2f782488-5985-7342-163e-a8a36ac958ed
f 610/1825/457 609/1826/457 611/1827/457 612/1828/457
f 615/1829/458 613/1830/458 614/1831/458 616/1832/458
f 609/1833/459 610/1834/459 613/1835/459 614/1836/459
f 611/1837/460 615/1838/460 612/1839/460 616/1840/460
f 609/1841/461 613/1842/461 611/1843/461 615/1844/461
f 610/1845/462 612/1846/462 614/1847/462 616/1848/462
o cuboid
v -0.21593783881010684 0.22226475627271813 -0.36612359137560047
v -0.21593783881010684 0.13387640862439965 -0.2777352437272821
v -0.3213617695367175 0.2697557808465826 -0.318632566801736
v -0.3213617695367175 0.1813674331982641 -0.2302442191534176
v -0.21593783881010684 0.22226475627271813 -0.36612359137560047
v -0.21593783881010684 0.13387640862439965 -0.2777352437272821
v -0.3213617695367175 0.2697557808465826 -0.318632566801736
v -0.3213617695367175 0.1813674331982641 -0.2302442191534176
vt 0.25 0.625
vt 0.234375 0.625
vt 0.234375 0.609375
vt 0.25 0.609375
vt 0.390625 0.75
vt 0.390625 0.765625
vt 0.375 0.765625
vt 0.375 0.75
vt 0 0.984375
vt 0 1
vt 0 0.984375
vt 0 1
vt 0 0.984375
vt 0 0.984375
vt 0 1
vt 0 1
vt 0 1
vt 0 1
vt 0 1
vt 0 1
vt 0 1
vt 0 1
vt 0 1
vt 0 1
vn 0.5372996083468244 0.5963678105290178 0.5963678105290181
vn -0.5372996083468244 -0.5963678105290178 -0.5963678105290181
vn 0 0 0
vn 0 0 0
vn 0 0 0
vn 0 0 0
usemtl m_2f782488-5985-7342-163e-a8a36ac958ed
f 618/1849/463 617/1850/463 619/1851/463 620/1852/463
f 623/1853/464 621/1854/464 622/1855/464 624/1856/464
f 617/1857/465 618/1858/465 621/1859/465 622/1860/465
f 619/1861/466 623/1862/466 620/1863/466 624/1864/466
f 617/1865/467 621/1866/467 619/1867/467 623/1868/467
f 618/1869/468 620/1870/468 622/1871/468 624/1872/468
o cuboid
v -0.11227928286371522 0.19684736396432356 -0.39154098368399504
v -0.11227928286371525 0.10845901631600507 -0.30315263603567666
v -0.22974086046195374 0.2270779592953205 -0.3613103883529981
v -0.22974086046195374 0.138689611647002 -0.27292204070467974
v -0.11227928286371522 0.19684736396432356 -0.39154098368399504
v -0.11227928286371525 0.10845901631600507 -0.30315263603567666
v -0.22974086046195374 0.2270779592953205 -0.3613103883529981
v -0.22974086046195374 0.138689611647002 -0.27292204070467974
vt 0.2734375 0.625
vt 0.2578125 0.625
vt 0.2578125 0.609375
vt 0.2734375 0.609375
vt 0.390625 0.7265625
vt 0.390625 0.7421875
vt 0.375 0.7421875
vt 0.375 0.7265625
vt 0 0.984375
vt 0 1
vt 0 0.984375
vt 0 1
vt 0 0.984375
vt 0 0.984375
vt 0 1
vt 0 1
vt 0 1
vt 0 1
vt 0 1
vt 0 1
vt 0 1
vt 0 1
vt 0 1
vt 0 1
vn 0.342020143325669 0.6644630243886746 0.6644630243886748
vn -0.342020143325669 -0.6644630243886746 -0.6644630243886748
vn 0 0 0
vn 0 0 0
vn 0 0 0
vn 0 0 0
usemtl m_2f782488-5985-7342-163e-a8a36ac958ed
f 626/1873/469 625/1874/469 627/1875/469 628/1876/469
f 631/1877/470 629/1878/470 630/1879/470 632/1880/470
f 625/1881/471 626/1882/471 629/1883/471 630/1884/471
f 627/1885/472 631/1886/472 628/1887/472 632/1888/472
f 625/1889/473 629/1890/473 627/1891/473 631/1892/473
f 626/1893/474 628/1894/474 630/1895/474 632/1896/474
o cuboid
v -0.003297792274162704 0.1878969842715918 -0.40049136337672675
v -0.003297792274162724 0.0995086366232733 -0.31210301572840826
v -0.127228399945889 0.199433978726749 -0.38895436892156965
v -0.127228399945889 0.11104563107843052 -0.30056602127325116
v -0.003297792274162704 0.1878969842715918 -0.40049136337672675
v -0.003297792274162724 0.0995086366232733 -0.31210301572840826
v -0.127228399945889 0.199433978726749 -0.38895436892156965
v -0.127228399945889 0.11104563107843052 -0.30056602127325116
vt 0.296875 0.625
vt 0.28125 0.625
vt 0.28125 0.609375
vt 0.296875 0.609375
vt 0.390625 0.703125
vt 0.390625 0.71875
vt 0.375 0.71875
vt 0.375 0.703125
vt 0 0.984375
vt 0 1
vt 0 0.984375
vt 0 1
vt 0 0.984375
vt 0 0.984375
vt 0 1
vt 0 1
vt 0 1
vt 0 1
vt 0 1
vt 0 1
vt 0 1
vt 0 1
vt 0 1
vt 0 1
vn 0.13052619222005177 0.7010573846499778 0.701057384649978
vn -0.13052619222005177 -0.7010573846499778 -0.701057384649978
vn 0 0 0
vn 0 0 0
vn 0 0 0
vn 0 0 0
usemtl m_2f782488-5985-7342-163e-a8a36ac958ed
f 634/1897/475 633/1898/475 635/1899/475 636/1900/475
f 639/1901/476 637/1902/476 638/1903/476 640/1904/476
f 633/1905/477 634/1906/477 637/1907/477 638/1908/477
f 635/1909/478 639/1910/478 636/1911/478 640/1912/478
f 633/1913/479 637/1914/479 635/1915/479 639/1916/479
f 634/1917/480 636/1918/480 638/1919/480 640/1920/480
o cuboid
v 0.10584004000456314 0.19583793666754357 -0.39255041098077503
v 0.10584004000456311 0.10744958901922508 -0.30416206333245654
v -0.01868429725690508 0.18813438457801612 -0.4002539630703025
v -0.0186842972569051 0.09974603692969763 -0.311865615421984
v 0.10584004000456314 0.19583793666754357 -0.39255041098077503
v 0.10584004000456311 0.10744958901922508 -0.30416206333245654
v -0.01868429725690508 0.18813438457801612 -0.4002539630703025
v -0.0186842972569051 0.09974603692969763 -0.311865615421984
vt 0.3203125 0.625
vt 0.3046875 0.625
vt 0.3046875 0.609375
vt 0.3203125 0.609375
vt 0.390625 0.6796875
vt 0.390625 0.6953125
vt 0.375 0.6953125
vt 0.375 0.6796875
vt 0 0.984375
vt 0 1
vt 0 0.984375
vt 0 1
vt 0 0.984375
vt 0 0.984375
vt 0 1
vt 0 1
vt 0 1
vt 0 1
vt 0 1
vt 0 1
vt 0 1
vt 0 1
vt 0 1
vt 0 1
vn -0.08715574274765804 0.7044160264027587 0.7044160264027589
vn 0.08715574274765804 -0.7044160264027587 -0.7044160264027589
vn 0 0 0
vn 0 0 0
vn 0 0 0
vn 0 0 0
usemtl m_2f782488-5985-7342-163e-a8a36ac958ed
f 642/1921/481 641/1922/481 643/1923/481 644/1924/481
f 647/1925/482 645/1926/482 646/1927/482 648/1928/482
f 641/1929/483 642/1930/483 645/1931/483 646/1932/483
f 643/1933/484 647/1934/484 644/1935/484 648/1936/484
f 641/1937/485 645/1938/485 643/1939/485 647/1940/485
f 642/1941/486 644/1942/486 646/1943/486 648/1944/486
o cuboid
v 0.20996020917390074 0.22029375659406997 -0.3680945910542486
v 0.20996020917390074 0.13190540894575148 -0.2797062434059301
v 0.0907455903303724 0.19371486784762076 -0.3946734798006978
v 0.09074559033037237 0.10532652019930228 -0.3062851321523793
v 0.20996020917390074 0.22029375659406997 -0.3680945910542486
v 0.20996020917390074 0.13190540894575148 -0.2797062434059301
v 0.0907455903303724 0.19371486784762076 -0.3946734798006978
v 0.09074559033037237 0.10532652019930228 -0.3062851321523793
vt 0.34375 0.625
vt 0.328125 0.625
vt 0.328125 0.609375
vt 0.34375 0.609375
vt 0.390625 0.65625
vt 0.390625 0.671875
vt 0.375 0.671875
vt 0.375 0.65625
vt 0 0.984375
vt 0 1
vt 0 0.984375
vt 0 1
vt 0 0.984375
vt 0 0.984375
vt 0 1
vt 0 1
vt 0 1
vt 0 1
vt 0 1
vt 0 1
vt 0 1
vt 0 1
vt 0 1
vt 0 1
vn -0.3007057995042732 0.6743797232066278 0.674379723206628
vn 0.3007057995042732 -0.6743797232066278 -0.674379723206628
vn 0 0 0
vn 0 0 0
vn 0 0 0
vn 0 0 0
usemtl m_2f782488-5985-7342-163e-a8a36ac958ed
f 650/1945/487 649/1946/487 651/1947/487 652/1948/487
f 655/1949/488 653/1950/488 654/1951/488 656/1952/488
f 649/1953/489 650/1954/489 653/1955/489 654/1956/489
f 651/1957/490 655/1958/490 652/1959/490 656/1960/490
f 649/1961/491 653/1962/491 651/1963/491 655/1964/491
f 650/1965/492 652/1966/492 654/1967/492 656/1968/492
o cuboid
v 0.30412658773652734 0.26010504288834146 -0.328283304759977
v 0.30412658773652734 0.17171669524002298 -0.23989495711165856
v 0.1958734122634725 0.21591086906418233 -0.37247747858413627
v 0.1958734122634725 0.12752252141586384 -0.2840891309358178
v 0.30412658773652734 0.26010504288834146 -0.328283304759977
v 0.30412658773652734 0.17171669524002298 -0.23989495711165856
v 0.1958734122634725 0.21591086906418233 -0.37247747858413627
v 0.1958734122634725 0.12752252141586384 -0.2840891309358178
vt 0.3671875 0.625
vt 0.3515625 0.625
vt 0.3515625 0.609375
vt 0.3671875 0.609375
vt 0.390625 0.6328125
vt 0.390625 0.6484375
vt 0.375 0.6484375
vt 0.375 0.6328125
vt 0 0.984375
vt 0 1
vt 0 0.984375
vt 0 1
vt 0 0.984375
vt 0 0.984375
vt 0 1
vt 0 1
vt 0 1
vt 0 1
vt 0 1
vt 0 1
vt 0 1
vt 0 1
vt 0 1
vt 0 1
vn -0.49999999999999967 0.6123724356957946 0.6123724356957947
vn 0.49999999999999967 -0.6123724356957946 -0.6123724356957947
vn 0 0 0
vn 0 0 0
vn 0 0 0
vn 0 0 0
usemtl m_2f782488-5985-7342-163e-a8a36ac958ed
f 658/1969/493 657/1970/493 659/1971/493 660/1972/493
f 663/1973/494 661/1974/494 662/1975/494 664/1976/494
f 657/1977/495 658/1978/495 661/1979/495 662/1980/495
f 659/1981/496 663/1982/496 660/1983/496 664/1984/496
f 657/1985/497 661/1986/497 659/1987/497 663/1988/497
f 658/1989/498 660/1990/498 662/1991/498 664/1992/498
o cuboid
v 0.3838749373584628 0.31338442265662714 -0.2750039249916913
v 0.3838749373584628 0.22499607500830865 -0.18661557734337286
v 0.29171527025719735 0.25367012051809457 -0.3347182271302239
v 0.29171527025719735 0.16528177286977608 -0.24632987948190546
v 0.3838749373584628 0.31338442265662714 -0.2750039249916913
v 0.3838749373584628 0.22499607500830865 -0.18661557734337286
v 0.29171527025719735 0.25367012051809457 -0.3347182271302239
v 0.29171527025719735 0.16528177286977608 -0.24632987948190546
vt 0.390625 0.625
vt 0.375 0.625
vt 0.375 0.609375
vt 0.390625 0.609375
vt 0.015625 0.5859375
vt 0.015625 0.6015625
vt 0 0.6015625
vt 0 0.5859375
vt 0 0.984375
vt 0 1
vt 0 0.984375
vt 0 1
vt 0 0.984375
vt 0 0.984375
vt 0 1
vt 0 1
vt 0 1
vt 0 1
vt 0 1
vt 0 1
vt 0 1
vt 0 1
vt 0 1
vt 0 1
vn -0.6755902076156602 0.5213338044735968 0.5213338044735968
vn 0.6755902076156602 -0.5213338044735968 -0.5213338044735968
vn 0 0 0
vn 0 0 0
vn 0 0 0
vn 0 0 0
usemtl m_2f782488-5985-7342-163e-a8a36ac958ed
f 666/1993/499 665/1994/499 667/1995/499 668/1996/499
f 671/1997/500 669/1998/500 670/1999/500 672/2000/500
f 665/2001/501 666/2002/501 669/2003/501 670/2004/501
f 667/2005/502 671/2006/502 668/2007/502 672/2008/502
f 665/2009/503 669/2010/503 667/2011/503 671/2012/503
f 666/2013/504 668/2014/504 670/2015/504 672/2016/504
o cuboid
v 0.4454245494164362 0.37760602782156283 -0.21078231982675558
v 0.4454245494164362 0.28921768017324434 -0.12239397217843714
v 0.37372749487255547 0.3052025321541167 -0.28318581549420174
v 0.37372749487255547 0.2168141845057982 -0.19479746784588334
v 0.4454245494164362 0.37760602782156283 -0.21078231982675558
v 0.4454245494164362 0.28921768017324434 -0.12239397217843714
v 0.37372749487255547 0.3052025321541167 -0.28318581549420174
v 0.37372749487255547 0.2168141845057982 -0.19479746784588334
vt 0.4140625 1
vt 0.3984375 1
vt 0.3984375 0.984375
vt 0.4140625 0.984375
vt 0.0390625 0.5859375
vt 0.0390625 0.6015625
vt 0.0234375 0.6015625
vt 0.0234375 0.5859375
vt 0 0.984375
vt 0 1
vt 0 0.984375
vt 0 1
vt 0 0.984375
vt 0 0.984375
vt 0 1
vt 0 1
vt 0 1
vt 0 1
vt 0 1
vt 0 1
vt 0 1
vt 0 1
vt 0 1
vt 0 1
vn -0.8191520442889918 0.40557978767263897 0.40557978767263886
vn 0.8191520442889918 -0.40557978767263897 -0.40557978767263886
vn 0 0 0
vn 0 0 0
vn 0 0 0
vn 0 0 0
usemtl m_2f782488-5985-7342-163e-a8a36ac958ed
f 674/2017/505 673/2018/505 675/2019/505 676/2020/505
f 679/2021/506 677/2022/506 678/2023/506 680/2024/506
f 673/2025/507 674/2026/507 677/2027/507 678/2028/507
f 675/2029/508 679/2030/508 676/2031/508 680/2032/508
f 673/2033/509 677/2034/509 675/2035/509 679/2036/509
f 674/2037/510 676/2038/510 678/2039/510 680/2040/510
o cuboid
v 0.48585748077846147 0.44972524143999665 -0.13866310620832173
v 0.48585748077846147 0.36133689379167816 -0.05027475856000331
v 0.43802205173282527 0.3680650561352231 -0.2203232915130953
v 0.43802205173282527 0.2796767084869046 -0.13193494386477686
v 0.48585748077846147 0.44972524143999665 -0.13866310620832173
v 0.48585748077846147 0.36133689379167816 -0.05027475856000331
v 0.43802205173282527 0.3680650561352231 -0.2203232915130953
v 0.43802205173282527 0.2796767084869046 -0.13193494386477686
vt 0.4140625 0.9765625
vt 0.3984375 0.9765625
vt 0.3984375 0.9609375
vt 0.4140625 0.9609375
vt 0.0625 0.5859375
vt 0.0625 0.6015625
vt 0.046875 0.6015625
vt 0.046875 0.5859375
vt 0 0.984375
vt 0 1
vt 0 0.984375
vt 0 1
vt 0 0.984375
vt 0 0.984375
vt 0 1
vt 0 1
vt 0 1
vt 0 1
vt 0 1
vt 0 1
vt 0 1
vt 0 1
vt 0 1
vt 0 1
vn -0.9238795325112867 0.2705980500730987 0.27059805007309856
vn 0.9238795325112867 -0.2705980500730987 -0.27059805007309856
vn 0 0 0
vn 0 0 0
vn 0 0 0
vn 0 0 0
usemtl m_2f782488-5985-7342-163e-a8a36ac958ed
f 682/2041/511 681/2042/511 683/2043/511 684/2044/511
f 687/2045/512 685/2046/512 686/2047/512 688/2048/512
f 681/2049/513 682/2050/513 685/2051/513 686/2052/513
f 683/2053/514 687/2054/514 684/2055/514 688/2056/514
f 681/2057/515 685/2058/515 683/2059/515 687/2060/515
f 682/2061/516 684/2062/516 686/2063/516 688/2064/516
o cuboid
v 0.5032568876102872 0.5263230368596739 -0.06206531078864444
v 0.5032568876102872 0.4379346892113554 0.026323036859673993
v 0.48155086540192094 0.43927750681967154 -0.14911084082864684
v 0.48155086540192094 0.35088915917135305 -0.06072249318032841
v 0.5032568876102872 0.5263230368596739 -0.06206531078864444
v 0.5032568876102872 0.4379346892113554 0.026323036859673993
v 0.48155086540192094 0.43927750681967154 -0.14911084082864684
v 0.48155086540192094 0.35088915917135305 -0.06072249318032841
vt 0.4140625 0.953125
vt 0.3984375 0.953125
vt 0.3984375 0.9375
vt 0.4140625 0.9375
vt 0.0859375 0.5859375
vt 0.0859375 0.6015625
vt 0.0703125 0.6015625
vt 0.0703125 0.5859375
vt 0 0.984375
vt 0 1
vt 0 0.984375
vt 0 1
vt 0 0.984375
vt 0 0.984375
vt 0 1
vt 0 1
vt 0 1
vt 0 1
vt 0 1
vt 0 1
vt 0 1
vt 0 1
vt 0 1
vt 0 1
vn -0.9848077530122081 0.122787803968973 0.12278780396897282
vn 0.9848077530122081 -0.122787803968973 -0.12278780396897282
vn 0 0 0
vn 0 0 0
vn 0 0 0
vn 0 0 0
usemtl m_2f782488-5985-7342-163e-a8a36ac958ed
f 690/2065/517 689/2066/517 691/2067/517 692/2068/517
f 695/2069/518 693/2070/518 694/2071/518 696/2072/518
f 689/2073/519 690/2074/519 693/2075/519 694/2076/519
f 691/2077/520 695/2078/520 692/2079/520 696/2080/520
f 689/2081/521 693/2082/521 691/2083/521 695/2084/521
f 690/2085/522 692/2086/522 694/2087/522 696/2088/522
o cuboid
v 0.5 0.49999999999999983 0.08838834764831852
v 0.5 0.4116116523516814 8.326672684688674e-17
v 0.5 0.5883883476483183 6.938893903907228e-17
v 0.5 0.4999999999999998 -0.08838834764831836
v 0.5 0.49999999999999983 0.08838834764831852
v 0.5 0.4116116523516814 8.326672684688674e-17
v 0.5 0.5883883476483183 6.938893903907228e-17
v 0.5 0.4999999999999998 -0.08838834764831836
vt 0.53125 0.484375
vt 0.515625 0.484375
vt 0.515625 0.46875
vt 0.53125 0.46875
vt 0.015625 0.4453125
vt 0.015625 0.4609375
vt 0 0.4609375
vt 0 0.4453125
vt 0 0.984375
vt 0 1
vt 0 0.984375
vt 0 1
vt 0 0.984375
vt 0 0.984375
vt 0 1
vt 0 1
vt 0 1
vt 0 1
vt 0 1
vt 0 1
vt 0 1
vt 0 1
vt 0 1
vt 0 1
vn -1 3.790538507934088e-16 -1.570092458683775e-16
vn 1 -3.790538507934088e-16 1.570092458683775e-16
vn 0 0 0
vn 0 0 0
vn 0 0 0
vn 0 0 0
usemtl m_2f782488-5985-7342-163e-a8a36ac958ed
f 698/2089/523 697/2090/523 699/2091/523 700/2092/523
f 703/2093/524 701/2094/524 702/2095/524 704/2096/524
f 697/2097/525 698/2098/525 701/2099/525 702/2100/525
f 699/2101/526 703/2102/526 700/2103/526 704/2104/526
f 697/2105/527 701/2106/527 699/2107/527 703/2108/527
f 698/2109/528 700/2110/528 702/2111/528 704/2112/528
o cuboid
v 0.47462052768883517 0.4245246190151527 0.16386372863316567
v 0.47462052768883517 0.3361362713668342 0.07547538098484724
v 0.501675479431098 0.5108178099001345 0.07757053774818384
v 0.501675479431098 0.42242946225181605 -0.010817809900134596
v 0.47462052768883517 0.4245246190151527 0.16386372863316567
v 0.47462052768883517 0.3361362713668342 0.07547538098484724
v 0.501675479431098 0.5108178099001345 0.07757053774818384
v 0.501675479431098 0.42242946225181605 -0.010817809900134596
vt 0.5546875 1
vt 0.5390625 1
vt 0.5390625 0.984375
vt 0.5546875 0.984375
vt 0.0390625 0.4453125
vt 0.0390625 0.4609375
vt 0.0234375 0.4609375
vt 0.0234375 0.4453125
vt 0 0.984375
vt 0 1
vt 0 0.984375
vt 0 1
vt 0 0.984375
vt 0 0.984375
vt 0 1
vt 0 1
vt 0 1
vt 0 1
vt 0 1
vt 0 1
vt 0 1
vt 0 1
vt 0 1
vt 0 1
vn -0.9762960071199333 0.15304591873303128 -0.15304591873303108
vn 0.9762960071199333 -0.15304591873303128 0.15304591873303108
vn 0 0 0
vn 0 0 0
vn 0 0 0
vn 0 0 0
usemtl m_2f782488-5985-7342-163e-a8a36ac958ed
f 706/2113/529 705/2114/529 707/2115/529 708/2116/529
f 711/2117/530 709/2118/530 710/2119/530 712/2120/530
f 705/2121/531 706/2122/531 709/2123/531 710/2124/531
f 707/2125/532 711/2126/532 708/2127/532 712/2128/532
f 705/2129/533 709/2130/533 707/2131/533 711/2132/533
f 706/2133/534 708/2134/534 710/2135/534 712/2136/534
o cuboid
v 0.42674025215953126 0.35472253058061254 0.23366581706770587
v 0.42674025215953126 0.26633418293229405 0.14527746941938743
v 0.4795675348771187 0.43482957833758606 0.15355876931073228
v 0.4795675348771187 0.3464412306892676 0.06517042166241385
v 0.42674025215953126 0.35472253058061254 0.23366581706770587
v 0.42674025215953126 0.26633418293229405 0.14527746941938743
v 0.4795675348771187 0.43482957833758606 0.15355876931073228
v 0.4795675348771187 0.3464412306892676 0.06517042166241385
vt 0.5546875 0.9765625
vt 0.5390625 0.9765625
vt 0.5390625 0.9609375
vt 0.5546875 0.9609375
vt 0.0625 0.4453125
vt 0.0625 0.4609375
vt 0.046875 0.4609375
vt 0.046875 0.4453125
vt 0 0.984375
vt 0 1
vt 0 0.984375
vt 0 1
vt 0 0.984375
vt 0 0.984375
vt 0 1
vt 0 1
vt 0 1
vt 0 1
vt 0 1
vt 0 1
vt 0 1
vt 0 1
vt 0 1
vt 0 1
vn -0.9063077870366499 0.29883623873011994 -0.2988362387301197
vn 0.9063077870366499 -0.29883623873011994 0.2988362387301197
vn 0 0 0
vn 0 0 0
vn 0 0 0
vn 0 0 0
usemtl m_2f782488-5985-7342-163e-a8a36ac958ed
f 714/2137/535 713/2138/535 715/2139/535 716/2140/535
f 719/2141/536 717/2142/536 718/2143/536 720/2144/536
f 713/2145/537 714/2146/537 717/2147/537 718/2148/537
f 715/2149/538 719/2150/538 716/2151/538 720/2152/538
f 713/2153/539 717/2154/539 715/2155/539 719/2156/539
f 714/2157/540 716/2158/540 718/2159/540 720/2160/540
o cuboid
v 0.3586290808325725 0.29390291111091127 0.2944854365374071
v 0.3586290808325725 0.20551456346259278 0.2060970888890887
v 0.43472425945866255 0.36402610196052765 0.22436224568779076
v 0.43472425945866255 0.27563775431220916 0.13597389803947232
v 0.3586290808325725 0.29390291111091127 0.2944854365374071
v 0.3586290808325725 0.20551456346259278 0.2060970888890887
v 0.43472425945866255 0.36402610196052765 0.22436224568779076
v 0.43472425945866255 0.27563775431220916 0.13597389803947232
vt 0.5546875 0.953125
vt 0.5390625 0.953125
vt 0.5390625 0.9375
vt 0.5546875 0.9375
vt 0.0859375 0.4453125
vt 0.0859375 0.4609375
vt 0.0703125 0.4609375
vt 0.0703125 0.4453125
vt 0 0.984375
vt 0 1
vt 0 0.984375
vt 0 1
vt 0 0.984375
vt 0 0.984375
vt 0 1
vt 0 1
vt 0 1
vt 0 1
vt 0 1
vt 0 1
vt 0 1
vt 0 1
vt 0 1
vt 0 1
vn -0.793353340291235 0.43045933457687957 -0.4304593345768794
vn 0.793353340291235 -0.43045933457687957 0.4304593345768794
vn 0 0 0
vn 0 0 0
vn 0 0 0
vn 0 0 0
usemtl m_2f782488-5985-7342-163e-a8a36ac958ed
f 722/2161/541 721/2162/541 723/2163/541 724/2164/541
f 727/2165/542 725/2166/542 726/2167/542 728/2168/542
f 721/2169/543 722/2170/543 725/2171/543 726/2172/543
f 723/2173/544 727/2174/544 724/2175/544 728/2176/544
f 721/2177/545 725/2178/545 723/2179/545 727/2180/545
f 722/2181/546 724/2182/546 726/2183/546 728/2184/546
o cuboid
v 0.2735160271483335 0.24494909625980554 0.34343925138851294
v 0.2735160271483335 0.15656074861148706 0.25505090374019446
v 0.36927158253820574 0.301764030968811 0.2866243166795075
v 0.36927158253820574 0.2133756833204925 0.19823596903118904
v 0.2735160271483335 0.24494909625980554 0.34343925138851294
v 0.2735160271483335 0.15656074861148706 0.25505090374019446
v 0.36927158253820574 0.301764030968811 0.2866243166795075
v 0.36927158253820574 0.2133756833204925 0.19823596903118904
vt 0.5546875 0.9296875
vt 0.5390625 0.9296875
vt 0.5390625 0.9140625
vt 0.5546875 0.9140625
vt 0.109375 0.4453125
vt 0.109375 0.4609375
vt 0.09375 0.4609375
vt 0.09375 0.4453125
vt 0 0.984375
vt 0 1
vt 0 0.984375
vt 0 1
vt 0 0.984375
vt 0 0.984375
vt 0 1
vt 0 1
vt 0 1
vt 0 1
vt 0 1
vt 0 1
vt 0 1
vt 0 1
vt 0 1
vt 0 1
vn -0.6427876096865393 0.5416752204197021 -0.541675220419702
vn 0.6427876096865393 -0.5416752204197021 0.541675220419702
vn 0 0 0
vn 0 0 0
vn 0 0 0
vn 0 0 0
usemtl m_2f782488-5985-7342-163e-a8a36ac958ed
f 730/2185/547 729/2186/547 731/2187/547 732/2188/547
f 735/2189/548 733/2190/548 734/2191/548 736/2192/548
f 729/2193/549 730/2194/549 733/2195/549 734/2196/549
f 731/2197/550 735/2198/550 732/2199/550 736/2200/550
f 729/2201/551 733/2202/551 731/2203/551 735/2204/551
f 730/2205/552 732/2206/552 734/2207/552 736/2208/552
o cuboid
v 0.175436129543878 0.21018188778466063 0.37820645986365775
v 0.175436129543878 0.12179354013634214 0.2898181122153394
v 0.28631248369115575 0.2509950847374077 0.33739326291091065
v 0.28631248369115575 0.16260673708908924 0.24900491526259225
v 0.175436129543878 0.21018188778466063 0.37820645986365775
v 0.175436129543878 0.12179354013634214 0.2898181122153394
v 0.28631248369115575 0.2509950847374077 0.33739326291091065
v 0.28631248369115575 0.16260673708908924 0.24900491526259225
vt 0.5546875 0.90625
vt 0.5390625 0.90625
vt 0.5390625 0.890625
vt 0.5546875 0.890625
vt 0.1328125 0.4453125
vt 0.1328125 0.4609375
vt 0.1171875 0.4609375
vt 0.1171875 0.4453125
vt 0 0.984375
vt 0 1
vt 0 0.984375
vt 0 1
vt 0 0.984375
vt 0 0.984375
vt 0 1
vt 0 1
vt 0 1
vt 0 1
vt 0 1
vt 0 1
vt 0 1
vt 0 1
vt 0 1
vt 0 1
vn -0.46174861323503374 0.62721137512625 -0.6272113751262501
vn 0.46174861323503374 -0.62721137512625 0.6272113751262501
vn 0 0 0
vn 0 0 0
vn 0 0 0
vn 0 0 0
usemtl m_2f782488-5985-7342-163e-a8a36ac958ed
f 738/2209/553 737/2210/553 739/2211/553 740/2212/553
f 743/2213/554 741/2214/554 742/2215/554 744/2216/554
f 737/2217/555 738/2218/555 741/2219/555 742/2220/555
f 739/2221/556 743/2222/556 740/2223/556 744/2224/556
f 737/2225/557 741/2226/557 739/2227/557 743/2228/557
f 738/2229/558 740/2230/558 742/2231/558 744/2232/558
o cuboid
v 0.06903915840819354 0.19124952900978587 0.3971388186385326
v 0.06903915840819351 0.10286118136146738 0.30875047099021424
v 0.18977988669432705 0.2141261167463132 0.37426223090200517
v 0.18977988669432705 0.12573776909799472 0.2858738832536868
v 0.06903915840819354 0.19124952900978587 0.3971388186385326
v 0.06903915840819351 0.10286118136146738 0.30875047099021424
v 0.18977988669432705 0.2141261167463132 0.37426223090200517
v 0.18977988669432705 0.12573776909799472 0.2858738832536868
vt 0.5546875 0.8828125
vt 0.5390625 0.8828125
vt 0.5390625 0.8671875
vt 0.5546875 0.8671875
vt 0.15625 0.4453125
vt 0.15625 0.4609375
vt 0.140625 0.4609375
vt 0.140625 0.4453125
vt 0 0.984375
vt 0 1
vt 0 0.984375
vt 0 1
vt 0 0.984375
vt 0 0.984375
vt 0 1
vt 0 1
vt 0 1
vt 0 1
vt 0 1
vt 0 1
vt 0 1
vt 0 1
vt 0 1
vt 0 1
vn -0.25881904510252063 0.6830127018922193 -0.6830127018922194
vn 0.25881904510252063 -0.6830127018922193 0.6830127018922194
vn 0 0 0
vn 0 0 0
vn 0 0 0
vn 0 0 0
usemtl m_2f782488-5985-7342-163e-a8a36ac958ed
f 746/2233/559 745/2234/559 747/2235/559 748/2236/559
f 751/2237/560 749/2238/560 750/2239/560 752/2240/560
f 745/2241/561 746/2242/561 749/2243/561 750/2244/561
f 747/2245/562 751/2246/562 748/2247/562 752/2248/562
f 745/2249/563 749/2250/563 747/2251/563 751/2252/563
f 746/2253/564 748/2254/564 750/2255/564 752/2256/564
o cuboid
v -0.040630820166198185 0.18904956493038622 0.39933878271793233
v -0.0406308201661982 0.10066121728206773 0.31095043506961384
v 0.08425020753153405 0.19290501050504022 0.3954833371432783
v 0.08425020753153402 0.10451666285672173 0.30709498949495984
v -0.040630820166198185 0.18904956493038622 0.39933878271793233
v -0.0406308201661982 0.10066121728206773 0.31095043506961384
v 0.08425020753153405 0.19290501050504022 0.3954833371432783
v 0.08425020753153402 0.10451666285672173 0.30709498949495984
vt 0.5546875 0.859375
vt 0.5390625 0.859375
vt 0.5390625 0.84375
vt 0.5546875 0.84375
vt 0.1796875 0.4453125
vt 0.1796875 0.4609375
vt 0.1640625 0.4609375
vt 0.1640625 0.4453125
vt 0 0.984375
vt 0 1
vt 0 0.984375
vt 0 1
vt 0 0.984375
vt 0 0.984375
vt 0 1
vt 0 1
vt 0 1
vt 0 1
vt 0 1
vt 0 1
vt 0 1
vt 0 1
vt 0 1
vt 0 1
vn -0.04361938736533585 0.7064337722128922 -0.7064337722128923
vn 0.04361938736533585 -0.7064337722128922 0.7064337722128923
vn 0 0 0
vn 0 0 0
vn 0 0 0
vn 0 0 0
usemtl m_2f782488-5985-7342-163e-a8a36ac958ed
f 754/2257/565 753/2258/565 755/2259/565 756/2260/565
f 759/2261/566 757/2262/566 758/2263/566 760/2264/566
f 753/2265/567 754/2266/567 757/2267/567 758/2268/567
f 755/2269/568 759/2270/568 756/2271/568 760/2272/568
f 753/2273/569 757/2274/569 755/2275/569 759/2276/569
f 754/2277/570 756/2278/570 758/2279/570 760/2280/570
o cuboid
v -0.14837457339672824 0.20368629141221062 0.38470205623610787
v -0.14837457339672824 0.11529794376389213 0.2963137085877895
v -0.025273604270202237 0.188337815916089 0.4000505317322295
v -0.025273604270202258 0.09994946826777051 0.3116621840839111
v -0.14837457339672824 0.20368629141221062 0.38470205623610787
v -0.14837457339672824 0.11529794376389213 0.2963137085877895
v -0.025273604270202237 0.188337815916089 0.4000505317322295
v -0.025273604270202258 0.09994946826777051 0.3116621840839111
vt 0.5546875 0.8359375
vt 0.5390625 0.8359375
vt 0.5390625 0.8203125
vt 0.5546875 0.8203125
vt 0.203125 0.4453125
vt 0.203125 0.4609375
vt 0.1875 0.4609375
vt 0.1875 0.4453125
vt 0 0.984375
vt 0 1
vt 0 0.984375
vt 0 1
vt 0 0.984375
vt 0 0.984375
vt 0 1
vt 0 1
vt 0 1
vt 0 1
vt 0 1
vt 0 1
vt 0 1
vt 0 1
vt 0 1
vt 0 1
vn 0.17364817766693047 0.6963642403200189 -0.696364240320019
vn -0.17364817766693047 -0.6963642403200189 0.696364240320019
vn 0 0 0
vn 0 0 0
vn 0 0 0
vn 0 0 0
usemtl m_2f782488-5985-7342-163e-a8a36ac958ed
f 762/2281/571 761/2282/571 763/2283/571 764/2284/571
f 767/2285/572 765/2286/572 766/2287/572 768/2288/572
f 761/2289/573 762/2290/573 765/2291/573 766/2292/573
f 763/2293/574 767/2294/574 764/2295/574 768/2296/574
f 761/2297/575 765/2298/575 763/2299/575 767/2300/575
f 762/2301/576 764/2302/576 766/2303/576 768/2304/576
o cuboid
v -0.24908418696450035 0.2344658107346339 0.3539225369136847
v -0.24908418696450035 0.14607746308631542 0.2655341892653663
v -0.13359924540058954 0.20064105447549652 0.38774729317282197
v -0.13359924540058954 0.11225270682717803 0.2993589455245036
v -0.24908418696450035 0.2344658107346339 0.3539225369136847
v -0.24908418696450035 0.14607746308631542 0.2655341892653663
v -0.13359924540058954 0.20064105447549652 0.38774729317282197
v -0.13359924540058954 0.11225270682717803 0.2993589455245036
vt 0.5546875 0.8125
vt 0.5390625 0.8125
vt 0.5390625 0.796875
vt 0.5546875 0.796875
vt 0.2265625 0.4453125
vt 0.2265625 0.4609375
vt 0.2109375 0.4609375
vt 0.2109375 0.4453125
vt 0 0.984375
vt 0 1
vt 0 0.984375
vt 0 1
vt 0 0.984375
vt 0 0.984375
vt 0 1
vt 0 1
vt 0 1
vt 0 1
vt 0 1
vt 0 1
vt 0 1
vt 0 1
vt 0 1
vt 0 1
vn 0.38268343236509006 0.6532814824381882 -0.6532814824381883
vn -0.38268343236509006 -0.6532814824381882 0.6532814824381883
vn 0 0 0
vn 0 0 0
vn 0 0 0
vn 0 0 0
usemtl m_2f782488-5985-7342-163e-a8a36ac958ed
f 770/2305/577 769/2306/577 771/2307/577 772/2308/577
f 775/2309/578 773/2310/578 774/2311/578 776/2312/578
f 769/2313/579 770/2314/579 773/2315/579 774/2316/579
f 771/2317/580 775/2318/580 772/2319/580 776/2320/580
f 769/2321/581 773/2322/581 771/2323/581 775/2324/581
f 770/2325/582 772/2326/582 774/2327/582 776/2328/582
o cuboid
v -0.3379852209435851 0.27992892788391466 0.30845941976440394
v -0.3379852209435851 0.19154058023559617 0.22007107211608548
v -0.23559121540746109 0.22923145442483484 0.35915689322348376
v -0.23559121540746109 0.14084310677651635 0.2707685455751653
v -0.3379852209435851 0.27992892788391466 0.30845941976440394
v -0.3379852209435851 0.19154058023559617 0.22007107211608548
v -0.23559121540746109 0.22923145442483484 0.35915689322348376
v -0.23559121540746109 0.14084310677651635 0.2707685455751653
vt 0.5546875 0.7890625
vt 0.5390625 0.7890625
vt 0.5390625 0.7734375
vt 0.5546875 0.7734375
vt 0.25 0.4453125
vt 0.25 0.4609375
vt 0.234375 0.4609375
vt 0.234375 0.4453125
vt 0 0.984375
vt 0 1
vt 0 0.984375
vt 0 1
vt 0 0.984375
vt 0 0.984375
vt 0 1
vt 0 1
vt 0 1
vt 0 1
vt 0 1
vt 0 1
vt 0 1
vt 0 1
vt 0 1
vt 0 1
vn 0.5735764363510462 0.579227965339569 -0.5792279653395693
vn -0.5735764363510462 -0.579227965339569 0.5792279653395693
vn 0 0 0
vn 0 0 0
vn 0 0 0
vn 0 0 0
usemtl m_2f782488-5985-7342-163e-a8a36ac958ed
f 778/2329/583 777/2330/583 779/2331/583 780/2332/583
f 783/2333/584 781/2334/584 782/2335/584 784/2336/584
f 777/2337/585 778/2338/585 781/2339/585 782/2340/585
f 779/2341/586 783/2342/586 780/2343/586 784/2344/586
f 777/2345/587 781/2346/587 779/2347/587 783/2348/587
f 778/2349/588 780/2350/588 782/2351/588 784/2352/588
o cuboid
v -0.4108630563810408 0.3379203280496287 0.25046801959868986
v -0.4108630563810408 0.24953198040131025 0.16207967195037143
v -0.32641428042908327 0.2727536024904291 0.3156347451578895
v -0.32641428042908327 0.18436525484211064 0.227246397509571
v -0.4108630563810408 0.3379203280496287 0.25046801959868986
v -0.4108630563810408 0.24953198040131025 0.16207967195037143
v -0.32641428042908327 0.2727536024904291 0.3156347451578895
v -0.32641428042908327 0.18436525484211064 0.227246397509571
vt 0.5546875 0.765625
vt 0.5390625 0.765625
vt 0.5390625 0.75
vt 0.5546875 0.75
vt 0.2734375 0.4453125
vt 0.2734375 0.4609375
vt 0.2578125 0.4609375
vt 0.2578125 0.4453125
vt 0 0.984375
vt 0 1
vt 0 0.984375
vt 0 1
vt 0 0.984375
vt 0 0.984375
vt 0 1
vt 0 1
vt 0 1
vt 0 1
vt 0 1
vt 0 1
vt 0 1
vt 0 1
vt 0 1
vt 0 1
vn 0.7372773368101241 0.4777144171082608 -0.477714417108261
vn -0.7372773368101241 -0.4777144171082608 0.477714417108261
vn 0 0 0
vn 0 0 0
vn 0 0 0
vn 0 0 0
usemtl m_2f782488-5985-7342-163e-a8a36ac958ed
f 786/2353/589 785/2354/589 787/2355/589 788/2356/589
f 791/2357/590 789/2358/590 790/2359/590 792/2360/590
f 785/2361/591 786/2362/591 789/2363/591 790/2364/591
f 787/2365/592 791/2366/592 788/2367/592 792/2368/592
f 785/2369/593 789/2370/593 787/2371/593 791/2372/593
f 786/2373/594 788/2374/594 790/2375/594 792/2376/594
o cuboid
v -0.46426270189221935 0.40569075575850955 0.18269759188980897
v -0.46426270189221935 0.31730240811019117 0.09430924424149054
v -0.40176270189221935 0.3291442012965352 0.2592441463517833
v -0.40176270189221935 0.24075585364821678 0.17085579870346487
v -0.46426270189221935 0.40569075575850955 0.18269759188980897
v -0.46426270189221935 0.31730240811019117 0.09430924424149054
v -0.40176270189221935 0.3291442012965352 0.2592441463517833
v -0.40176270189221935 0.24075585364821678 0.17085579870346487
vt 0.5546875 0.7421875
vt 0.5390625 0.7421875
vt 0.5390625 0.7265625
vt 0.5546875 0.7265625
vt 0.296875 0.4453125
vt 0.296875 0.4609375
vt 0.28125 0.4609375
vt 0.28125 0.4453125
vt 0 0.984375
vt 0 1
vt 0 0.984375
vt 0 1
vt 0 0.984375
vt 0 0.984375
vt 0 1
vt 0 1
vt 0 1
vt 0 1
vt 0 1
vt 0 1
vt 0 1
vt 0 1
vt 0 1
vt 0 1
vn 0.8660254037844387 0.3535533905932736 -0.3535533905932739
vn -0.8660254037844387 -0.3535533905932736 0.3535533905932739
vn 0 0 0
vn 0 0 0
vn 0 0 0
vn 0 0 0
usemtl m_2f782488-5985-7342-163e-a8a36ac958ed
f 794/2377/595 793/2378/595 795/2379/595 796/2380/595
f 799/2381/596 797/2382/596 798/2383/596 800/2384/596
f 793/2385/597 794/2386/597 797/2387/597 798/2388/597
f 795/2389/598 799/2390/598 796/2391/598 800/2392/598
f 793/2393/599 797/2394/599 795/2395/599 799/2396/599
f 794/2397/600 796/2398/600 798/2399/600 800/2400/600
o cuboid
v -0.49565258784313054 0.4800273515387766 0.10836099610954197
v -0.49565258784313054 0.39163900389045814 0.01997264846122354
v -0.4580643629050964 0.39572988613794813 0.19265846151037044
v -0.4580643629050964 0.30734153848962964 0.10427011386205201
v -0.49565258784313054 0.4800273515387766 0.10836099610954197
v -0.49565258784313054 0.39163900389045814 0.01997264846122354
v -0.4580643629050964 0.39572988613794813 0.19265846151037044
v -0.4580643629050964 0.30734153848962964 0.10427011386205201
vt 0.5546875 0.71875
vt 0.5390625 0.71875
vt 0.5390625 0.703125
vt 0.5546875 0.703125
vt 0.3203125 0.4453125
vt 0.3203125 0.4609375
vt 0.3046875 0.4609375
vt 0.3046875 0.4453125
vt 0 0.984375
vt 0 1
vt 0 0.984375
vt 0 1
vt 0 0.984375
vt 0 0.984375
vt 0 1
vt 0 1
vt 0 1
vt 0 1
vt 0 1
vt 0 1
vt 0 1
vt 0 1
vt 0 1
vt 0 1
vn 0.953716950748227 0.2126311099715937 -0.21263110997159396
vn -0.953716950748227 -0.2126311099715937 0.21263110997159396
vn 0 0 0
vn 0 0 0
vn 0 0 0
vn 0 0 0
usemtl m_2f782488-5985-7342-163e-a8a36ac958ed
f 802/2401/601 801/2402/601 803/2403/601 804/2404/601
f 807/2405/602 805/2406/602 806/2407/602 808/2408/602
f 801/2409/603 802/2410/603 805/2411/603 806/2412/603
f 803/2413/604 807/2414/604 804/2415/604 808/2416/604
f 801/2417/605 805/2418/605 803/2419/605 807/2420/605
f 802/2421/606 804/2422/606 806/2423/606 808/2424/606
o cuboid
v -0.5035445829676014 0.5574059671162219 0.030982380532096582
v -0.5035445829676014 0.46901761946790355 -0.057405967116221854
v -0.4926501151241441 0.46935396381587713 0.11903438383244141
v -0.4926501151241441 0.3809656161675587 0.030646036184122982
v -0.5035445829676014 0.5574059671162219 0.030982380532096582
v -0.5035445829676014 0.46901761946790355 -0.057405967116221854
v -0.4926501151241441 0.46935396381587713 0.11903438383244141
v -0.4926501151241441 0.3809656161675587 0.030646036184122982
vt 0.5546875 0.6953125
vt 0.5390625 0.6953125
vt 0.5390625 0.6796875
vt 0.5546875 0.6796875
vt 0.34375 0.4453125
vt 0.34375 0.4609375
vt 0.328125 0.4609375
vt 0.328125 0.4453125
vt 0 0.984375
vt 0 1
vt 0 0.984375
vt 0 1
vt 0 0.984375
vt 0 0.984375
vt 0 1
vt 0 1
vt 0 1
vt 0 1
vt 0 1
vt 0 1
vt 0 1
vt 0 1
vt 0 1
vt 0 1
vn 0.9961946980917455 0.06162841671621934 -0.061628416716219575
vn -0.9961946980917455 -0.06162841671621934 0.061628416716219575
vn 0 0 0
vn 0 0 0
vn 0 0 0
vn 0 0 0
usemtl m_2f782488-5985-7342-163e-a8a36ac958ed
f 810/2425/607 809/2426/607 811/2427/607 812/2428/607
f 815/2429/608 813/2430/608 814/2431/608 816/2432/608
f 809/2433/609 810/2434/609 813/2435/609 814/2436/609
f 811/2437/610 815/2438/610 812/2439/610 816/2440/610
f 809/2441/611 813/2442/611 811/2443/611 815/2444/611
f 810/2445/612 812/2446/612 814/2447/612 816/2448/612
o cuboid
v -0.487564543673152 0.6341582381854116 -0.045769890537093044
v -0.487564543673152 0.5457698905370931 -0.13415823818541148
v -0.5038803177006584 0.5465260651041643 0.041862282544154215
v -0.5038803177006584 0.45813771745584586 -0.04652606510416422
v -0.487564543673152 0.6341582381854116 -0.045769890537093044
v -0.487564543673152 0.5457698905370931 -0.13415823818541148
v -0.5038803177006584 0.5465260651041643 0.041862282544154215
v -0.5038803177006584 0.45813771745584586 -0.04652606510416422
vt 0.5546875 0.671875
vt 0.5390625 0.671875
vt 0.5390625 0.65625
vt 0.5546875 0.65625
vt 0.3671875 0.4453125
vt 0.3671875 0.4609375
vt 0.3515625 0.4609375
vt 0.3515625 0.4453125
vt 0 0.984375
vt 0 1
vt 0 0.984375
vt 0 1
vt 0 0.984375
vt 0 0.984375
vt 0 1
vt 0 1
vt 0 1
vt 0 1
vt 0 1
vt 0 1
vt 0 1
vt 0 1
vt 0 1
vt 0 1
vn 0.9914448613738105 -0.09229595564125748 0.09229595564125727
vn -0.9914448613738105 0.09229595564125748 -0.09229595564125727
vn 0 0 0
vn 0 0 0
vn 0 0 0
vn 0 0 0
usemtl m_2f782488-5985-7342-163e-a8a36ac958ed
f 818/2449/613 817/2450/613 819/2451/613 820/2452/613
f 823/2453/614 821/2454/614 822/2455/614 824/2456/614
f 817/2457/615 818/2458/615 821/2459/615 822/2460/615
f 819/2461/616 823/2462/616 820/2463/616 824/2464/616
f 817/2465/617 821/2466/617 819/2467/617 823/2468/617
f 818/2469/618 820/2470/618 822/2471/618 824/2472/618
o cuboid
v -0.4484700514350999 0.7066454941724389 -0.11825714652412048
v -0.4484700514350999 0.6182571465241206 -0.2066454941724389
v -0.49122256935080844 0.6235876161238547 -0.03519926847553616
v -0.49122256935080844 0.5351992684755362 -0.12358761612385459
v -0.4484700514350999 0.7066454941724389 -0.11825714652412048
v -0.4484700514350999 0.6182571465241206 -0.2066454941724389
v -0.49122256935080844 0.6235876161238547 -0.03519926847553616
v -0.49122256935080844 0.5351992684755362 -0.12358761612385459
vt 0.5546875 0.6484375
vt 0.5390625 0.6484375
vt 0.5390625 0.6328125
vt 0.5546875 0.6328125
vt 0.390625 0.4453125
vt 0.390625 0.4609375
vt 0.375 0.4609375
vt 0.375 0.4453125
vt 0 0.984375
vt 0 1
vt 0 0.984375
vt 0 1
vt 0 0.984375
vt 0 0.984375
vt 0 1
vt 0 1
vt 0 1
vt 0 1
vt 0 1
vt 0 1
vt 0 1
vt 0 1
vt 0 1
vt 0 1
vn 0.9396926207859084 -0.2418447626479753 0.24184476264797514
vn -0.9396926207859084 0.2418447626479753 -0.24184476264797514
vn 0 0 0
vn 0 0 0
vn 0 0 0
vn 0 0 0
usemtl m_2f782488-5985-7342-163e-a8a36ac958ed
f 826/2473/619 825/2474/619 827/2475/619 828/2476/619
f 831/2477/620 829/2478/620 830/2479/620 832/2480/620
f 825/2481/621 826/2482/621 829/2483/621 830/2484/621
f 827/2485/622 831/2486/622 828/2487/622 832/2488/622
f 825/2489/623 829/2490/623 827/2491/623 831/2492/623
f 826/2493/624 828/2494/624 830/2495/624 832/2496/624
o cuboid
v -0.3881144973847664 0.7714312602776805 -0.18304291262936204
v -0.3881144973847664 0.683042912629362 -0.2714312602776805
v -0.45527694842811933 0.6968852839615532 -0.10849693631323479
v -0.45527694842811933 0.6084969363132349 -0.19688528396155322
v -0.3881144973847664 0.7714312602776805 -0.18304291262936204
v -0.3881144973847664 0.683042912629362 -0.2714312602776805
v -0.45527694842811933 0.6968852839615532 -0.10849693631323479
v -0.45527694842811933 0.6084969363132349 -0.19688528396155322
vt 0.5546875 0.625
vt 0.5390625 0.625
vt 0.5390625 0.609375
vt 0.5546875 0.609375
vt 0.4140625 0.4453125
vt 0.4140625 0.4609375
vt 0.3984375 0.4609375
vt 0.3984375 0.4453125
vt 0 0.984375
vt 0 1
vt 0 0.984375
vt 0 1
vt 0 0.984375
vt 0 0.984375
vt 0 1
vt 0 1
vt 0 1
vt 0 1
vt 0 1
vt 0 1
vt 0 1
vt 0 1
vt 0 1
vt 0 1
vn 0.8433914458128857 -0.37992819659091537 0.3799281965909152
vn -0.8433914458128857 0.37992819659091537 -0.3799281965909152
vn 0 0 0
vn 0 0 0
vn 0 0 0
vn 0 0 0
usemtl m_2f782488-5985-7342-163e-a8a36ac958ed
f 834/2497/625 833/2498/625 835/2499/625 836/2500/625
f 839/2501/626 837/2502/626 838/2503/626 840/2504/626
f 833/2505/627 834/2506/627 837/2507/627 838/2508/627
f 835/2509/628 839/2510/628 836/2511/628 840/2512/628
f 833/2513/629 837/2514/629 835/2515/629 839/2516/629
f 834/2517/630 836/2518/630 838/2519/630 840/2520/630
o cuboid
v -0.30935921676911454 0.8254441738241592 -0.23705582617584078
v -0.30935921676911454 0.7370558261758408 -0.32544417382415924
v -0.39774756441743303 0.7629441738241592 -0.17455582617584078
v -0.39774756441743303 0.6745558261758408 -0.26294417382415924
v -0.30935921676911454 0.8254441738241592 -0.23705582617584078
v -0.30935921676911454 0.7370558261758408 -0.32544417382415924
v -0.39774756441743303 0.7629441738241592 -0.17455582617584078
v -0.39774756441743303 0.6745558261758408 -0.26294417382415924
vt 0.5546875 0.6015625
vt 0.5390625 0.6015625
vt 0.5390625 0.5859375
vt 0.5546875 0.5859375
vt 0.4375 0.4453125
vt 0.4375 0.4609375
vt 0.421875 0.4609375
vt 0.421875 0.4453125
vt 0 0.984375
vt 0 1
vt 0 0.984375
vt 0 1
vt 0 0.984375
vt 0 0.984375
vt 0 1
vt 0 1
vt 0 1
vt 0 1
vt 0 1
vt 0 1
vt 0 1
vt 0 1
vt 0 1
vt 0 1
vn 0.7071067811865475 -0.5000000000000001 0.5
vn -0.7071067811865475 0.5000000000000001 -0.5
vn 0 0 0
vn 0 0 0
vn 0 0 0
vn 0 0 0
usemtl m_2f782488-5985-7342-163e-a8a36ac958ed
f 842/2521/631 841/2522/631 843/2523/631 844/2524/631
f 847/2525/632 845/2526/632 846/2527/632 848/2528/632
f 841/2529/633 842/2530/633 845/2531/633 846/2532/633
f 843/2533/634 847/2534/634 844/2535/634 848/2536/634
f 841/2537/635 845/2538/635 843/2539/635 847/2540/635
f 842/2541/636 844/2542/636 846/2543/636 848/2544/636
o cuboid
v -0.2159378388101067 0.8661235913756005 -0.277735243727282
v -0.2159378388101067 0.777735243727282 -0.36612359137560047
v -0.3213617695367174 0.818632566801736 -0.23024421915341756
v -0.3213617695367174 0.7302442191534175 -0.318632566801736
v -0.2159378388101067 0.8661235913756005 -0.277735243727282
v -0.2159378388101067 0.777735243727282 -0.36612359137560047
v -0.3213617695367174 0.818632566801736 -0.23024421915341756
v -0.3213617695367174 0.7302442191534175 -0.318632566801736
vt 0.5546875 0.578125
vt 0.5390625 0.578125
vt 0.5390625 0.5625
vt 0.5546875 0.5625
vt 0.4609375 0.4453125
vt 0.4609375 0.4609375
vt 0.4453125 0.4609375
vt 0.4453125 0.4453125
vt 0 0.984375
vt 0 1
vt 0 0.984375
vt 0 1
vt 0 0.984375
vt 0 0.984375
vt 0 1
vt 0 1
vt 0 1
vt 0 1
vt 0 1
vt 0 1
vt 0 1
vt 0 1
vt 0 1
vt 0 1
vn 0.5372996083468241 -0.5963678105290181 0.596367810529018
vn -0.5372996083468241 0.5963678105290181 -0.596367810529018
vn 0 0 0
vn 0 0 0
vn 0 0 0
vn 0 0 0
usemtl m_2f782488-5985-7342-163e-a8a36ac958ed
f 850/2545/637 849/2546/637 851/2547/637 852/2548/637
f 855/2549/638 853/2550/638 854/2551/638 856/2552/638
f 849/2553/639 850/2554/639 853/2555/639 854/2556/639
f 851/2557/640 855/2558/640 852/2559/640 856/2560/640
f 849/2561/641 853/2562/641 851/2563/641 855/2564/641
f 850/2565/642 852/2566/642 854/2567/642 856/2568/642
o cuboid
v -0.11227928286371505 0.891540983683995 -0.30315263603567655
v -0.11227928286371508 0.8031526360356765 -0.39154098368399504
v -0.22974086046195358 0.8613103883529981 -0.2729220407046796
v -0.22974086046195358 0.7729220407046796 -0.3613103883529981
v -0.11227928286371505 0.891540983683995 -0.30315263603567655
v -0.11227928286371508 0.8031526360356765 -0.39154098368399504
v -0.22974086046195358 0.8613103883529981 -0.2729220407046796
v -0.22974086046195358 0.7729220407046796 -0.3613103883529981
vt 0.5546875 0.5546875
vt 0.5390625 0.5546875
vt 0.5390625 0.5390625
vt 0.5546875 0.5390625
vt 0.484375 0.4453125
vt 0.484375 0.4609375
vt 0.46875 0.4609375
vt 0.46875 0.4453125
vt 0 0.984375
vt 0 1
vt 0 0.984375
vt 0 1
vt 0 0.984375
vt 0 0.984375
vt 0 1
vt 0 1
vt 0 1
vt 0 1
vt 0 1
vt 0 1
vt 0 1
vt 0 1
vt 0 1
vt 0 1
vn 0.3420201433256687 -0.6644630243886747 0.6644630243886748
vn -0.3420201433256687 0.6644630243886747 -0.6644630243886748
vn 0 0 0
vn 0 0 0
vn 0 0 0
vn 0 0 0
usemtl m_2f782488-5985-7342-163e-a8a36ac958ed
f 858/2569/643 857/2570/643 859/2571/643 860/2572/643
f 863/2573/644 861/2574/644 862/2575/644 864/2576/644
f 857/2577/645 858/2578/645 861/2579/645 862/2580/645
f 859/2581/646 863/2582/646 860/2583/646 864/2584/646
f 857/2585/647 861/2586/647 859/2587/647 863/2588/647
f 858/2589/648 860/2590/648 862/2591/648 864/2592/648
o cuboid
v -0.0032977922741625376 0.9004913633767266 -0.31210301572840826
v -0.0032977922741625576 0.8121030157284082 -0.40049136337672664
v -0.12722839994588883 0.8889543689215695 -0.30056602127325116
v -0.12722839994588883 0.800566021273251 -0.38895436892156954
v -0.0032977922741625376 0.9004913633767266 -0.31210301572840826
v -0.0032977922741625576 0.8121030157284082 -0.40049136337672664
v -0.12722839994588883 0.8889543689215695 -0.30056602127325116
v -0.12722839994588883 0.800566021273251 -0.38895436892156954
vt 0.5546875 0.53125
vt 0.5390625 0.53125
vt 0.5390625 0.515625
vt 0.5546875 0.515625
vt 0.5078125 0.4453125
vt 0.5078125 0.4609375
vt 0.4921875 0.4609375
vt 0.4921875 0.4453125
vt 0 0.984375
vt 0 1
vt 0 0.984375
vt 0 1
vt 0 0.984375
vt 0 0.984375
vt 0 1
vt 0 1
vt 0 1
vt 0 1
vt 0 1
vt 0 1
vt 0 1
vt 0 1
vt 0 1
vt 0 1
vn 0.13052619222005143 -0.7010573846499779 0.701057384649978
vn -0.13052619222005143 0.7010573846499779 -0.701057384649978
vn 0 0 0
vn 0 0 0
vn 0 0 0
vn 0 0 0
usemtl m_2f782488-5985-7342-163e-a8a36ac958ed
f 866/2593/649 865/2594/649 867/2595/649 868/2596/649
f 871/2597/650 869/2598/650 870/2599/650 872/2600/650
f 865/2601/651 866/2602/651 869/2603/651 870/2604/651
f 867/2605/652 871/2606/652 868/2607/652 872/2608/652
f 865/2609/653 869/2610/653 867/2611/653 871/2612/653
f 866/2613/654 868/2614/654 870/2615/654 872/2616/654
o cuboid
v 0.1058400400045633 0.8925504109807749 -0.30416206333245654
v 0.10584004000456328 0.8041620633324564 -0.3925504109807749
v -0.018684297256904927 0.9002539630703024 -0.311865615421984
v -0.018684297256904948 0.8118656154219839 -0.40025396307030237
v 0.1058400400045633 0.8925504109807749 -0.30416206333245654
v 0.10584004000456328 0.8041620633324564 -0.3925504109807749
v -0.018684297256904927 0.9002539630703024 -0.311865615421984
v -0.018684297256904948 0.8118656154219839 -0.40025396307030237
vt 0.5546875 0.5078125
vt 0.5390625 0.5078125
vt 0.5390625 0.4921875
vt 0.5546875 0.4921875
vt 0.53125 0.4453125
vt 0.53125 0.4609375
vt 0.515625 0.4609375
vt 0.515625 0.4453125
vt 0 0.984375
vt 0 1
vt 0 0.984375
vt 0 1
vt 0 0.984375
vt 0 0.984375
vt 0 1
vt 0 1
vt 0 1
vt 0 1
vt 0 1
vt 0 1
vt 0 1
vt 0 1
vt 0 1
vt 0 1
vn -0.08715574274765832 -0.7044160264027586 0.7044160264027587
vn 0.08715574274765832 0.7044160264027586 -0.7044160264027587
vn 0 0 0
vn 0 0 0
vn 0 0 0
vn 0 0 0
usemtl m_2f782488-5985-7342-163e-a8a36ac958ed
f 874/2617/655 873/2618/655 875/2619/655 876/2620/655
f 879/2621/656 877/2622/656 878/2623/656 880/2624/656
f 873/2625/657 874/2626/657 877/2627/657 878/2628/657
f 875/2629/658 879/2630/658 876/2631/658 880/2632/658
f 873/2633/659 877/2634/659 875/2635/659 879/2636/659
f 874/2637/660 876/2638/660 878/2639/660 880/2640/660
o cuboid
v 0.2099602091739009 0.8680945910542484 -0.2797062434059301
v 0.2099602091739009 0.7797062434059299 -0.36809459105424847
v 0.09074559033037256 0.8946734798006977 -0.3062851321523793
v 0.09074559033037254 0.8062851321523792 -0.39467347980069767
v 0.2099602091739009 0.8680945910542484 -0.2797062434059301
v 0.2099602091739009 0.7797062434059299 -0.36809459105424847
v 0.09074559033037256 0.8946734798006977 -0.3062851321523793
v 0.09074559033037254 0.8062851321523792 -0.39467347980069767
vt 0.5546875 0.484375
vt 0.5390625 0.484375
vt 0.5390625 0.46875
vt 0.5546875 0.46875
vt 0.5546875 0.4453125
vt 0.5546875 0.4609375
vt 0.5390625 0.4609375
vt 0.5390625 0.4453125
vt 0 0.984375
vt 0 1
vt 0 0.984375
vt 0 1
vt 0 0.984375
vt 0 0.984375
vt 0 1
vt 0 1
vt 0 1
vt 0 1
vt 0 1
vt 0 1
vt 0 1
vt 0 1
vt 0 1
vt 0 1
vn -0.3007057995042735 -0.6743797232066278 0.6743797232066279
vn 0.3007057995042735 0.6743797232066278 -0.6743797232066279
vn 0 0 0
vn 0 0 0
vn 0 0 0
vn 0 0 0
usemtl m_2f782488-5985-7342-163e-a8a36ac958ed
f 882/2641/661 881/2642/661 883/2643/661 884/2644/661
f 887/2645/662 885/2646/662 886/2647/662 888/2648/662
f 881/2649/663 882/2650/663 885/2651/663 886/2652/663
f 883/2653/664 887/2654/664 884/2655/664 888/2656/664
f 881/2657/665 885/2658/665 883/2659/665 887/2660/665
f 882/2661/666 884/2662/666 886/2663/666 888/2664/666
o cuboid
v 0.30412658773652745 0.8282833047599769 -0.2398949571116585
v 0.30412658773652745 0.7398949571116584 -0.3282833047599769
v 0.19587341226347263 0.872477478584136 -0.2840891309358178
v 0.19587341226347263 0.7840891309358176 -0.37247747858413616
v 0.30412658773652745 0.8282833047599769 -0.2398949571116585
v 0.30412658773652745 0.7398949571116584 -0.3282833047599769
v 0.19587341226347263 0.872477478584136 -0.2840891309358178
v 0.19587341226347263 0.7840891309358176 -0.37247747858413616
vt 0.015625 0.4375
vt 0 0.4375
vt 0 0.421875
vt 0.015625 0.421875
vt 0.578125 0.984375
vt 0.578125 1
vt 0.5625 1
vt 0.5625 0.984375
vt 0 0.984375
vt 0 1
vt 0 0.984375
vt 0 1
vt 0 0.984375
vt 0 0.984375
vt 0 1
vt 0 1
vt 0 1
vt 0 1
vt 0 1
vt 0 1
vt 0 1
vt 0 1
vt 0 1
vt 0 1
vn -0.5 -0.6123724356957945 0.6123724356957947
vn 0.5 0.6123724356957945 -0.6123724356957947
vn 0 0 0
vn 0 0 0
vn 0 0 0
vn 0 0 0
usemtl m_2f782488-5985-7342-163e-a8a36ac958ed
f 890/2665/667 889/2666/667 891/2667/667 892/2668/667
f 895/2669/668 893/2670/668 894/2671/668 896/2672/668
f 889/2673/669 890/2674/669 893/2675/669 894/2676/669
f 891/2677/670 895/2678/670 892/2679/670 896/2680/670
f 889/2681/671 893/2682/671 891/2683/671 895/2684/671
f 890/2685/672 892/2686/672 894/2687/672 896/2688/672
o cuboid
v 0.3838749373584629 0.7750039249916911 -0.1866155773433728
v 0.3838749373584629 0.6866155773433728 -0.27500392499169124
v 0.29171527025719746 0.8347182271302238 -0.2463298794819054
v 0.29171527025719746 0.7463298794819053 -0.3347182271302238
v 0.3838749373584629 0.7750039249916911 -0.1866155773433728
v 0.3838749373584629 0.6866155773433728 -0.27500392499169124
v 0.29171527025719746 0.8347182271302238 -0.2463298794819054
v 0.29171527025719746 0.7463298794819053 -0.3347182271302238
vt 0.0390625 0.4375
vt 0.0234375 0.4375
vt 0.0234375 0.421875
vt 0.0390625 0.421875
vt 0.578125 0.9609375
vt 0.578125 0.9765625
vt 0.5625 0.9765625
vt 0.5625 0.9609375
vt 0 0.984375
vt 0 1
vt 0 0.984375
vt 0 1
vt 0 0.984375
vt 0 0.984375
vt 0 1
vt 0 1
vt 0 1
vt 0 1
vt 0 1
vt 0 1
vt 0 1
vt 0 1
vt 0 1
vt 0 1
vn -0.6755902076156606 -0.5213338044735966 0.5213338044735969
vn 0.6755902076156606 0.5213338044735966 -0.5213338044735969
vn 0 0 0
vn 0 0 0
vn 0 0 0
vn 0 0 0
usemtl m_2f782488-5985-7342-163e-a8a36ac958ed
f 898/2689/673 897/2690/673 899/2691/673 900/2692/673
f 903/2693/674 901/2694/674 902/2695/674 904/2696/674
f 897/2697/675 898/2698/675 901/2699/675 902/2700/675
f 899/2701/676 903/2702/676 900/2703/676 904/2704/676
f 897/2705/677 901/2706/677 899/2707/677 903/2708/677
f 898/2709/678 900/2710/678 902/2711/678 904/2712/678
o cuboid
v 0.44542454941643633 0.7107823198267554 -0.12239397217843714
v 0.44542454941643633 0.6223939721784371 -0.21078231982675558
v 0.3737274948725556 0.7831858154942016 -0.19479746784588328
v 0.3737274948725556 0.6947974678458831 -0.28318581549420174
v 0.44542454941643633 0.7107823198267554 -0.12239397217843714
v 0.44542454941643633 0.6223939721784371 -0.21078231982675558
v 0.3737274948725556 0.7831858154942016 -0.19479746784588328
v 0.3737274948725556 0.6947974678458831 -0.28318581549420174
vt 0.0625 0.4375
vt 0.046875 0.4375
vt 0.046875 0.421875
vt 0.0625 0.421875
vt 0.578125 0.9375
vt 0.578125 0.953125
vt 0.5625 0.953125
vt 0.5625 0.9375
vt 0 0.984375
vt 0 1
vt 0 0.984375
vt 0 1
vt 0 0.984375
vt 0 0.984375
vt 0 1
vt 0 1
vt 0 1
vt 0 1
vt 0 1
vt 0 1
vt 0 1
vt 0 1
vt 0 1
vt 0 1
vn -0.8191520442889918 -0.4055797876726386 0.40557978767263886
vn 0.8191520442889918 0.4055797876726386 -0.40557978767263886
vn 0 0 0
vn 0 0 0
vn 0 0 0
vn 0 0 0
usemtl m_2f782488-5985-7342-163e-a8a36ac958ed
f 906/2713/679 905/2714/679 907/2715/679 908/2716/679
f 911/2717/680 909/2718/680 910/2719/680 912/2720/680
f 905/2721/681 906/2722/681 909/2723/681 910/2724/681
f 907/2725/682 911/2726/682 908/2727/682 912/2728/682
f 905/2729/683 909/2730/683 907/2731/683 911/2732/683
f 906/2733/684 908/2734/684 910/2735/684 912/2736/684
o cuboid
v 0.4858574807784616 0.6386631062083216 -0.050274758560003296
v 0.4858574807784616 0.5502747585600032 -0.13866310620832173
v 0.4380220517328254 0.7203232915130952 -0.13193494386477683
v 0.4380220517328254 0.6319349438647767 -0.22032329151309527
v 0.4858574807784616 0.6386631062083216 -0.050274758560003296
v 0.4858574807784616 0.5502747585600032 -0.13866310620832173
v 0.4380220517328254 0.7203232915130952 -0.13193494386477683
v 0.4380220517328254 0.6319349438647767 -0.22032329151309527
vt 0.0859375 0.4375
vt 0.0703125 0.4375
vt 0.0703125 0.421875
vt 0.0859375 0.421875
vt 0.578125 0.9140625
vt 0.578125 0.9296875
vt 0.5625 0.9296875
vt 0.5625 0.9140625
vt 0 0.984375
vt 0 1
vt 0 0.984375
vt 0 1
vt 0 0.984375
vt 0 0.984375
vt 0 1
vt 0 1
vt 0 1
vt 0 1
vt 0 1
vt 0 1
vt 0 1
vt 0 1
vt 0 1
vt 0 1
vn -0.923879532511287 -0.2705980500730983 0.27059805007309856
vn 0.923879532511287 0.2705980500730983 -0.27059805007309856
vn 0 0 0
vn 0 0 0
vn 0 0 0
vn 0 0 0
usemtl m_2f782488-5985-7342-163e-a8a36ac958ed
f 914/2737/685 913/2738/685 915/2739/685 916/2740/685
f 919/2741/686 917/2742/686 918/2743/686 920/2744/686
f 913/2745/687 914/2746/687 917/2747/687 918/2748/687
f 915/2749/688 919/2750/688 916/2751/688 920/2752/688
f 913/2753/689 917/2754/689 915/2755/689 919/2756/689
f 914/2757/690 916/2758/690 918/2759/690 920/2760/690
o cuboid
v 0.5032568876102872 0.5620653107886443 0.026323036859674
v 0.5032568876102872 0.47367696314032587 -0.06206531078864443
v 0.48155086540192094 0.6491108408286467 -0.06072249318032838
v 0.48155086540192094 0.5607224931803283 -0.1491108408286468
v 0.5032568876102872 0.5620653107886443 0.026323036859674
v 0.5032568876102872 0.47367696314032587 -0.06206531078864443
v 0.48155086540192094 0.6491108408286467 -0.06072249318032838
v 0.48155086540192094 0.5607224931803283 -0.1491108408286468
vt 0.109375 0.4375
vt 0.09375 0.4375
vt 0.09375 0.421875
vt 0.109375 0.421875
vt 0.578125 0.890625
vt 0.578125 0.90625
vt 0.5625 0.90625
vt 0.5625 0.890625
vt 0 0.984375
vt 0 1
vt 0 0.984375
vt 0 1
vt 0 0.984375
vt 0 0.984375
vt 0 1
vt 0 1
vt 0 1
vt 0 1
vt 0 1
vt 0 1
vt 0 1
vt 0 1
vt 0 1
vt 0 1
vn -0.9848077530122081 -0.12278780396897257 0.12278780396897282
vn 0.9848077530122081 0.12278780396897257 -0.12278780396897282
vn 0 0 0
vn 0 0 0
vn 0 0 0
vn 0 0 0
usemtl m_2f782488-5985-7342-163e-a8a36ac958ed
f 922/2761/691 921/2762/691 923/2763/691 924/2764/691
f 927/2765/692 925/2766/692 926/2767/692 928/2768/692
f 921/2769/693 922/2770/693 925/2771/693 926/2772/693
f 923/2773/694 927/2774/694 924/2775/694 928/2776/694
f 921/2777/695 925/2778/695 923/2779/695 927/2780/695
f 922/2781/696 924/2782/696 926/2783/696 928/2784/696
o cuboid
v 0.5 0.5338247562591372 0.08166018530477363
v 0.5 0.4183398146952263 0.0338247562591374
v 0.5 0.5816601853047734 -0.033824756259137195
v 0.5 0.46617524374086255 -0.08166018530477342
v 0.5 0.5338247562591372 0.08166018530477363
v 0.5 0.4183398146952263 0.0338247562591374
v 0.5 0.5816601853047734 -0.033824756259137195
v 0.5 0.46617524374086255 -0.08166018530477342
vt 0.4140625 0.34375
vt 0.3984375 0.34375
vt 0.3984375 0.328125
vt 0.4140625 0.328125
vt 0.671875 0.5859375
vt 0.671875 0.6015625
vt 0.65625 0.6015625
vt 0.65625 0.5859375
vt 0 0.984375
vt 0 1
vt 0 0.984375
vt 0 1
vt 0 0.984375
vt 0 0.984375
vt 0 1
vt 0 1
vt 0 1
vt 0 1
vt 0 1
vt 0 1
vt 0 1
vt 0 1
vt 0 1
vt 0 1
vn -1 3.070173964758926e-16 -2.0514246579479133e-16
vn 1 -3.070173964758926e-16 2.0514246579479133e-16
vn 0 0 0
vn 0 0 0
vn 0 0 0
vn 0 0 0
usemtl m_2f782488-5985-7342-163e-a8a36ac958ed
f 930/2785/697 929/2786/697 931/2787/697 932/2788/697
f 935/2789/698 933/2790/698 934/2791/698 936/2792/698
f 929/2793/699 930/2794/699 933/2795/699 934/2796/699
f 931/2797/700 935/2798/700 932/2799/700 936/2800/700
f 929/2801/701 933/2802/701 931/2803/701 935/2804/701
f 930/2805/702 932/2806/702 934/2807/702 936/2808/702
o cuboid
v 0.47462052768883517 0.49297777441308943 0.1802735228595096
v 0.47462052768883517 0.3774928328491786 0.1324380938138734
v 0.501675479431098 0.539679312789213 0.06752603552818465
v 0.501675479431098 0.4241943712253021 0.01969060648254841
v 0.47462052768883517 0.49297777441308943 0.1802735228595096
v 0.47462052768883517 0.3774928328491786 0.1324380938138734
v 0.501675479431098 0.539679312789213 0.06752603552818465
v 0.501675479431098 0.4241943712253021 0.01969060648254841
vt 0.4375 0.34375
vt 0.421875 0.34375
vt 0.421875 0.328125
vt 0.4375 0.328125
vt 0.671875 0.5625
vt 0.671875 0.578125
vt 0.65625 0.578125
vt 0.65625 0.5625
vt 0 0.984375
vt 0 1
vt 0 0.984375
vt 0 1
vt 0 0.984375
vt 0 0.984375
vt 0 1
vt 0 1
vt 0 1
vt 0 1
vt 0 1
vt 0 1
vt 0 1
vt 0 1
vt 0 1
vt 0 1
vn -0.9762960071199334 0.08282785436160844 -0.19996412934205807
vn 0.9762960071199334 -0.08282785436160844 0.19996412934205807
vn 0 0 0
vn 0 0 0
vn 0 0 0
vn 0 0 0
usemtl m_2f782488-5985-7342-163e-a8a36ac958ed
f 938/2809/703 937/2810/703 939/2811/703 940/2812/703
f 943/2813/704 941/2814/704 942/2815/704 944/2816/704
f 937/2817/705 938/2818/705 941/2819/705 942/2820/705
f 939/2821/706 943/2822/706 940/2823/706 944/2824/706
f 937/2825/707 941/2826/707 939/2827/707 943/2828/707
f 938/2829/708 940/2830/708 942/2831/708 944/2832/708
o cuboid
v 0.4267402521595313 0.4552011563702563 0.27147434647910546
v 0.4267402521595313 0.3397162148063455 0.22363891743346925
v 0.47956753487711873 0.4985547782105556 0.16680944465426056
v 0.47956753487711873 0.38306983664664473 0.11897401560862435
v 0.4267402521595313 0.4552011563702563 0.27147434647910546
v 0.4267402521595313 0.3397162148063455 0.22363891743346925
v 0.47956753487711873 0.4985547782105556 0.16680944465426056
v 0.47956753487711873 0.38306983664664473 0.11897401560862435
vt 0.4609375 0.34375
vt 0.4453125 0.34375
vt 0.4453125 0.328125
vt 0.4609375 0.328125
vt 0.671875 0.5390625
vt 0.671875 0.5546875
vt 0.65625 0.5546875
vt 0.65625 0.5390625
vt 0 0.984375
vt 0 1
vt 0 0.984375
vt 0 1
vt 0 0.984375
vt 0 0.984375
vt 0 1
vt 0 1
vt 0 1
vt 0 1
vt 0 1
vt 0 1
vt 0 1
vt 0 1
vt 0 1
vt 0 1
vn -0.9063077870366499 0.16172900698309897 -0.39044836208772987
vn 0.9063077870366499 -0.16172900698309897 0.39044836208772987
vn 0 0 0
vn 0 0 0
vn 0 0 0
vn 0 0 0
usemtl m_2f782488-5985-7342-163e-a8a36ac958ed
f 946/2833/709 945/2834/709 947/2835/709 948/2836/709
f 951/2837/710 949/2838/710 950/2839/710 952/2840/710
f 945/2841/711 946/2842/711 949/2843/711 950/2844/711
f 947/2845/712 951/2846/712 948/2847/712 952/2848/712
f 945/2849/713 949/2850/713 947/2851/713 951/2852/713
f 946/2853/714 948/2854/714 950/2855/714 952/2856/714
o cuboid
v 0.35862908083257256 0.4222858155008783 0.3509390088160913
v 0.35862908083257256 0.3068008739369675 0.3031035797704551
v 0.4347242594586626 0.46023621291849814 0.25931864467302457
v 0.4347242594586626 0.34475127135458733 0.21148321562738837
v 0.35862908083257256 0.4222858155008783 0.3509390088160913
v 0.35862908083257256 0.3068008739369675 0.3031035797704551
v 0.4347242594586626 0.46023621291849814 0.25931864467302457
v 0.4347242594586626 0.34475127135458733 0.21148321562738837
vt 0.484375 0.34375
vt 0.46875 0.34375
vt 0.46875 0.328125
vt 0.484375 0.328125
vt 0.671875 0.515625
vt 0.671875 0.53125
vt 0.65625 0.53125
vt 0.65625 0.515625
vt 0 0.984375
vt 0 1
vt 0 0.984375
vt 0 1
vt 0 0.984375
vt 0 0.984375
vt 0 1
vt 0 1
vt 0 1
vt 0 1
vt 0 1
vt 0 1
vt 0 1
vt 0 1
vt 0 1
vt 0 1
vn -0.7933533402912352 0.23296291314453443 -0.5624222244434798
vn 0.7933533402912352 -0.23296291314453443 0.5624222244434798
vn 0 0 0
vn 0 0 0
vn 0 0 0
vn 0 0 0
usemtl m_2f782488-5985-7342-163e-a8a36ac958ed
f 954/2857/715 953/2858/715 955/2859/715 956/2860/715
f 959/2861/716 957/2862/716 958/2863/716 960/2864/716
f 953/2865/717 954/2866/717 957/2867/717 958/2868/717
f 955/2869/718 959/2870/718 956/2871/718 960/2872/718
f 953/2873/719 957/2874/719 955/2875/719 959/2876/719
f 954/2877/720 956/2878/720 958/2879/720 960/2880/720
o cuboid
v 0.2735160271483335 0.3957922018161809 0.41490025028996125
v 0.2735160271483335 0.28030726025227004 0.36706482124432505
v 0.36927158253820574 0.42654022291075544 0.3406679607473053
v 0.36927158253820574 0.31105528134684457 0.2928325317016691
v 0.2735160271483335 0.3957922018161809 0.41490025028996125
v 0.2735160271483335 0.28030726025227004 0.36706482124432505
v 0.36927158253820574 0.42654022291075544 0.3406679607473053
v 0.36927158253820574 0.31105528134684457 0.2928325317016691
vt 0.5078125 0.34375
vt 0.4921875 0.34375
vt 0.4921875 0.328125
vt 0.5078125 0.328125
vt 0.671875 0.4921875
vt 0.671875 0.5078125
vt 0.65625 0.5078125
vt 0.65625 0.4921875
vt 0 0.984375
vt 0 1
vt 0 0.984375
vt 0 1
vt 0 0.984375
vt 0 0.984375
vt 0 1
vt 0 1
vt 0 1
vt 0 1
vt 0 1
vt 0 1
vt 0 1
vt 0 1
vt 0 1
vt 0 1
vn -0.6427876096865393 0.29315251683697446 -0.7077327819916304
vn 0.6427876096865393 -0.29315251683697446 0.7077327819916304
vn 0 0 0
vn 0 0 0
vn 0 0 0
vn 0 0 0
usemtl m_2f782488-5985-7342-163e-a8a36ac958ed
f 962/2881/721 961/2882/721 963/2883/721 964/2884/721
f 967/2885/722 965/2886/722 966/2887/722 968/2888/722
f 961/2889/723 962/2890/723 965/2891/723 966/2892/723
f 963/2893/724 967/2894/724 964/2895/724 968/2896/724
f 961/2897/725 965/2898/725 963/2899/725 967/2900/725
f 962/2901/726 964/2902/726 966/2903/726 968/2904/726
o cuboid
v 0.17543612954387808 0.37697632417646265 0.46032579727572165
v 0.17543612954387808 0.2614913826125519 0.41249036823008545
v 0.2863124836911558 0.399064267201788 0.40700078565905684
v 0.2863124836911558 0.28357932563787724 0.35916535661342064
v 0.17543612954387808 0.37697632417646265 0.46032579727572165
v 0.17543612954387808 0.2614913826125519 0.41249036823008545
v 0.2863124836911558 0.399064267201788 0.40700078565905684
v 0.2863124836911558 0.28357932563787724 0.35916535661342064
vt 0.53125 0.34375
vt 0.515625 0.34375
vt 0.515625 0.328125
vt 0.53125 0.328125
vt 0.671875 0.46875
vt 0.671875 0.484375
vt 0.65625 0.484375
vt 0.65625 0.46875
vt 0 0.984375
vt 0 1
vt 0 0.984375
vt 0 1
vt 0 0.984375
vt 0 0.984375
vt 0 1
vt 0 1
vt 0 1
vt 0 1
vt 0 1
vt 0 1
vt 0 1
vt 0 1
vt 0 1
vt 0 1
vn -0.46174861323503386 0.33944435018566016 -0.8194911538891425
vn 0.46174861323503386 -0.33944435018566016 0.8194911538891425
vn 0 0 0
vn 0 0 0
vn 0 0 0
vn 0 0 0
usemtl m_2f782488-5985-7342-163e-a8a36ac958ed
f 970/2905/727 969/2906/727 971/2907/727 972/2908/727
f 975/2909/728 973/2910/728 974/2911/728 976/2912/728
f 969/2913/729 970/2914/729 973/2915/729 974/2916/729
f 971/2917/730 975/2918/730 972/2919/730 976/2920/730
f 969/2921/731 973/2922/731 971/2923/731 975/2924/731
f 970/2925/732 972/2926/732 974/2927/732 976/2928/732
o cuboid
v 0.0690391584081936 0.3667302054409318 0.48506211608872535
v 0.06903915840819357 0.251245263877021 0.43722668704308915
v 0.1897798866943271 0.37911092550859277 0.45517241378943357
v 0.1897798866943271 0.26362598394468195 0.40733698474379737
v 0.0690391584081936 0.3667302054409318 0.48506211608872535
v 0.06903915840819357 0.251245263877021 0.43722668704308915
v 0.1897798866943271 0.37911092550859277 0.45517241378943357
v 0.1897798866943271 0.26362598394468195 0.40733698474379737
vt 0.5546875 0.34375
vt 0.5390625 0.34375
vt 0.5390625 0.328125
vt 0.5546875 0.328125
vt 0.671875 0.4453125
vt 0.671875 0.4609375
vt 0.65625 0.4609375
vt 0.65625 0.4453125
vt 0 0.984375
vt 0 1
vt 0 0.984375
vt 0 1
vt 0 0.984375
vt 0 0.984375
vt 0 1
vt 0 1
vt 0 1
vt 0 1
vt 0 1
vt 0 1
vt 0 1
vt 0 1
vt 0 1
vt 0 1
vn -0.25881904510252063 0.3696438106143862 -0.8923991008325227
vn 0.25881904510252063 -0.3696438106143862 0.8923991008325227
vn 0 0 0
vn 0 0 0
vn 0 0 0
vn 0 0 0
usemtl m_2f782488-5985-7342-163e-a8a36ac958ed
f 978/2929/733 977/2930/733 979/2931/733 980/2932/733
f 983/2933/734 981/2934/734 982/2935/734 984/2936/734
f 977/2937/735 978/2938/735 981/2939/735 982/2940/735
f 979/2941/736 983/2942/736 980/2943/736 984/2944/736
f 977/2945/737 981/2946/737 979/2947/737 983/2948/737
f 978/2949/738 980/2950/738 982/2951/738 984/2952/738
o cuboid
v -0.04063082016619814 0.365539593460699 0.4879365076789274
v -0.040630820166198164 0.2500546518967882 0.4401010786332912
v 0.08425020753153409 0.3676261455700276 0.48289912527798795
v 0.08425020753153406 0.25214120400611684 0.43506369623235175
v -0.04063082016619814 0.365539593460699 0.4879365076789274
v -0.040630820166198164 0.2500546518967882 0.4401010786332912
v 0.08425020753153409 0.3676261455700276 0.48289912527798795
v 0.08425020753153406 0.25214120400611684 0.43506369623235175
vt 0.578125 0.34375
vt 0.5625 0.34375
vt 0.5625 0.328125
vt 0.578125 0.328125
vt 0.671875 0.421875
vt 0.671875 0.4375
vt 0.65625 0.4375
vt 0.65625 0.421875
vt 0 0.984375
vt 0 1
vt 0 0.984375
vt 0 1
vt 0 0.984375
vt 0 0.984375
vt 0 1
vt 0 1
vt 0 1
vt 0 1
vt 0 1
vt 0 1
vt 0 1
vt 0 1
vt 0 1
vt 0 1
vn -0.0436193873653359 0.3823192025331842 -0.9230002039112791
vn 0.0436193873653359 -0.3823192025331842 0.9230002039112791
vn 0 0 0
vn 0 0 0
vn 0 0 0
vn 0 0 0
usemtl m_2f782488-5985-7342-163e-a8a36ac958ed
f 986/2953/739 985/2954/739 987/2955/739 988/2956/739
f 991/2957/740 989/2958/740 990/2959/740 992/2960/740
f 985/2961/741 986/2962/741 989/2963/741 990/2964/741
f 987/2965/742 991/2966/742 988/2967/742 992/2968/742
f 985/2969/743 989/2970/743 987/2971/743 991/2972/743
f 986/2973/744 988/2974/744 990/2975/744 992/2976/744
o cuboid
v -0.14837457339672822 0.373460932751569 0.4688127029307502
v -0.14837457339672822 0.2579759911876581 0.420977273885114
v -0.025273604270202192 0.36515439766987845 0.4888664525812953
v -0.02527360427020222 0.24966945610596764 0.4410310235356591
v -0.14837457339672822 0.373460932751569 0.4688127029307502
v -0.14837457339672822 0.2579759911876581 0.420977273885114
v -0.025273604270202192 0.36515439766987845 0.4888664525812953
v -0.02527360427020222 0.24966945610596764 0.4410310235356591
vt 0.6015625 0.34375
vt 0.5859375 0.34375
vt 0.5859375 0.328125
vt 0.6015625 0.328125
vt 0.671875 0.3984375
vt 0.671875 0.4140625
vt 0.65625 0.4140625
vt 0.65625 0.3984375
vt 0 0.984375
vt 0 1
vt 0 0.984375
vt 0 1
vt 0 0.984375
vt 0 0.984375
vt 0 1
vt 0 1
vt 0 1
vt 0 1
vt 0 1
vt 0 1
vt 0 1
vt 0 1
vt 0 1
vt 0 1
vn 0.17364817766693044 0.3768696111424634 -0.9098437264664095
vn -0.17364817766693044 -0.3768696111424634 0.9098437264664095
vn 0 0 0
vn 0 0 0
vn 0 0 0
vn 0 0 0
usemtl m_2f782488-5985-7342-163e-a8a36ac958ed
f 994/2977/745 993/2978/745 995/2979/745 996/2980/745
f 999/2981/746 997/2982/746 998/2983/746 1000/2984/746
f 993/2985/747 994/2986/747 997/2987/747 998/2988/747
f 995/2989/748 999/2990/748 996/2991/748 1000/2992/748
f 993/2993/749 997/2994/749 995/2995/749 999/2996/749
f 994/2997/750 996/2998/750 998/2999/750 1000/3000/750
o cuboid
v -0.2490841869645003 0.39011868857323895 0.4285973229073753
v -0.2490841869645003 0.27463374700932813 0.3807618938617391
v -0.13359924540058948 0.37181286239739814 0.47279149673153453
v -0.13359924540058948 0.2563279208334873 0.42495606768589833
v -0.2490841869645003 0.39011868857323895 0.4285973229073753
v -0.2490841869645003 0.27463374700932813 0.3807618938617391
v -0.13359924540058948 0.37181286239739814 0.47279149673153453
v -0.13359924540058948 0.2563279208334873 0.42495606768589833
vt 0.625 0.34375
vt 0.609375 0.34375
vt 0.609375 0.328125
vt 0.625 0.328125
vt 0.671875 0.375
vt 0.671875 0.390625
vt 0.65625 0.390625
vt 0.65625 0.375
vt 0 0.984375
vt 0 1
vt 0 0.984375
vt 0 1
vt 0 0.984375
vt 0 0.984375
vt 0 1
vt 0 1
vt 0 1
vt 0 1
vt 0 1
vt 0 1
vt 0 1
vt 0 1
vt 0 1
vt 0 1
vn 0.3826834323650898 0.3535533905932738 -0.8535533905932736
vn -0.3826834323650898 -0.3535533905932738 0.8535533905932736
vn 0 0 0
vn 0 0 0
vn 0 0 0
vn 0 0 0
usemtl m_2f782488-5985-7342-163e-a8a36ac958ed
f 1002/3001/751 1001/3002/751 1003/3003/751 1004/3004/751
f 1007/3005/752 1005/3006/752 1006/3007/752 1008/3008/752
f 1001/3009/753 1002/3010/753 1005/3011/753 1006/3012/753
f 1003/3013/754 1007/3014/754 1004/3015/754 1008/3016/754
f 1001/3017/755 1005/3018/755 1003/3019/755 1007/3020/755
f 1002/3021/756 1004/3022/756 1006/3023/756 1008/3024/756
o cuboid
v -0.3379852209435851 0.4147231502749194 0.3691968977722889
v -0.3379852209435851 0.2992382087110086 0.3213614687266527
v -0.23559121540746109 0.38728587535160003 0.43543633900672574
v -0.23559121540746109 0.2718009337876892 0.38760090996108953
v -0.3379852209435851 0.4147231502749194 0.3691968977722889
v -0.3379852209435851 0.2992382087110086 0.3213614687266527
v -0.23559121540746109 0.38728587535160003 0.43543633900672574
v -0.23559121540746109 0.2718009337876892 0.38760090996108953
vt 0.6484375 0.34375
vt 0.6328125 0.34375
vt 0.6328125 0.328125
vt 0.6484375 0.328125
vt 0.671875 0.3515625
vt 0.671875 0.3671875
vt 0.65625 0.3671875
vt 0.65625 0.3515625
vt 0 0.984375
vt 0 1
vt 0 0.984375
vt 0 1
vt 0 0.984375
vt 0 0.984375
vt 0 1
vt 0 1
vt 0 1
vt 0 1
vt 0 1
vt 0 1
vt 0 1
vt 0 1
vt 0 1
vt 0 1
vn 0.5735764363510462 0.31347591593739144 -0.7567978077333787
vn -0.5735764363510462 -0.31347591593739144 0.7567978077333787
vn 0 0 0
vn 0 0 0
vn 0 0 0
vn 0 0 0
usemtl m_2f782488-5985-7342-163e-a8a36ac958ed
f 1010/3025/757 1009/3026/757 1011/3027/757 1012/3028/757
f 1015/3029/758 1013/3030/758 1014/3031/758 1016/3032/758
f 1009/3033/759 1010/3034/759 1013/3035/759 1014/3036/759
f 1011/3037/760 1015/3038/760 1012/3039/760 1016/3040/760
f 1009/3041/761 1013/3042/761 1011/3043/761 1015/3044/761
f 1010/3045/762 1012/3046/762 1014/3047/762 1016/3048/762
o cuboid
v -0.4108630563810408 0.44610786988662143 0.29342748203444124
v -0.4108630563810408 0.33062292832271056 0.24559205298880504
v -0.32641428042908327 0.4108398921546851 0.3785719121923542
v -0.32641428042908327 0.2953549505907742 0.330736483146718
v -0.4108630563810408 0.44610786988662143 0.29342748203444124
v -0.4108630563810408 0.33062292832271056 0.24559205298880504
v -0.32641428042908327 0.4108398921546851 0.3785719121923542
v -0.32641428042908327 0.2953549505907742 0.330736483146718
vt 0.671875 0.34375
vt 0.65625 0.34375
vt 0.65625 0.328125
vt 0.671875 0.328125
vt 0.015625 0.3046875
vt 0.015625 0.3203125
vt 0 0.3203125
vt 0 0.3046875
vt 0 0.984375
vt 0 1
vt 0 0.984375
vt 0 1
vt 0 0.984375
vt 0 0.984375
vt 0 1
vt 0 1
vt 0 1
vt 0 1
vt 0 1
vt 0 1
vt 0 1
vt 0 1
vt 0 1
vt 0 1
vn 0.7372773368101241 0.2585371795226044 -0.6241639651811595
vn -0.7372773368101241 -0.2585371795226044 0.6241639651811595
vn 0 0 0
vn 0 0 0
vn 0 0 0
vn 0 0 0
usemtl m_2f782488-5985-7342-163e-a8a36ac958ed
f 1018/3049/763 1017/3050/763 1019/3051/763 1020/3052/763
f 1023/3053/764 1021/3054/764 1022/3055/764 1024/3056/764
f 1017/3057/765 1018/3058/765 1021/3059/765 1022/3060/765
f 1019/3061/766 1023/3062/766 1020/3063/766 1024/3064/766
f 1017/3065/767 1021/3066/767 1019/3067/767 1023/3068/767
f 1018/3069/768 1020/3070/768 1022/3071/768 1024/3072/768
o cuboid
v -0.4642627018922193 0.4827849610679075 0.20488115107618576
v -0.4642627018922193 0.3673000195039967 0.1570457220305495
v -0.4017627018922193 0.44135826431345854 0.3048940442250939
v -0.4017627018922193 0.3258733227495477 0.2570586151794577
v -0.4642627018922193 0.4827849610679075 0.20488115107618576
v -0.4642627018922193 0.3673000195039967 0.1570457220305495
v -0.4017627018922193 0.44135826431345854 0.3048940442250939
v -0.4017627018922193 0.3258733227495477 0.2570586151794577
vt 0.6953125 1
vt 0.6796875 1
vt 0.6796875 0.984375
vt 0.6953125 0.984375
vt 0.0390625 0.3046875
vt 0.0390625 0.3203125
vt 0.0234375 0.3203125
vt 0.0234375 0.3046875
vt 0 0.984375
vt 0 1
vt 0 0.984375
vt 0 1
vt 0 0.984375
vt 0 0.984375
vt 0 1
vt 0 1
vt 0 1
vt 0 1
vt 0 1
vt 0 1
vt 0 1
vt 0 1
vt 0 1
vt 0 1
vn 0.8660254037844387 0.1913417161825448 -0.4619397662556435
vn -0.8660254037844387 -0.1913417161825448 0.4619397662556435
vn 0 0 0
vn 0 0 0
vn 0 0 0
vn 0 0 0
usemtl m_2f782488-5985-7342-163e-a8a36ac958ed
f 1026/3073/769 1025/3074/769 1027/3075/769 1028/3076/769
f 1031/3077/770 1029/3078/770 1030/3079/770 1032/3080/770
f 1025/3081/771 1026/3082/771 1029/3083/771 1030/3084/771
f 1027/3085/772 1031/3086/772 1028/3087/772 1032/3088/772
f 1025/3089/773 1029/3090/773 1027/3091/773 1031/3092/773
f 1026/3093/774 1028/3094/774 1030/3095/774 1032/3096/774
o cuboid
v -0.49565258784313054 0.5230156368023323 0.10775570809470332
v -0.49565258784313054 0.40753069523842145 0.05992027904906709
v -0.4580643629050964 0.47739417727519495 0.2178956544203735
v -0.4580643629050964 0.3619092357112841 0.1700602253747373
v -0.49565258784313054 0.5230156368023323 0.10775570809470332
v -0.49565258784313054 0.40753069523842145 0.05992027904906709
v -0.4580643629050964 0.47739417727519495 0.2178956544203735
v -0.4580643629050964 0.3619092357112841 0.1700602253747373
vt 0.6953125 0.9765625
vt 0.6796875 0.9765625
vt 0.6796875 0.9609375
vt 0.6953125 0.9609375
vt 0.0625 0.3046875
vt 0.0625 0.3203125
vt 0.046875 0.3203125
vt 0.046875 0.3046875
vt 0 0.984375
vt 0 1
vt 0 0.984375
vt 0 1
vt 0 0.984375
vt 0 0.984375
vt 0 1
vt 0 1
vt 0 1
vt 0 1
vt 0 1
vt 0 1
vt 0 1
vt 0 1
vt 0 1
vt 0 1
vn 0.953716950748227 0.11507512748638364 -0.2778159334694407
vn -0.953716950748227 -0.11507512748638364 0.2778159334694407
vn 0 0 0
vn 0 0 0
vn 0 0 0
vn 0 0 0
usemtl m_2f782488-5985-7342-163e-a8a36ac958ed
f 1034/3097/775 1033/3098/775 1035/3099/775 1036/3100/775
f 1039/3101/776 1037/3102/776 1038/3103/776 1040/3104/776
f 1033/3105/777 1034/3106/777 1037/3107/777 1038/3108/777
f 1035/3109/778 1039/3110/778 1036/3111/778 1040/3112/778
f 1033/3113/779 1037/3114/779 1035/3115/779 1039/3116/779
f 1034/3117/780 1036/3118/780 1038/3119/780 1040/3120/780
o cuboid
v -0.5035445829676014 0.5648926417875575 0.006655674707806945
v -0.5035445829676014 0.4494077002236467 -0.041179754337829284
v -0.4926501151241441 0.5172392409913508 0.12170116120320996
v -0.4926501151241441 0.40175429942744 0.07386573215757374
v -0.5035445829676014 0.5648926417875575 0.006655674707806945
v -0.5035445829676014 0.4494077002236467 -0.041179754337829284
v -0.4926501151241441 0.5172392409913508 0.12170116120320996
v -0.4926501151241441 0.40175429942744 0.07386573215757374
vt 0.6953125 0.953125
vt 0.6796875 0.953125
vt 0.6796875 0.9375
vt 0.6953125 0.9375
vt 0.0859375 0.3046875
vt 0.0859375 0.3203125
vt 0.0703125 0.3203125
vt 0.0703125 0.3046875
vt 0 0.984375
vt 0 1
vt 0 0.984375
vt 0 1
vt 0 0.984375
vt 0 0.984375
vt 0 1
vt 0 1
vt 0 1
vt 0 1
vt 0 1
vt 0 1
vt 0 1
vt 0 1
vt 0 1
vt 0 1
vn 0.9961946980917455 0.03335305878500252 -0.08052140686538069
vn -0.9961946980917455 -0.03335305878500252 0.08052140686538069
vn 0 0 0
vn 0 0 0
vn 0 0 0
vn 0 0 0
usemtl m_2f782488-5985-7342-163e-a8a36ac958ed
f 1042/3121/781 1041/3122/781 1043/3123/781 1044/3124/781
f 1047/3125/782 1045/3126/782 1046/3127/782 1048/3128/782
f 1041/3129/783 1042/3130/783 1045/3131/783 1046/3132/783
f 1043/3133/784 1047/3134/784 1044/3135/784 1048/3136/784
f 1041/3137/785 1045/3138/785 1043/3139/785 1047/3140/785
f 1042/3141/786 1044/3142/786 1046/3143/786 1048/3144/786
o cuboid
v -0.487564543673152 0.6064306715675667 -0.09362600014134877
v -0.487564543673152 0.4909457300036559 -0.141461429186985
v -0.5038803177006584 0.5590044812486592 0.020870951738245408
v -0.5038803177006584 0.44351953968474833 -0.02696447730739082
v -0.487564543673152 0.6064306715675667 -0.09362600014134877
v -0.487564543673152 0.4909457300036559 -0.141461429186985
v -0.5038803177006584 0.5590044812486592 0.020870951738245408
v -0.5038803177006584 0.44351953968474833 -0.02696447730739082
vt 0.6953125 0.9296875
vt 0.6796875 0.9296875
vt 0.6796875 0.9140625
vt 0.6953125 0.9140625
vt 0.109375 0.3046875
vt 0.109375 0.3203125
vt 0.09375 0.3203125
vt 0.09375 0.3046875
vt 0 0.984375
vt 0 1
vt 0 0.984375
vt 0 1
vt 0 0.984375
vt 0 0.984375
vt 0 1
vt 0 1
vt 0 1
vt 0 1
vt 0 1
vt 0 1
vt 0 1
vt 0 1
vt 0 1
vt 0 1
vn 0.9914448613738105 -0.04995021125231505 0.1205904774487396
vn -0.9914448613738105 0.04995021125231505 -0.1205904774487396
vn 0 0 0
vn 0 0 0
vn 0 0 0
vn 0 0 0
usemtl m_2f782488-5985-7342-163e-a8a36ac958ed
f 1050/3145/787 1049/3146/787 1051/3147/787 1052/3148/787
f 1055/3149/788 1053/3150/788 1054/3151/788 1056/3152/788
f 1049/3153/789 1050/3154/789 1053/3155/789 1054/3156/789
f 1051/3157/790 1055/3158/790 1052/3159/790 1056/3160/790
f 1049/3161/791 1053/3162/791 1051/3163/791 1055/3164/791
f 1050/3165/792 1052/3166/792 1054/3167/792 1056/3168/792
o cuboid
v -0.4484700514350999 0.6456604918180451 -0.1883351642395122
v -0.4484700514350999 0.5301755502541342 -0.23617059328514844
v -0.49122256935080844 0.6007098921317328 -0.07981481684001336
v -0.49122256935080844 0.48522495056782194 -0.1276502458856496
v -0.4484700514350999 0.6456604918180451 -0.1883351642395122
v -0.4484700514350999 0.5301755502541342 -0.23617059328514844
v -0.49122256935080844 0.6007098921317328 -0.07981481684001336
v -0.49122256935080844 0.48522495056782194 -0.1276502458856496
vt 0.6953125 0.90625
vt 0.6796875 0.90625
vt 0.6796875 0.890625
vt 0.6953125 0.890625
vt 0.1328125 0.3046875
vt 0.1328125 0.3203125
vt 0.1171875 0.3203125
vt 0.1171875 0.3046875
vt 0 0.984375
vt 0 1
vt 0 0.984375
vt 0 1
vt 0 0.984375
vt 0 0.984375
vt 0 1
vt 0 1
vt 0 1
vt 0 1
vt 0 1
vt 0 1
vt 0 1
vt 0 1
vt 0 1
vt 0 1
vn 0.9396926207859085 -0.13088544238586702 0.31598541012516196
vn -0.9396926207859085 0.13088544238586702 -0.31598541012516196
vn 0 0 0
vn 0 0 0
vn 0 0 0
vn 0 0 0
usemtl m_2f782488-5985-7342-163e-a8a36ac958ed
f 1058/3169/793 1057/3170/793 1059/3171/793 1060/3172/793
f 1063/3173/794 1061/3174/794 1062/3175/794 1064/3176/794
f 1057/3177/795 1058/3178/795 1061/3179/795 1062/3180/795
f 1059/3181/796 1063/3182/796 1060/3183/796 1064/3184/796
f 1057/3185/797 1061/3186/797 1059/3187/797 1063/3188/797
f 1058/3189/798 1060/3190/798 1062/3191/798 1064/3192/798
o cuboid
v -0.38811449738476644 0.6807222957791854 -0.27298184688376403
v -0.38811449738476644 0.5652373542152747 -0.32081727592940024
v -0.4552769484281194 0.6403783041153066 -0.17558283504856065
v -0.4552769484281194 0.5248933625513957 -0.2234182640941969
v -0.38811449738476644 0.6807222957791854 -0.27298184688376403
v -0.38811449738476644 0.5652373542152747 -0.32081727592940024
v -0.4552769484281194 0.6403783041153066 -0.17558283504856065
v -0.4552769484281194 0.5248933625513957 -0.2234182640941969
vt 0.6953125 0.8828125
vt 0.6796875 0.8828125
vt 0.6796875 0.8671875
vt 0.6953125 0.8671875
vt 0.15625 0.3046875
vt 0.15625 0.3203125
vt 0.140625 0.3203125
vt 0.140625 0.3046875
vt 0 0.984375
vt 0 1
vt 0 0.984375
vt 0 1
vt 0 0.984375
vt 0 0.984375
vt 0 1
vt 0 1
vt 0 1
vt 0 1
vt 0 1
vt 0 1
vt 0 1
vt 0 1
vt 0 1
vt 0 1
vn 0.8433914458128858 -0.20561565833058126 0.4964001109779611
vn -0.8433914458128858 0.20561565833058126 -0.4964001109779611
vn 0 0 0
vn 0 0 0
vn 0 0 0
vn 0 0 0
usemtl m_2f782488-5985-7342-163e-a8a36ac958ed
f 1066/3193/799 1065/3194/799 1067/3195/799 1068/3196/799
f 1071/3197/800 1069/3198/800 1070/3199/800 1072/3200/800
f 1065/3201/801 1066/3202/801 1069/3203/801 1070/3204/801
f 1067/3205/802 1071/3206/802 1068/3207/802 1072/3208/802
f 1065/3209/803 1069/3210/803 1067/3211/803 1071/3212/803
f 1066/3213/804 1068/3214/804 1070/3215/804 1072/3216/804
o cuboid
v -0.30935921676911454 0.7099538739480734 -0.3435531193486627
v -0.30935921676911454 0.5944689323841625 -0.39138854839429893
v -0.39774756441743303 0.6761291176889361 -0.26189293404388914
v -0.39774756441743303 0.5606441761250253 -0.30972836308952534
v -0.30935921676911454 0.7099538739480734 -0.3435531193486627
v -0.30935921676911454 0.5944689323841625 -0.39138854839429893
v -0.39774756441743303 0.6761291176889361 -0.26189293404388914
v -0.39774756441743303 0.5606441761250253 -0.30972836308952534
vt 0.6953125 0.859375
vt 0.6796875 0.859375
vt 0.6796875 0.84375
vt 0.6953125 0.84375
vt 0.1796875 0.3046875
vt 0.1796875 0.3203125
vt 0.1640625 0.3203125
vt 0.1640625 0.3046875
vt 0 0.984375
vt 0 1
vt 0 0.984375
vt 0 1
vt 0 0.984375
vt 0 0.984375
vt 0 1
vt 0 1
vt 0 1
vt 0 1
vt 0 1
vt 0 1
vt 0 1
vt 0 1
vt 0 1
vt 0 1
vn 0.7071067811865476 -0.27059805007309873 0.6532814824381883
vn -0.7071067811865476 0.27059805007309873 -0.6532814824381883
vn 0 0 0
vn 0 0 0
vn 0 0 0
vn 0 0 0
usemtl m_2f782488-5985-7342-163e-a8a36ac958ed
f 1074/3217/805 1073/3218/805 1075/3219/805 1076/3220/805
f 1079/3221/806 1077/3222/806 1078/3223/806 1080/3224/806
f 1073/3225/807 1074/3226/807 1077/3227/807 1078/3228/807
f 1075/3229/808 1079/3230/808 1076/3231/808 1080/3232/808
f 1073/3233/809 1077/3234/809 1075/3235/809 1079/3236/809
f 1074/3237/810 1076/3238/810 1078/3239/810 1080/3240/810
o cuboid
v -0.2159378388101067 0.7319694160831322 -0.39670333975411787
v -0.2159378388101067 0.6164844745192213 -0.44453876879975407
v -0.3213617695367174 0.7062674587918095 -0.3346533258818727
v -0.3213617695367174 0.5907825172278987 -0.3824887549275089
v -0.2159378388101067 0.7319694160831322 -0.39670333975411787
v -0.2159378388101067 0.6164844745192213 -0.44453876879975407
v -0.3213617695367174 0.7062674587918095 -0.3346533258818727
v -0.3213617695367174 0.5907825172278987 -0.3824887549275089
vt 0.6953125 0.8359375
vt 0.6796875 0.8359375
vt 0.6796875 0.8203125
vt 0.6953125 0.8203125
vt 0.203125 0.3046875
vt 0.203125 0.3203125
vt 0.1875 0.3203125
vt 0.1875 0.3046875
vt 0 0.984375
vt 0 1
vt 0 0.984375
vt 0 1
vt 0 0.984375
vt 0 0.984375
vt 0 1
vt 0 1
vt 0 1
vt 0 1
vt 0 1
vt 0 1
vt 0 1
vt 0 1
vt 0 1
vt 0 1
vn 0.5372996083468241 -0.32275193331103086 0.779192094681627
vn -0.5372996083468241 0.32275193331103086 -0.779192094681627
vn 0 0 0
vn 0 0 0
vn 0 0 0
vn 0 0 0
usemtl m_2f782488-5985-7342-163e-a8a36ac958ed
f 1082/3241/811 1081/3242/811 1083/3243/811 1084/3244/811
f 1087/3245/812 1085/3246/812 1086/3247/812 1088/3248/812
f 1081/3249/813 1082/3250/813 1085/3251/813 1086/3252/813
f 1083/3253/814 1087/3254/814 1084/3255/814 1088/3256/814
f 1081/3257/815 1085/3258/815 1083/3259/815 1087/3260/815
f 1082/3261/816 1084/3262/816 1086/3263/816 1088/3264/816
o cuboid
v -0.11227928286371511 0.7457252096763212 -0.4299127632079998
v -0.11227928286371514 0.6302402681124104 -0.477748192253636
v -0.22974086046195363 0.7293645293780878 -0.3904145869423546
v -0.22974086046195363 0.613879587814177 -0.4382500159879908
v -0.11227928286371511 0.7457252096763212 -0.4299127632079998
v -0.11227928286371514 0.6302402681124104 -0.477748192253636
v -0.22974086046195363 0.7293645293780878 -0.3904145869423546
v -0.22974086046195363 0.613879587814177 -0.4382500159879908
vt 0.6953125 0.8125
vt 0.6796875 0.8125
vt 0.6796875 0.796875
vt 0.6953125 0.796875
vt 0.2265625 0.3046875
vt 0.2265625 0.3203125
vt 0.2109375 0.3203125
vt 0.2109375 0.3046875
vt 0 0.984375
vt 0 1
vt 0 0.984375
vt 0 1
vt 0 0.984375
vt 0 0.984375
vt 0 1
vt 0 1
vt 0 1
vt 0 1
vt 0 1
vt 0 1
vt 0 1
vt 0 1
vt 0 1
vt 0 1
vn 0.3420201433256689 -0.35960479749049834 0.8681627791959909
vn -0.3420201433256689 0.35960479749049834 -0.8681627791959909
vn 0 0 0
vn 0 0 0
vn 0 0 0
vn 0 0 0
usemtl m_2f782488-5985-7342-163e-a8a36ac958ed
f 1090/3265/817 1089/3266/817 1091/3267/817 1092/3268/817
f 1095/3269/818 1093/3270/818 1094/3271/818 1096/3272/818
f 1089/3273/819 1090/3274/819 1093/3275/819 1094/3276/819
f 1091/3277/820 1095/3278/820 1092/3279/820 1096/3280/820
f 1089/3281/821 1093/3282/821 1091/3283/821 1095/3284/821
f 1090/3285/822 1092/3286/822 1094/3287/822 1096/3288/822
o cuboid
v -0.0032977922741625762 0.7505691202608553 -0.4416069978361047
v -0.0032977922741626023 0.6350841786969444 -0.4894424268817409
v -0.12722839994588886 0.7443253438543159 -0.4265331881550123
v -0.12722839994588886 0.6288404022904052 -0.4743686172006485
v -0.0032977922741625762 0.7505691202608553 -0.4416069978361047
v -0.0032977922741626023 0.6350841786969444 -0.4894424268817409
v -0.12722839994588886 0.7443253438543159 -0.4265331881550123
v -0.12722839994588886 0.6288404022904052 -0.4743686172006485
vt 0.6953125 0.7890625
vt 0.6796875 0.7890625
vt 0.6796875 0.7734375
vt 0.6953125 0.7734375
vt 0.25 0.3046875
vt 0.25 0.3203125
vt 0.234375 0.3203125
vt 0.234375 0.3046875
vt 0 0.984375
vt 0 1
vt 0 0.984375
vt 0 1
vt 0 0.984375
vt 0 0.984375
vt 0 1
vt 0 1
vt 0 1
vt 0 1
vt 0 1
vt 0 1
vt 0 1
vt 0 1
vt 0 1
vt 0 1
vn 0.1305261922200515 -0.37940952255126054 0.9159756150367535
vn -0.1305261922200515 0.37940952255126054 -0.9159756150367535
vn 0 0 0
vn 0 0 0
vn 0 0 0
vn 0 0 0
usemtl m_2f782488-5985-7342-163e-a8a36ac958ed
f 1098/3289/823 1097/3290/823 1099/3291/823 1100/3292/823
f 1103/3293/824 1101/3294/824 1102/3295/824 1104/3296/824
f 1097/3297/825 1098/3298/825 1101/3299/825 1102/3300/825
f 1099/3301/826 1103/3302/826 1100/3303/826 1104/3304/826
f 1097/3305/827 1101/3306/827 1099/3307/827 1103/3308/827
f 1098/3309/828 1100/3310/828 1102/3311/828 1104/3312/828
o cuboid
v 0.10584004000456326 0.7462715077927196 -0.43123164352970783
v 0.10584004000456324 0.6307865662288088 -0.47906707257534403
v -0.018684297256904958 0.750440640140845 -0.4412968193878804
v -0.018684297256904986 0.6349556985769341 -0.4891322484335166
v 0.10584004000456326 0.7462715077927196 -0.43123164352970783
v 0.10584004000456324 0.6307865662288088 -0.47906707257534403
v -0.018684297256904958 0.750440640140845 -0.4412968193878804
v -0.018684297256904986 0.6349556985769341 -0.4891322484335166
vt 0.6953125 0.765625
vt 0.6796875 0.765625
vt 0.6796875 0.75
vt 0.6953125 0.75
vt 0.2734375 0.3046875
vt 0.2734375 0.3203125
vt 0.2578125 0.3203125
vt 0.2578125 0.3046875
vt 0 0.984375
vt 0 1
vt 0 0.984375
vt 0 1
vt 0 0.984375
vt 0 0.984375
vt 0 1
vt 0 1
vt 0 1
vt 0 1
vt 0 1
vt 0 1
vt 0 1
vt 0 1
vt 0 1
vt 0 1
vn -0.08715574274765826 -0.3812272063696537 0.9203638919632244
vn 0.08715574274765826 0.3812272063696537 -0.9203638919632244
vn 0 0 0
vn 0 0 0
vn 0 0 0
vn 0 0 0
usemtl m_2f782488-5985-7342-163e-a8a36ac958ed
f 1106/3313/829 1105/3314/829 1107/3315/829 1108/3316/829
f 1111/3317/830 1109/3318/830 1110/3319/830 1112/3320/830
f 1105/3321/831 1106/3322/831 1109/3323/831 1110/3324/831
f 1107/3325/832 1111/3326/832 1108/3327/832 1112/3328/832
f 1105/3329/833 1109/3330/833 1107/3331/833 1111/3332/833
f 1106/3333/834 1108/3334/834 1110/3335/834 1112/3336/834
o cuboid
v 0.20996020917390085 0.7330361134226058 -0.39927857493802266
v 0.20996020917390085 0.6175511718586949 -0.44711400398365886
v 0.09074559033037251 0.7474205043584038 -0.43400556662170275
v 0.09074559033037248 0.6319355627944929 -0.48184099566733896
v 0.20996020917390085 0.7330361134226058 -0.39927857493802266
v 0.20996020917390085 0.6175511718586949 -0.44711400398365886
v 0.09074559033037251 0.7474205043584038 -0.43400556662170275
v 0.09074559033037248 0.6319355627944929 -0.48184099566733896
vt 0.6953125 0.7421875
vt 0.6796875 0.7421875
vt 0.6796875 0.7265625
vt 0.6953125 0.7265625
vt 0.296875 0.3046875
vt 0.296875 0.3203125
vt 0.28125 0.3203125
vt 0.28125 0.3046875
vt 0 0.984375
vt 0 1
vt 0 0.984375
vt 0 1
vt 0 0.984375
vt 0 0.984375
vt 0 1
vt 0 1
vt 0 1
vt 0 1
vt 0 1
vt 0 1
vt 0 1
vt 0 1
vt 0 1
vt 0 1
vn -0.30070579950427334 -0.36497167621709875 0.8811195706053618
vn 0.30070579950427334 0.36497167621709875 -0.8811195706053618
vn 0 0 0
vn 0 0 0
vn 0 0 0
vn 0 0 0
usemtl m_2f782488-5985-7342-163e-a8a36ac958ed
f 1114/3337/835 1113/3338/835 1115/3339/835 1116/3340/835
f 1119/3341/836 1117/3342/836 1118/3343/836 1120/3344/836
f 1113/3345/837 1114/3346/837 1117/3347/837 1118/3348/837
f 1115/3349/838 1119/3350/838 1116/3351/838 1120/3352/838
f 1113/3353/839 1117/3354/839 1115/3355/839 1119/3356/839
f 1114/3357/840 1116/3358/840 1118/3359/840 1120/3360/840
o cuboid
v 0.30412658773652745 0.7114904005383422 -0.347262622681837
v 0.30412658773652745 0.5960054589744315 -0.3950980517274732
v 0.19587341226347257 0.7354081150611604 -0.4050050934637924
v 0.19587341226347257 0.6199231734972496 -0.4528405225094286
v 0.30412658773652745 0.7114904005383422 -0.347262622681837
v 0.30412658773652745 0.5960054589744315 -0.3950980517274732
v 0.19587341226347257 0.7354081150611604 -0.4050050934637924
v 0.19587341226347257 0.6199231734972496 -0.4528405225094286
vt 0.6953125 0.71875
vt 0.6796875 0.71875
vt 0.6796875 0.703125
vt 0.6953125 0.703125
vt 0.3203125 0.3046875
vt 0.3203125 0.3203125
vt 0.3046875 0.3203125
vt 0.3046875 0.3046875
vt 0 0.984375
vt 0 1
vt 0 0.984375
vt 0 1
vt 0 0.984375
vt 0 0.984375
vt 0 1
vt 0 1
vt 0 1
vt 0 1
vt 0 1
vt 0 1
vt 0 1
vt 0 1
vt 0 1
vt 0 1
vn -0.4999999999999999 -0.3314135740355918 0.8001031451912656
vn 0.4999999999999999 0.3314135740355918 -0.8001031451912656
vn 0 0 0
vn 0 0 0
vn 0 0 0
vn 0 0 0
usemtl m_2f782488-5985-7342-163e-a8a36ac958ed
f 1122/3361/841 1121/3362/841 1123/3363/841 1124/3364/841
f 1127/3365/842 1125/3366/842 1126/3367/842 1128/3368/842
f 1121/3369/843 1122/3370/843 1125/3371/843 1126/3372/843
f 1123/3373/844 1127/3374/844 1124/3375/844 1128/3376/844
f 1121/3377/845 1125/3378/845 1123/3379/845 1127/3380/845
f 1122/3381/846 1124/3382/846 1126/3383/846 1128/3384/846
o cuboid
v 0.3838749373584629 0.6826558079895377 -0.2776497582850112
v 0.3838749373584629 0.567170866425627 -0.3254851873306474
v 0.29171527025719746 0.7149729554298634 -0.3556702539326561
v 0.29171527025719746 0.5994880138659526 -0.4035056829782923
v 0.3838749373584629 0.6826558079895377 -0.2776497582850112
v 0.3838749373584629 0.567170866425627 -0.3254851873306474
v 0.29171527025719746 0.7149729554298634 -0.3556702539326561
v 0.29171527025719746 0.5994880138659526 -0.4035056829782923
vt 0.6953125 0.6953125
vt 0.6796875 0.6953125
vt 0.6796875 0.6796875
vt 0.6953125 0.6796875
vt 0.34375 0.3046875
vt 0.34375 0.3203125
vt 0.328125 0.3203125
vt 0.328125 0.3046875
vt 0 0.984375
vt 0 1
vt 0 0.984375
vt 0 1
vt 0 0.984375
vt 0 0.984375
vt 0 1
vt 0 1
vt 0 1
vt 0 1
vt 0 1
vt 0 1
vt 0 1
vt 0 1
vt 0 1
vt 0 1
vn -0.6755902076156605 -0.28214382185549053 0.6811554412633037
vn 0.6755902076156605 0.28214382185549053 -0.6811554412633037
vn 0 0 0
vn 0 0 0
vn 0 0 0
vn 0 0 0
usemtl m_2f782488-5985-7342-163e-a8a36ac958ed
f 1130/3385/847 1129/3386/847 1131/3387/847 1132/3388/847
f 1135/3389/848 1133/3390/848 1134/3391/848 1136/3392/848
f 1129/3393/849 1130/3394/849 1133/3395/849 1134/3396/849
f 1131/3397/850 1135/3398/850 1132/3399/850 1136/3400/850
f 1129/3401/851 1133/3402/851 1131/3403/851 1135/3404/851
f 1130/3405/852 1132/3406/852 1134/3407/852 1136/3408/852
o cuboid
v 0.4454245494164363 0.6478993257291458 -0.19374018743159283
v 0.4454245494164363 0.5324143841652349 -0.24157561647722903
v 0.3737274948725555 0.6870838152213197 -0.28833991339826515
v 0.3737274948725555 0.5715988736574089 -0.33617534244390135
v 0.4454245494164363 0.6478993257291458 -0.19374018743159283
v 0.4454245494164363 0.5324143841652349 -0.24157561647722903
v 0.3737274948725555 0.6870838152213197 -0.28833991339826515
v 0.3737274948725555 0.5715988736574089 -0.33617534244390135
vt 0.6953125 0.671875
vt 0.6796875 0.671875
vt 0.6796875 0.65625
vt 0.6953125 0.65625
vt 0.3671875 0.3046875
vt 0.3671875 0.3203125
vt 0.3515625 0.3203125
vt 0.3515625 0.3046875
vt 0 0.984375
vt 0 1
vt 0 0.984375
vt 0 1
vt 0 0.984375
vt 0 0.984375
vt 0 1
vt 0 1
vt 0 1
vt 0 1
vt 0 1
vt 0 1
vt 0 1
vt 0 1
vt 0 1
vt 0 1
vn -0.8191520442889919 -0.21949819938655463 0.5299155298754943
vn 0.8191520442889919 0.21949819938655463 -0.5299155298754943
vn 0 0 0
vn 0 0 0
vn 0 0 0
vn 0 0 0
usemtl m_2f782488-5985-7342-163e-a8a36ac958ed
f 1138/3409/853 1137/3410/853 1139/3411/853 1140/3412/853
f 1143/3413/854 1141/3414/854 1142/3415/854 1144/3416/854
f 1137/3417/855 1138/3418/855 1141/3419/855 1142/3420/855
f 1139/3421/856 1143/3422/856 1140/3423/856 1144/3424/856
f 1137/3425/857 1141/3426/857 1139/3427/857 1143/3428/857
f 1138/3429/858 1140/3430/858 1142/3431/858 1144/3432/858
o cuboid
v 0.4858574807784615 0.6088686885732388 -0.09951189386173917
v 0.4858574807784615 0.493383747009328 -0.1473473229073754
v 0.4380220517328253 0.6530628623973981 -0.2062060676858984
v 0.4380220517328253 0.5375779208334872 -0.2540414967315346
v 0.4858574807784615 0.6088686885732388 -0.09951189386173917
v 0.4858574807784615 0.493383747009328 -0.1473473229073754
v 0.4380220517328253 0.6530628623973981 -0.2062060676858984
v 0.4380220517328253 0.5375779208334872 -0.2540414967315346
vt 0.6953125 0.6484375
vt 0.6796875 0.6484375
vt 0.6796875 0.6328125
vt 0.6953125 0.6328125
vt 0.390625 0.3046875
vt 0.390625 0.3203125
vt 0.375 0.3203125
vt 0.375 0.3046875
vt 0 0.984375
vt 0 1
vt 0 0.984375
vt 0 1
vt 0 0.984375
vt 0 0.984375
vt 0 1
vt 0 1
vt 0 1
vt 0 1
vt 0 1
vt 0 1
vt 0 1
vt 0 1
vt 0 1
vt 0 1
vn -0.923879532511287 -0.14644660940672613 0.35355339059327384
vn 0.923879532511287 0.14644660940672613 -0.35355339059327384
vn 0 0 0
vn 0 0 0
vn 0 0 0
vn 0 0 0
usemtl m_2f782488-5985-7342-163e-a8a36ac958ed
f 1146/3433/859 1145/3434/859 1147/3435/859 1148/3436/859
f 1151/3437/860 1149/3438/860 1150/3439/860 1152/3440/860
f 1145/3441/861 1146/3442/861 1149/3443/861 1150/3444/861
f 1147/3445/862 1151/3446/862 1148/3447/862 1152/3448/862
f 1145/3449/863 1149/3450/863 1147/3451/863 1151/3452/863
f 1146/3453/864 1148/3454/864 1150/3455/864 1152/3456/864
o cuboid
v 0.5032568876102872 0.5674142604123132 0.0005679488247885001
v 0.5032568876102872 0.45192931884840243 -0.04726748022084773
v 0.48155086540192094 0.6145229618051211 -0.11316251698351269
v 0.48155086540192094 0.49903802024121036 -0.1609979460291489
v 0.5032568876102872 0.5674142604123132 0.0005679488247885001
v 0.5032568876102872 0.45192931884840243 -0.04726748022084773
v 0.48155086540192094 0.6145229618051211 -0.11316251698351269
v 0.48155086540192094 0.49903802024121036 -0.1609979460291489
vt 0.6953125 0.625
vt 0.6796875 0.625
vt 0.6796875 0.609375
vt 0.6953125 0.609375
vt 0.4140625 0.3046875
vt 0.4140625 0.3203125
vt 0.3984375 0.3203125
vt 0.3984375 0.3046875
vt 0 0.984375
vt 0 1
vt 0 0.984375
vt 0 1
vt 0 0.984375
vt 0 0.984375
vt 0 1
vt 0 1
vt 0 1
vt 0 1
vt 0 1
vt 0 1
vt 0 1
vt 0 1
vt 0 1
vt 0 1
vn -0.9848077530122081 -0.06645228065352363 0.16042999720436044
vn 0.9848077530122081 0.06645228065352363 -0.16042999720436044
vn 0 0 0
vn 0 0 0
vn 0 0 0
vn 0 0 0
usemtl m_2f782488-5985-7342-163e-a8a36ac958ed
f 1154/3457/865 1153/3458/865 1155/3459/865 1156/3460/865
f 1159/3461/866 1157/3462/866 1158/3463/866 1160/3464/866
f 1153/3465/867 1154/3466/867 1157/3467/867 1158/3468/867
f 1155/3469/868 1159/3470/868 1156/3471/868 1160/3472/868
f 1153/3473/869 1157/3474/869 1155/3475/869 1159/3476/869
f 1154/3477/870 1156/3478/870 1158/3479/870 1160/3480/870
o cuboid
v 0.5 0.5816601853047735 0.03382475625913742
v 0.5 0.4661752437408626 0.08166018530477365
v 0.5 0.5338247562591373 -0.08166018530477344
v 0.5 0.4183398146952264 -0.03382475625913721
v 0.5 0.5816601853047735 0.03382475625913742
v 0.5 0.4661752437408626 0.08166018530477365
v 0.5 0.5338247562591373 -0.08166018530477344
v 0.5 0.4183398146952264 -0.03382475625913721
vt 0.6953125 0.6015625
vt 0.6796875 0.6015625
vt 0.6796875 0.5859375
vt 0.6953125 0.5859375
vt 0.4375 0.3046875
vt 0.4375 0.3203125
vt 0.421875 0.3203125
vt 0.421875 0.3046875
vt 0 0.984375
vt 0 1
vt 0 0.984375
vt 0 1
vt 0 0.984375
vt 0 0.984375
vt 0 1
vt 0 1
vt 0 1
vt 0 1
vt 0 1
vt 0 1
vt 0 1
vt 0 1
vt 0 1
vt 0 1
vn -1 1.3707181337417002e-16 -2.0514246579479126e-16
vn 1 -1.3707181337417002e-16 2.0514246579479126e-16
vn 0 0 0
vn 0 0 0
vn 0 0 0
vn 0 0 0
usemtl m_2f782488-5985-7342-163e-a8a36ac958ed
f 1162/3481/871 1161/3482/871 1163/3483/871 1164/3484/871
f 1167/3485/872 1165/3486/872 1166/3487/872 1168/3488/872
f 1161/3489/873 1162/3490/873 1165/3491/873 1166/3492/873
f 1163/3493/874 1167/3494/874 1164/3495/874 1168/3496/874
f 1161/3497/875 1165/3498/875 1163/3499/875 1167/3500/875
f 1162/3501/876 1164/3502/876 1166/3503/876 1168/3504/876
o cuboid
v 0.47462052768883517 0.6225071671508212 0.1324380938138734
v 0.47462052768883517 0.5070222255869103 0.18027352285950965
v 0.501675479431098 0.5758056287746977 0.019690606482548424
v 0.501675479431098 0.4603206872107868 0.06752603552818465
v 0.47462052768883517 0.6225071671508212 0.1324380938138734
v 0.47462052768883517 0.5070222255869103 0.18027352285950965
v 0.501675479431098 0.5758056287746977 0.019690606482548424
v 0.501675479431098 0.4603206872107868 0.06752603552818465
vt 0.6953125 0.578125
vt 0.6796875 0.578125
vt 0.6796875 0.5625
vt 0.6953125 0.5625
vt 0.4609375 0.3046875
vt 0.4609375 0.3203125
vt 0.4453125 0.3203125
vt 0.4453125 0.3046875
vt 0 0.984375
vt 0 1
vt 0 0.984375
vt 0 1
vt 0 0.984375
vt 0 0.984375
vt 0 1
vt 0 1
vt 0 1
vt 0 1
vt 0 1
vt 0 1
vt 0 1
vt 0 1
vt 0 1
vt 0 1
vn -0.9762960071199335 -0.08282785436160801 -0.19996412934205807
vn 0.9762960071199335 0.08282785436160801 0.19996412934205807
vn 0 0 0
vn 0 0 0
vn 0 0 0
vn 0 0 0
usemtl m_2f782488-5985-7342-163e-a8a36ac958ed
f 1170/3505/877 1169/3506/877 1171/3507/877 1172/3508/877
f 1175/3509/878 1173/3510/878 1174/3511/878 1176/3512/878
f 1169/3513/879 1170/3514/879 1173/3515/879 1174/3516/879
f 1171/3517/880 1175/3518/880 1172/3519/880 1176/3520/880
f 1169/3521/881 1173/3522/881 1171/3523/881 1175/3524/881
f 1170/3525/882 1172/3526/882 1174/3527/882 1176/3528/882
o cuboid
v 0.4267402521595313 0.6602837851936543 0.2236389174334693
v 0.4267402521595313 0.5447988436297435 0.2714743464791055
v 0.47956753487711873 0.616930163353355 0.1189740156086244
v 0.47956753487711873 0.5014452217894442 0.16680944465426062
v 0.4267402521595313 0.6602837851936543 0.2236389174334693
v 0.4267402521595313 0.5447988436297435 0.2714743464791055
v 0.47956753487711873 0.616930163353355 0.1189740156086244
v 0.47956753487711873 0.5014452217894442 0.16680944465426062
vt 0.6953125 0.5546875
vt 0.6796875 0.5546875
vt 0.6796875 0.5390625
vt 0.6953125 0.5390625
vt 0.484375 0.3046875
vt 0.484375 0.3203125
vt 0.46875 0.3203125
vt 0.46875 0.3046875
vt 0 0.984375
vt 0 1
vt 0 0.984375
vt 0 1
vt 0 0.984375
vt 0 0.984375
vt 0 1
vt 0 1
vt 0 1
vt 0 1
vt 0 1
vt 0 1
vt 0 1
vt 0 1
vt 0 1
vt 0 1
vn -0.9063077870366503 -0.16172900698309853 -0.3904483620877299
vn 0.9063077870366503 0.16172900698309853 0.3904483620877299
vn 0 0 0
vn 0 0 0
vn 0 0 0
vn 0 0 0
usemtl m_2f782488-5985-7342-163e-a8a36ac958ed
f 1178/3529/883 1177/3530/883 1179/3531/883 1180/3532/883
f 1183/3533/884 1181/3534/884 1182/3535/884 1184/3536/884
f 1177/3537/885 1178/3538/885 1181/3539/885 1182/3540/885
f 1179/3541/886 1183/3542/886 1180/3543/886 1184/3544/886
f 1177/3545/887 1181/3546/887 1179/3547/887 1183/3548/887
f 1178/3549/888 1180/3550/888 1182/3551/888 1184/3552/888
o cuboid
v 0.35862908083257256 0.6931991260630324 0.30310357977045516
v 0.35862908083257256 0.5777141844991215 0.35093900881609136
v 0.4347242594586626 0.6552487286454125 0.21148321562738837
v 0.4347242594586626 0.5397637870815016 0.2593186446730246
v 0.35862908083257256 0.6931991260630324 0.30310357977045516
v 0.35862908083257256 0.5777141844991215 0.35093900881609136
v 0.4347242594586626 0.6552487286454125 0.21148321562738837
v 0.4347242594586626 0.5397637870815016 0.2593186446730246
vt 0.6953125 0.53125
vt 0.6796875 0.53125
vt 0.6796875 0.515625
vt 0.6953125 0.515625
vt 0.5078125 0.3046875
vt 0.5078125 0.3203125
vt 0.4921875 0.3203125
vt 0.4921875 0.3046875
vt 0 0.984375
vt 0 1
vt 0 0.984375
vt 0 1
vt 0 0.984375
vt 0 0.984375
vt 0 1
vt 0 1
vt 0 1
vt 0 1
vt 0 1
vt 0 1
vt 0 1
vt 0 1
vt 0 1
vt 0 1
vn -0.7933533402912354 -0.23296291314453402 -0.5624222244434798
vn 0.7933533402912354 0.23296291314453402 0.5624222244434798
vn 0 0 0
vn 0 0 0
vn 0 0 0
vn 0 0 0
usemtl m_2f782488-5985-7342-163e-a8a36ac958ed
f 1186/3553/889 1185/3554/889 1187/3555/889 1188/3556/889
f 1191/3557/890 1189/3558/890 1190/3559/890 1192/3560/890
f 1185/3561/891 1186/3562/891 1189/3563/891 1190/3564/891
f 1187/3565/892 1191/3566/892 1188/3567/892 1192/3568/892
f 1185/3569/893 1189/3570/893 1187/3571/893 1191/3572/893
f 1186/3573/894 1188/3574/894 1190/3575/894 1192/3576/894
o cuboid
v 0.2735160271483336 0.7196927397477298 0.36706482124432516
v 0.2735160271483336 0.604207798183819 0.41490025028996136
v 0.36927158253820586 0.6889447186531552 0.29283253170166923
v 0.36927158253820586 0.5734597770892443 0.34066796074730543
v 0.2735160271483336 0.7196927397477298 0.36706482124432516
v 0.2735160271483336 0.604207798183819 0.41490025028996136
v 0.36927158253820586 0.6889447186531552 0.29283253170166923
v 0.36927158253820586 0.5734597770892443 0.34066796074730543
vt 0.6953125 0.5078125
vt 0.6796875 0.5078125
vt 0.6796875 0.4921875
vt 0.6953125 0.4921875
vt 0.53125 0.3046875
vt 0.53125 0.3203125
vt 0.515625 0.3203125
vt 0.515625 0.3046875
vt 0 0.984375
vt 0 1
vt 0 0.984375
vt 0 1
vt 0 0.984375
vt 0 0.984375
vt 0 1
vt 0 1
vt 0 1
vt 0 1
vt 0 1
vt 0 1
vt 0 1
vt 0 1
vt 0 1
vt 0 1
vn -0.6427876096865394 -0.2931525168369742 -0.7077327819916304
vn 0.6427876096865394 0.2931525168369742 0.7077327819916304
vn 0 0 0
vn 0 0 0
vn 0 0 0
vn 0 0 0
usemtl m_2f782488-5985-7342-163e-a8a36ac958ed
f 1194/3577/895 1193/3578/895 1195/3579/895 1196/3580/895
f 1199/3581/896 1197/3582/896 1198/3583/896 1200/3584/896
f 1193/3585/897 1194/3586/897 1197/3587/897 1198/3588/897
f 1195/3589/898 1199/3590/898 1196/3591/898 1200/3592/898
f 1193/3593/899 1197/3594/899 1195/3595/899 1199/3596/899
f 1194/3597/900 1196/3598/900 1198/3599/900 1200/3600/900
o cuboid
v 0.17543612954387813 0.7385086173874481 0.41249036823008556
v 0.17543612954387813 0.6230236758235372 0.46032579727572176
v 0.28631248369115586 0.7164206743621226 0.35916535661342075
v 0.28631248369115586 0.6009357327982118 0.40700078565905695
v 0.17543612954387813 0.7385086173874481 0.41249036823008556
v 0.17543612954387813 0.6230236758235372 0.46032579727572176
v 0.28631248369115586 0.7164206743621226 0.35916535661342075
v 0.28631248369115586 0.6009357327982118 0.40700078565905695
vt 0.6953125 0.484375
vt 0.6796875 0.484375
vt 0.6796875 0.46875
vt 0.6953125 0.46875
vt 0.5546875 0.3046875
vt 0.5546875 0.3203125
vt 0.5390625 0.3203125
vt 0.5390625 0.3046875
vt 0 0.984375
vt 0 1
vt 0 0.984375
vt 0 1
vt 0 0.984375
vt 0 0.984375
vt 0 1
vt 0 1
vt 0 1
vt 0 1
vt 0 1
vt 0 1
vt 0 1
vt 0 1
vt 0 1
vt 0 1
vn -0.4617486132350341 -0.3394443501856599 -0.8194911538891425
vn 0.4617486132350341 0.3394443501856599 0.8194911538891425
vn 0 0 0
vn 0 0 0
vn 0 0 0
vn 0 0 0
usemtl m_2f782488-5985-7342-163e-a8a36ac958ed
f 1202/3601/901 1201/3602/901 1203/3603/901 1204/3604/901
f 1207/3605/902 1205/3606/902 1206/3607/902 1208/3608/902
f 1201/3609/903 1202/3610/903 1205/3611/903 1206/3612/903
f 1203/3613/904 1207/3614/904 1204/3615/904 1208/3616/904
f 1201/3617/905 1205/3618/905 1203/3619/905 1207/3620/905
f 1202/3621/906 1204/3622/906 1206/3623/906 1208/3624/906
o cuboid
v 0.06903915840819365 0.7487547361229789 0.43722668704308926
v 0.06903915840819362 0.6332697945590682 0.48506211608872546
v 0.18977988669432716 0.736374016055318 0.4073369847437975
v 0.18977988669432716 0.6208890744914071 0.4551724137894337
v 0.06903915840819365 0.7487547361229789 0.43722668704308926
v 0.06903915840819362 0.6332697945590682 0.48506211608872546
v 0.18977988669432716 0.736374016055318 0.4073369847437975
v 0.18977988669432716 0.6208890744914071 0.4551724137894337
vt 0.6953125 0.4609375
vt 0.6796875 0.4609375
vt 0.6796875 0.4453125
vt 0.6953125 0.4453125
vt 0.578125 0.3046875
vt 0.578125 0.3203125
vt 0.5625 0.3203125
vt 0.5625 0.3046875
vt 0 0.984375
vt 0 1
vt 0 0.984375
vt 0 1
vt 0 0.984375
vt 0 0.984375
vt 0 1
vt 0 1
vt 0 1
vt 0 1
vt 0 1
vt 0 1
vt 0 1
vt 0 1
vt 0 1
vt 0 1
vn -0.25881904510252085 -0.3696438106143861 -0.8923991008325229
vn 0.25881904510252085 0.3696438106143861 0.8923991008325229
vn 0 0 0
vn 0 0 0
vn 0 0 0
vn 0 0 0
usemtl m_2f782488-5985-7342-163e-a8a36ac958ed
f 1210/3625/907 1209/3626/907 1211/3627/907 1212/3628/907
f 1215/3629/908 1213/3630/908 1214/3631/908 1216/3632/908
f 1209/3633/909 1210/3634/909 1213/3635/909 1214/3636/909
f 1211/3637/910 1215/3638/910 1212/3639/910 1216/3640/910
f 1209/3641/911 1213/3642/911 1211/3643/911 1215/3644/911
f 1210/3645/912 1212/3646/912 1214/3647/912 1216/3648/912
o cuboid
v -0.04063082016619805 0.7499453481032119 0.4401010786332913
v -0.04063082016619808 0.634460406539301 0.4879365076789275
v 0.08425020753153417 0.7478587959938832 0.43506369623235186
v 0.08425020753153414 0.6323738544299723 0.48289912527798806
v -0.04063082016619805 0.7499453481032119 0.4401010786332913
v -0.04063082016619808 0.634460406539301 0.4879365076789275
v 0.08425020753153417 0.7478587959938832 0.43506369623235186
v 0.08425020753153414 0.6323738544299723 0.48289912527798806
vt 0.6953125 0.4375
vt 0.6796875 0.4375
vt 0.6796875 0.421875
vt 0.6953125 0.421875
vt 0.6015625 0.3046875
vt 0.6015625 0.3203125
vt 0.5859375 0.3203125
vt 0.5859375 0.3046875
vt 0 0.984375
vt 0 1
vt 0 0.984375
vt 0 1
vt 0 0.984375
vt 0 0.984375
vt 0 1
vt 0 1
vt 0 1
vt 0 1
vt 0 1
vt 0 1
vt 0 1
vt 0 1
vt 0 1
vt 0 1
vn -0.0436193873653361 -0.3823192025331842 -0.9230002039112793
vn 0.0436193873653361 0.3823192025331842 0.9230002039112793
vn 0 0 0
vn 0 0 0
vn 0 0 0
vn 0 0 0
usemtl m_2f782488-5985-7342-163e-a8a36ac958ed
f 1218/3649/913 1217/3650/913 1219/3651/913 1220/3652/913
f 1223/3653/914 1221/3654/914 1222/3655/914 1224/3656/914
f 1217/3657/915 1218/3658/915 1221/3659/915 1222/3660/915
f 1219/3661/916 1223/3662/916 1220/3663/916 1224/3664/916
f 1217/3665/917 1221/3666/917 1219/3667/917 1223/3668/917
f 1218/3669/918 1220/3670/918 1222/3671/918 1224/3672/918
o cuboid
v -0.14837457339672813 0.742024008812342 0.42097727388511413
v -0.14837457339672813 0.6265390672484311 0.46881270293075034
v -0.02527360427020211 0.7503305438940324 0.4410310235356592
v -0.025273604270202137 0.6348456023301216 0.4888664525812954
v -0.14837457339672813 0.742024008812342 0.42097727388511413
v -0.14837457339672813 0.6265390672484311 0.46881270293075034
v -0.02527360427020211 0.7503305438940324 0.4410310235356592
v -0.025273604270202137 0.6348456023301216 0.4888664525812954
vt 0.6953125 0.4140625
vt 0.6796875 0.4140625
vt 0.6796875 0.3984375
vt 0.6953125 0.3984375
vt 0.625 0.3046875
vt 0.625 0.3203125
vt 0.609375 0.3203125
vt 0.609375 0.3046875
vt 0 0.984375
vt 0 1
vt 0 0.984375
vt 0 1
vt 0 0.984375
vt 0 0.984375
vt 0 1
vt 0 1
vt 0 1
vt 0 1
vt 0 1
vt 0 1
vt 0 1
vt 0 1
vt 0 1
vt 0 1
vn 0.17364817766693025 -0.3768696111424635 -0.9098437264664095
vn -0.17364817766693025 0.3768696111424635 0.9098437264664095
vn 0 0 0
vn 0 0 0
vn 0 0 0
vn 0 0 0
usemtl m_2f782488-5985-7342-163e-a8a36ac958ed
f 1226/3673/919 1225/3674/919 1227/3675/919 1228/3676/919
f 1231/3677/920 1229/3678/920 1230/3679/920 1232/3680/920
f 1225/3681/921 1226/3682/921 1229/3683/921 1230/3684/921
f 1227/3685/922 1231/3686/922 1228/3687/922 1232/3688/922
f 1225/3689/923 1229/3690/923 1227/3691/923 1231/3692/923
f 1226/3693/924 1228/3694/924 1230/3695/924 1232/3696/924
o cuboid
v -0.24908418696450024 0.725366252990672 0.3807618938617392
v -0.24908418696450024 0.6098813114267612 0.4285973229073754
v -0.13359924540058943 0.7436720791665128 0.42495606768589844
v -0.13359924540058943 0.6281871376026019 0.47279149673153464
v -0.24908418696450024 0.725366252990672 0.3807618938617392
v -0.24908418696450024 0.6098813114267612 0.4285973229073754
v -0.13359924540058943 0.7436720791665128 0.42495606768589844
v -0.13359924540058943 0.6281871376026019 0.47279149673153464
vt 0.6953125 0.390625
vt 0.6796875 0.390625
vt 0.6796875 0.375
vt 0.6953125 0.375
vt 0.6484375 0.3046875
vt 0.6484375 0.3203125
vt 0.6328125 0.3203125
vt 0.6328125 0.3046875
vt 0 0.984375
vt 0 1
vt 0 0.984375
vt 0 1
vt 0 0.984375
vt 0 0.984375
vt 0 1
vt 0 1
vt 0 1
vt 0 1
vt 0 1
vt 0 1
vt 0 1
vt 0 1
vt 0 1
vt 0 1
vn 0.3826834323650897 -0.3535533905932739 -0.8535533905932738
vn -0.3826834323650897 0.3535533905932739 0.8535533905932738
vn 0 0 0
vn 0 0 0
vn 0 0 0
vn 0 0 0
usemtl m_2f782488-5985-7342-163e-a8a36ac958ed
f 1234/3697/925 1233/3698/925 1235/3699/925 1236/3700/925
f 1239/3701/926 1237/3702/926 1238/3703/926 1240/3704/926
f 1233/3705/927 1234/3706/927 1237/3707/927 1238/3708/927
f 1235/3709/928 1239/3710/928 1236/3711/928 1240/3712/928
f 1233/3713/929 1237/3714/929 1235/3715/929 1239/3716/929
f 1234/3717/930 1236/3718/930 1238/3719/930 1240/3720/930
o cuboid
v -0.33798522094358496 0.7007617912889916 0.32136146872665283
v -0.33798522094358496 0.5852768497250807 0.36919689777228903
v -0.23559121540746097 0.7281990662123109 0.38760090996108965
v -0.23559121540746097 0.6127141246484 0.43543633900672585
v -0.33798522094358496 0.7007617912889916 0.32136146872665283
v -0.33798522094358496 0.5852768497250807 0.36919689777228903
v -0.23559121540746097 0.7281990662123109 0.38760090996108965
v -0.23559121540746097 0.6127141246484 0.43543633900672585
vt 0.6953125 0.3671875
vt 0.6796875 0.3671875
vt 0.6796875 0.3515625
vt 0.6953125 0.3515625
vt 0.671875 0.3046875
vt 0.671875 0.3203125
vt 0.65625 0.3203125
vt 0.65625 0.3046875
vt 0 0.984375
vt 0 1
vt 0 0.984375
vt 0 1
vt 0 0.984375
vt 0 0.984375
vt 0 1
vt 0 1
vt 0 1
vt 0 1
vt 0 1
vt 0 1
vt 0 1
vt 0 1
vt 0 1
vt 0 1
vn 0.573576436351046 -0.3134759159373916 -0.7567978077333787
vn -0.573576436351046 0.3134759159373916 0.7567978077333787
vn 0 0 0
vn 0 0 0
vn 0 0 0
vn 0 0 0
usemtl m_2f782488-5985-7342-163e-a8a36ac958ed
f 1242/3721/931 1241/3722/931 1243/3723/931 1244/3724/931
f 1247/3725/932 1245/3726/932 1246/3727/932 1248/3728/932
f 1241/3729/933 1242/3730/933 1245/3731/933 1246/3732/933
f 1243/3733/934 1247/3734/934 1244/3735/934 1248/3736/934
f 1241/3737/935 1245/3738/935 1243/3739/935 1247/3740/935
f 1242/3741/936 1244/3742/936 1246/3743/936 1248/3744/936
o cuboid
v -0.4108630563810407 0.6693770716772897 0.24559205298880515
v -0.4108630563810407 0.5538921301133788 0.29342748203444136
v -0.32641428042908316 0.7046450494092259 0.3307364831467181
v -0.32641428042908316 0.589160107845315 0.3785719121923543
v -0.4108630563810407 0.6693770716772897 0.24559205298880515
v -0.4108630563810407 0.5538921301133788 0.29342748203444136
v -0.32641428042908316 0.7046450494092259 0.3307364831467181
v -0.32641428042908316 0.589160107845315 0.3785719121923543
vt 0.6953125 0.34375
vt 0.6796875 0.34375
vt 0.6796875 0.328125
vt 0.6953125 0.328125
vt 0.6953125 0.3046875
vt 0.6953125 0.3203125
vt 0.6796875 0.3203125
vt 0.6796875 0.3046875
vt 0 0.984375
vt 0 1
vt 0 0.984375
vt 0 1
vt 0 0.984375
vt 0 0.984375
vt 0 1
vt 0 1
vt 0 1
vt 0 1
vt 0 1
vt 0 1
vt 0 1
vt 0 1
vt 0 1
vt 0 1
vn 0.7372773368101241 -0.25853717952260474 -0.6241639651811594
vn -0.7372773368101241 0.25853717952260474 0.6241639651811594
vn 0 0 0
vn 0 0 0
vn 0 0 0
vn 0 0 0
usemtl m_2f782488-5985-7342-163e-a8a36ac958ed
f 1250/3745/937 1249/3746/937 1251/3747/937 1252/3748/937
f 1255/3749/938 1253/3750/938 1254/3751/938 1256/3752/938
f 1249/3753/939 1250/3754/939 1253/3755/939 1254/3756/939
f 1251/3757/940 1255/3758/940 1252/3759/940 1256/3760/940
f 1249/3761/941 1253/3762/941 1251/3763/941 1255/3764/941
f 1250/3765/942 1252/3766/942 1254/3767/942 1256/3768/942
o cuboid
v -0.4642627018922193 0.6326999804960035 0.15704572203054956
v -0.4642627018922193 0.5172150389320926 0.20488115107618576
v -0.4017627018922193 0.6741266772504525 0.2570586151794578
v -0.4017627018922193 0.5586417356865416 0.304894044225094
v -0.4642627018922193 0.6326999804960035 0.15704572203054956
v -0.4642627018922193 0.5172150389320926 0.20488115107618576
v -0.4017627018922193 0.6741266772504525 0.2570586151794578
v -0.4017627018922193 0.5586417356865416 0.304894044225094
vt 0.015625 0.296875
vt 0 0.296875
vt 0 0.28125
vt 0.015625 0.28125
vt 0.71875 0.984375
vt 0.71875 1
vt 0.703125 1
vt 0.703125 0.984375
vt 0 0.984375
vt 0 1
vt 0 0.984375
vt 0 1
vt 0 0.984375
vt 0 0.984375
vt 0 1
vt 0 1
vt 0 1
vt 0 1
vt 0 1
vt 0 1
vt 0 1
vt 0 1
vt 0 1
vt 0 1
vn 0.8660254037844387 -0.19134171618254514 -0.4619397662556435
vn -0.8660254037844387 0.19134171618254514 0.4619397662556435
vn 0 0 0
vn 0 0 0
vn 0 0 0
vn 0 0 0
usemtl m_2f782488-5985-7342-163e-a8a36ac958ed
f 1258/3769/943 1257/3770/943 1259/3771/943 1260/3772/943
f 1263/3773/944 1261/3774/944 1262/3775/944 1264/3776/944
f 1257/3777/945 1258/3778/945 1261/3779/945 1262/3780/945
f 1259/3781/946 1263/3782/946 1260/3783/946 1264/3784/946
f 1257/3785/947 1261/3786/947 1259/3787/947 1263/3788/947
f 1258/3789/948 1260/3790/948 1262/3791/948 1264/3792/948
o cuboid
v -0.49565258784313054 0.5924693047615788 0.05992027904906713
v -0.49565258784313054 0.4769843631976679 0.10775570809470336
v -0.4580643629050964 0.6380907642887161 0.17006022537473736
v -0.4580643629050964 0.5226058227248053 0.21789565442037356
v -0.49565258784313054 0.5924693047615788 0.05992027904906713
v -0.49565258784313054 0.4769843631976679 0.10775570809470336
v -0.4580643629050964 0.6380907642887161 0.17006022537473736
v -0.4580643629050964 0.5226058227248053 0.21789565442037356
vt 0.0390625 0.296875
vt 0.0234375 0.296875
vt 0.0234375 0.28125
vt 0.0390625 0.28125
vt 0.71875 0.9609375
vt 0.71875 0.9765625
vt 0.703125 0.9765625
vt 0.703125 0.9609375
vt 0 0.984375
vt 0 1
vt 0 0.984375
vt 0 1
vt 0 0.984375
vt 0 0.984375
vt 0 1
vt 0 1
vt 0 1
vt 0 1
vt 0 1
vt 0 1
vt 0 1
vt 0 1
vt 0 1
vt 0 1
vn 0.9537169507482268 -0.11507512748638399 -0.27781593346944067
vn -0.9537169507482268 0.11507512748638399 0.27781593346944067
vn 0 0 0
vn 0 0 0
vn 0 0 0
vn 0 0 0
usemtl m_2f782488-5985-7342-163e-a8a36ac958ed
f 1266/3793/949 1265/3794/949 1267/3795/949 1268/3796/949
f 1271/3797/950 1269/3798/950 1270/3799/950 1272/3800/950
f 1265/3801/951 1266/3802/951 1269/3803/951 1270/3804/951
f 1267/3805/952 1271/3806/952 1268/3807/952 1272/3808/952
f 1265/3809/953 1269/3810/953 1267/3811/953 1271/3812/953
f 1266/3813/954 1268/3814/954 1270/3815/954 1272/3816/954
o cuboid
v -0.5035445829676014 0.5505922997763536 -0.04117975433782929
v -0.5035445829676014 0.43510735821244273 0.006655674707806938
v -0.4926501151241441 0.5982457005725602 0.07386573215757375
v -0.4926501151241441 0.4827607590086494 0.12170116120320998
v -0.5035445829676014 0.5505922997763536 -0.04117975433782929
v -0.5035445829676014 0.43510735821244273 0.006655674707806938
v -0.4926501151241441 0.5982457005725602 0.07386573215757375
v -0.4926501151241441 0.4827607590086494 0.12170116120320998
vt 0.0625 0.296875
vt 0.046875 0.296875
vt 0.046875 0.28125
vt 0.0625 0.28125
vt 0.71875 0.9375
vt 0.71875 0.953125
vt 0.703125 0.953125
vt 0.703125 0.9375
vt 0 0.984375
vt 0 1
vt 0 0.984375
vt 0 1
vt 0 0.984375
vt 0 0.984375
vt 0 1
vt 0 1
vt 0 1
vt 0 1
vt 0 1
vt 0 1
vt 0 1
vt 0 1
vt 0 1
vt 0 1
vn 0.9961946980917457 -0.03335305878500295 -0.08052140686538069
vn -0.9961946980917457 0.03335305878500295 0.08052140686538069
vn 0 0 0
vn 0 0 0
vn 0 0 0
vn 0 0 0
usemtl m_2f782488-5985-7342-163e-a8a36ac958ed
f 1274/3817/955 1273/3818/955 1275/3819/955 1276/3820/955
f 1279/3821/956 1277/3822/956 1278/3823/956 1280/3824/956
f 1273/3825/957 1274/3826/957 1277/3827/957 1278/3828/957
f 1275/3829/958 1279/3830/958 1276/3831/958 1280/3832/958
f 1273/3833/959 1277/3834/959 1275/3835/959 1279/3836/959
f 1274/3837/960 1276/3838/960 1278/3839/960 1280/3840/960
o cuboid
v -0.48756454367315205 0.5090542699963443 -0.141461429186985
v -0.48756454367315205 0.3935693284324335 -0.0936260001413488
v -0.5038803177006584 0.5564804603152519 -0.02696447730739082
v -0.5038803177006584 0.4409955187513411 0.020870951738245408
v -0.48756454367315205 0.5090542699963443 -0.141461429186985
v -0.48756454367315205 0.3935693284324335 -0.0936260001413488
v -0.5038803177006584 0.5564804603152519 -0.02696447730739082
v -0.5038803177006584 0.4409955187513411 0.020870951738245408
vt 0.0859375 0.296875
vt 0.0703125 0.296875
vt 0.0703125 0.28125
vt 0.0859375 0.28125
vt 0.71875 0.9140625
vt 0.71875 0.9296875
vt 0.703125 0.9296875
vt 0.703125 0.9140625
vt 0 0.984375
vt 0 1
vt 0 0.984375
vt 0 1
vt 0 0.984375
vt 0 0.984375
vt 0 1
vt 0 1
vt 0 1
vt 0 1
vt 0 1
vt 0 1
vt 0 1
vt 0 1
vt 0 1
vt 0 1
vn 0.9914448613738105 0.049950211252314594 0.12059047744873959
vn -0.9914448613738105 -0.049950211252314594 -0.12059047744873959
vn 0 0 0
vn 0 0 0
vn 0 0 0
vn 0 0 0
usemtl m_2f782488-5985-7342-163e-a8a36ac958ed
f 1282/3841/961 1281/3842/961 1283/3843/961 1284/3844/961
f 1287/3845/962 1285/3846/962 1286/3847/962 1288/3848/962
f 1281/3849/963 1282/3850/963 1285/3851/963 1286/3852/963
f 1283/3853/964 1287/3854/964 1284/3855/964 1288/3856/964
f 1281/3857/965 1285/3858/965 1283/3859/965 1287/3860/965
f 1282/3861/966 1284/3862/966 1286/3863/966 1288/3864/966
o cuboid
v -0.4484700514350999 0.469824449745866 -0.2361705932851485
v -0.4484700514350999 0.35433950818195514 -0.1883351642395123
v -0.49122256935080844 0.5147750494321783 -0.12765024588564963
v -0.49122256935080844 0.39929010786826746 -0.0798148168400134
v -0.4484700514350999 0.469824449745866 -0.2361705932851485
v -0.4484700514350999 0.35433950818195514 -0.1883351642395123
v -0.49122256935080844 0.5147750494321783 -0.12765024588564963
v -0.49122256935080844 0.39929010786826746 -0.0798148168400134
vt 0.109375 0.296875
vt 0.09375 0.296875
vt 0.09375 0.28125
vt 0.109375 0.28125
vt 0.71875 0.890625
vt 0.71875 0.90625
vt 0.703125 0.90625
vt 0.703125 0.890625
vt 0 0.984375
vt 0 1
vt 0 0.984375
vt 0 1
vt 0 0.984375
vt 0 0.984375
vt 0 1
vt 0 1
vt 0 1
vt 0 1
vt 0 1
vt 0 1
vt 0 1
vt 0 1
vt 0 1
vt 0 1
vn 0.9396926207859085 0.13088544238586658 0.3159854101251619
vn -0.9396926207859085 -0.13088544238586658 -0.3159854101251619
vn 0 0 0
vn 0 0 0
vn 0 0 0
vn 0 0 0
usemtl m_2f782488-5985-7342-163e-a8a36ac958ed
f 1290/3865/967 1289/3866/967 1291/3867/967 1292/3868/967
f 1295/3869/968 1293/3870/968 1294/3871/968 1296/3872/968
f 1289/3873/969 1290/3874/969 1293/3875/969 1294/3876/969
f 1291/3877/970 1295/3878/970 1292/3879/970 1296/3880/970
f 1289/3881/971 1293/3882/971 1291/3883/971 1295/3884/971
f 1290/3885/972 1292/3886/972 1294/3887/972 1296/3888/972
o cuboid
v -0.38811449738476644 0.43476264578472557 -0.32081727592940035
v -0.38811449738476644 0.31927770422081475 -0.27298184688376415
v -0.4552769484281194 0.4751066374486045 -0.2234182640941969
v -0.4552769484281194 0.3596216958846936 -0.1755828350485607
v -0.38811449738476644 0.43476264578472557 -0.32081727592940035
v -0.38811449738476644 0.31927770422081475 -0.27298184688376415
v -0.4552769484281194 0.4751066374486045 -0.2234182640941969
v -0.4552769484281194 0.3596216958846936 -0.1755828350485607
vt 0.1328125 0.296875
vt 0.1171875 0.296875
vt 0.1171875 0.28125
vt 0.1328125 0.28125
vt 0.71875 0.8671875
vt 0.71875 0.8828125
vt 0.703125 0.8828125
vt 0.703125 0.8671875
vt 0 0.984375
vt 0 1
vt 0 0.984375
vt 0 1
vt 0 0.984375
vt 0 0.984375
vt 0 1
vt 0 1
vt 0 1
vt 0 1
vt 0 1
vt 0 1
vt 0 1
vt 0 1
vt 0 1
vt 0 1
vn 0.8433914458128858 0.20561565833058074 0.4964001109779609
vn -0.8433914458128858 -0.20561565833058074 -0.4964001109779609
vn 0 0 0
vn 0 0 0
vn 0 0 0
vn 0 0 0
usemtl m_2f782488-5985-7342-163e-a8a36ac958ed
f 1298/3889/973 1297/3890/973 1299/3891/973 1300/3892/973
f 1303/3893/974 1301/3894/974 1302/3895/974 1304/3896/974
f 1297/3897/975 1298/3898/975 1301/3899/975 1302/3900/975
f 1299/3901/976 1303/3902/976 1300/3903/976 1304/3904/976
f 1297/3905/977 1301/3906/977 1299/3907/977 1303/3908/977
f 1298/3909/978 1300/3910/978 1302/3911/978 1304/3912/978
o cuboid
v -0.3093592167691147 0.40553106761583757 -0.39138854839429904
v -0.3093592167691147 0.2900461260519267 -0.34355311934866284
v -0.3977475644174331 0.4393558238749749 -0.30972836308952545
v -0.3977475644174331 0.3238708823110641 -0.26189293404388925
v -0.3093592167691147 0.40553106761583757 -0.39138854839429904
v -0.3093592167691147 0.2900461260519267 -0.34355311934866284
v -0.3977475644174331 0.4393558238749749 -0.30972836308952545
v -0.3977475644174331 0.3238708823110641 -0.26189293404388925
vt 0.15625 0.296875
vt 0.140625 0.296875
vt 0.140625 0.28125
vt 0.15625 0.28125
vt 0.71875 0.84375
vt 0.71875 0.859375
vt 0.703125 0.859375
vt 0.703125 0.84375
vt 0 0.984375
vt 0 1
vt 0 0.984375
vt 0 1
vt 0 0.984375
vt 0 0.984375
vt 0 1
vt 0 1
vt 0 1
vt 0 1
vt 0 1
vt 0 1
vt 0 1
vt 0 1
vt 0 1
vt 0 1
vn 0.7071067811865477 0.2705980500730983 0.6532814824381881
vn -0.7071067811865477 -0.2705980500730983 -0.6532814824381881
vn 0 0 0
vn 0 0 0
vn 0 0 0
vn 0 0 0
usemtl m_2f782488-5985-7342-163e-a8a36ac958ed
f 1306/3913/979 1305/3914/979 1307/3915/979 1308/3916/979
f 1311/3917/980 1309/3918/980 1310/3919/980 1312/3920/980
f 1305/3921/981 1306/3922/981 1309/3923/981 1310/3924/981
f 1307/3925/982 1311/3926/982 1308/3927/982 1312/3928/982
f 1305/3929/983 1309/3930/983 1307/3931/983 1311/3932/983
f 1306/3933/984 1308/3934/984 1310/3935/984 1312/3936/984
o cuboid
v -0.2159378388101068 0.38351552548077883 -0.4445387687997542
v -0.2159378388101068 0.26803058391686796 -0.396703339754118
v -0.3213617695367175 0.40921748277210146 -0.382488754927509
v -0.3213617695367175 0.2937325412081906 -0.3346533258818728
v -0.2159378388101068 0.38351552548077883 -0.4445387687997542
v -0.2159378388101068 0.26803058391686796 -0.396703339754118
v -0.3213617695367175 0.40921748277210146 -0.382488754927509
v -0.3213617695367175 0.2937325412081906 -0.3346533258818728
vt 0.1796875 0.296875
vt 0.1640625 0.296875
vt 0.1640625 0.28125
vt 0.1796875 0.28125
vt 0.71875 0.8203125
vt 0.71875 0.8359375
vt 0.703125 0.8359375
vt 0.703125 0.8203125
vt 0 0.984375
vt 0 1
vt 0 0.984375
vt 0 1
vt 0 0.984375
vt 0 0.984375
vt 0 1
vt 0 1
vt 0 1
vt 0 1
vt 0 1
vt 0 1
vt 0 1
vt 0 1
vt 0 1
vt 0 1
vn 0.5372996083468243 0.32275193331103047 0.7791920946816269
vn -0.5372996083468243 -0.32275193331103047 -0.7791920946816269
vn 0 0 0
vn 0 0 0
vn 0 0 0
vn 0 0 0
usemtl m_2f782488-5985-7342-163e-a8a36ac958ed
f 1314/3937/985 1313/3938/985 1315/3939/985 1316/3940/985
f 1319/3941/986 1317/3942/986 1318/3943/986 1320/3944/986
f 1313/3945/987 1314/3946/987 1317/3947/987 1318/3948/987
f 1315/3949/988 1319/3950/988 1316/3951/988 1320/3952/988
f 1313/3953/989 1317/3954/989 1315/3955/989 1319/3956/989
f 1314/3957/990 1316/3958/990 1318/3959/990 1320/3960/990
o cuboid
v -0.11227928286371516 0.3697597318875897 -0.4777481922536362
v -0.11227928286371519 0.25427479032367883 -0.429912763208
v -0.2297408604619537 0.3861204121858231 -0.43825001598799085
v -0.2297408604619537 0.27063547062191223 -0.39041458694235465
v -0.11227928286371516 0.3697597318875897 -0.4777481922536362
v -0.11227928286371519 0.25427479032367883 -0.429912763208
v -0.2297408604619537 0.3861204121858231 -0.43825001598799085
v -0.2297408604619537 0.27063547062191223 -0.39041458694235465
vt 0.203125 0.296875
vt 0.1875 0.296875
vt 0.1875 0.28125
vt 0.203125 0.28125
vt 0.71875 0.796875
vt 0.71875 0.8125
vt 0.703125 0.8125
vt 0.703125 0.796875
vt 0 0.984375
vt 0 1
vt 0 0.984375
vt 0 1
vt 0 0.984375
vt 0 0.984375
vt 0 1
vt 0 1
vt 0 1
vt 0 1
vt 0 1
vt 0 1
vt 0 1
vt 0 1
vt 0 1
vt 0 1
vn 0.342020143325669 0.35960479749049806 0.8681627791959908
vn -0.342020143325669 -0.35960479749049806 -0.8681627791959908
vn 0 0 0
vn 0 0 0
vn 0 0 0
vn 0 0 0
usemtl m_2f782488-5985-7342-163e-a8a36ac958ed
f 1322/3961/991 1321/3962/991 1323/3963/991 1324/3964/991
f 1327/3965/992 1325/3966/992 1326/3967/992 1328/3968/992
f 1321/3969/993 1322/3970/993 1325/3971/993 1326/3972/993
f 1323/3973/994 1327/3974/994 1324/3975/994 1328/3976/994
f 1321/3977/995 1325/3978/995 1323/3979/995 1327/3980/995
f 1322/3981/996 1324/3982/996 1326/3983/996 1328/3984/996
o cuboid
v -0.0032977922741626595 0.36491582130305555 -0.489442426881741
v -0.0032977922741626855 0.24943087973914474 -0.4416069978361048
v -0.12722839994588897 0.37115959770959495 -0.4743686172006486
v -0.12722839994588897 0.2556746561456841 -0.4265331881550124
v -0.0032977922741626595 0.36491582130305555 -0.489442426881741
v -0.0032977922741626855 0.24943087973914474 -0.4416069978361048
v -0.12722839994588897 0.37115959770959495 -0.4743686172006486
v -0.12722839994588897 0.2556746561456841 -0.4265331881550124
vt 0.2265625 0.296875
vt 0.2109375 0.296875
vt 0.2109375 0.28125
vt 0.2265625 0.28125
vt 0.71875 0.7734375
vt 0.71875 0.7890625
vt 0.703125 0.7890625
vt 0.703125 0.7734375
vt 0 0.984375
vt 0 1
vt 0 0.984375
vt 0 1
vt 0 0.984375
vt 0 0.984375
vt 0 1
vt 0 1
vt 0 1
vt 0 1
vt 0 1
vt 0 1
vt 0 1
vt 0 1
vt 0 1
vt 0 1
vn 0.13052619222005166 0.37940952255126037 0.9159756150367534
vn -0.13052619222005166 -0.37940952255126037 -0.9159756150367534
vn 0 0 0
vn 0 0 0
vn 0 0 0
vn 0 0 0
usemtl m_2f782488-5985-7342-163e-a8a36ac958ed
f 1330/3985/997 1329/3986/997 1331/3987/997 1332/3988/997
f 1335/3989/998 1333/3990/998 1334/3991/998 1336/3992/998
f 1329/3993/999 1330/3994/999 1333/3995/999 1334/3996/999
f 1331/3997/1000 1335/3998/1000 1332/3999/1000 1336/4000/1000
f 1329/4001/1001 1333/4002/1001 1331/4003/1001 1335/4004/1001
f 1330/4005/1002 1332/4006/1002 1334/4007/1002 1336/4008/1002
o cuboid
v 0.10584004000456318 0.36921343377119126 -0.47906707257534414
v 0.10584004000456315 0.2537284922072804 -0.43123164352970794
v -0.01868429725690504 0.36504430142306593 -0.4891322484335167
v -0.01868429725690507 0.24955935985915506 -0.4412968193878805
v 0.10584004000456318 0.36921343377119126 -0.47906707257534414
v 0.10584004000456315 0.2537284922072804 -0.43123164352970794
v -0.01868429725690504 0.36504430142306593 -0.4891322484335167
v -0.01868429725690507 0.24955935985915506 -0.4412968193878805
vt 0.25 0.296875
vt 0.234375 0.296875
vt 0.234375 0.28125
vt 0.25 0.28125
vt 0.71875 0.75
vt 0.71875 0.765625
vt 0.703125 0.765625
vt 0.703125 0.75
vt 0 0.984375
vt 0 1
vt 0 0.984375
vt 0 1
vt 0 0.984375
vt 0 0.984375
vt 0 1
vt 0 1
vt 0 1
vt 0 1
vt 0 1
vt 0 1
vt 0 1
vt 0 1
vt 0 1
vt 0 1
vn -0.0871557427476581 0.3812272063696535 0.9203638919632243
vn 0.0871557427476581 -0.3812272063696535 -0.9203638919632243
vn 0 0 0
vn 0 0 0
vn 0 0 0
vn 0 0 0
usemtl m_2f782488-5985-7342-163e-a8a36ac958ed
f 1338/4009/1003 1337/4010/1003 1339/4011/1003 1340/4012/1003
f 1343/4013/1004 1341/4014/1004 1342/4015/1004 1344/4016/1004
f 1337/4017/1005 1338/4018/1005 1341/4019/1005 1342/4020/1005
f 1339/4021/1006 1343/4022/1006 1340/4023/1006 1344/4024/1006
f 1337/4025/1007 1341/4026/1007 1339/4027/1007 1343/4028/1007
f 1338/4029/1008 1340/4030/1008 1342/4031/1008 1344/4032/1008
o cuboid
v 0.2099602091739008 0.382448828141305 -0.44711400398365897
v 0.2099602091739008 0.2669638865773941 -0.39927857493802277
v 0.09074559033037245 0.3680644372055071 -0.48184099566733907
v 0.09074559033037242 0.2525794956415962 -0.43400556662170287
v 0.2099602091739008 0.382448828141305 -0.44711400398365897
v 0.2099602091739008 0.2669638865773941 -0.39927857493802277
v 0.09074559033037245 0.3680644372055071 -0.48184099566733907
v 0.09074559033037242 0.2525794956415962 -0.43400556662170287
vt 0.2734375 0.296875
vt 0.2578125 0.296875
vt 0.2578125 0.28125
vt 0.2734375 0.28125
vt 0.71875 0.7265625
vt 0.71875 0.7421875
vt 0.703125 0.7421875
vt 0.703125 0.7265625
vt 0 0.984375
vt 0 1
vt 0 0.984375
vt 0 1
vt 0 0.984375
vt 0 0.984375
vt 0 1
vt 0 1
vt 0 1
vt 0 1
vt 0 1
vt 0 1
vt 0 1
vt 0 1
vt 0 1
vt 0 1
vn -0.3007057995042733 0.3649716762170988 0.8811195706053618
vn 0.3007057995042733 -0.3649716762170988 -0.8811195706053618
vn 0 0 0
vn 0 0 0
vn 0 0 0
vn 0 0 0
usemtl m_2f782488-5985-7342-163e-a8a36ac958ed
f 1346/4033/1009 1345/4034/1009 1347/4035/1009 1348/4036/1009
f 1351/4037/1010 1349/4038/1010 1350/4039/1010 1352/4040/1010
f 1345/4041/1011 1346/4042/1011 1349/4043/1011 1350/4044/1011
f 1347/4045/1012 1351/4046/1012 1348/4047/1012 1352/4048/1012
f 1345/4049/1013 1349/4050/1013 1347/4051/1013 1351/4052/1013
f 1346/4053/1014 1348/4054/1014 1350/4055/1014 1352/4056/1014
o cuboid
v 0.30412658773652734 0.4039945410255685 -0.3950980517274733
v 0.30412658773652734 0.2885095994616576 -0.3472626226818371
v 0.19587341226347252 0.3800768265027504 -0.4528405225094287
v 0.19587341226347252 0.2645918849388395 -0.4050050934637925
v 0.30412658773652734 0.4039945410255685 -0.3950980517274733
v 0.30412658773652734 0.2885095994616576 -0.3472626226818371
v 0.19587341226347252 0.3800768265027504 -0.4528405225094287
v 0.19587341226347252 0.2645918849388395 -0.4050050934637925
vt 0.296875 0.296875
vt 0.28125 0.296875
vt 0.28125 0.28125
vt 0.296875 0.28125
vt 0.71875 0.703125
vt 0.71875 0.71875
vt 0.703125 0.71875
vt 0.703125 0.703125
vt 0 0.984375
vt 0 1
vt 0 0.984375
vt 0 1
vt 0 0.984375
vt 0 0.984375
vt 0 1
vt 0 1
vt 0 1
vt 0 1
vt 0 1
vt 0 1
vt 0 1
vt 0 1
vt 0 1
vt 0 1
vn -0.4999999999999999 0.3314135740355919 0.8001031451912657
vn 0.4999999999999999 -0.3314135740355919 -0.8001031451912657
vn 0 0 0
vn 0 0 0
vn 0 0 0
vn 0 0 0
usemtl m_2f782488-5985-7342-163e-a8a36ac958ed
f 1354/4057/1015 1353/4058/1015 1355/4059/1015 1356/4060/1015
f 1359/4061/1016 1357/4062/1016 1358/4063/1016 1360/4064/1016
f 1353/4065/1017 1354/4066/1017 1357/4067/1017 1358/4068/1017
f 1355/4069/1018 1359/4070/1018 1356/4071/1018 1360/4072/1018
f 1353/4073/1019 1357/4074/1019 1355/4075/1019 1359/4076/1019
f 1354/4077/1020 1356/4078/1020 1358/4079/1020 1360/4080/1020
o cuboid
v 0.3838749373584628 0.43282913357437286 -0.3254851873306475
v 0.3838749373584628 0.317344192010462 -0.2776497582850113
v 0.29171527025719735 0.4005119861340473 -0.4035056829782924
v 0.29171527025719735 0.28502704457013645 -0.3556702539326562
v 0.3838749373584628 0.43282913357437286 -0.3254851873306475
v 0.3838749373584628 0.317344192010462 -0.2776497582850113
v 0.29171527025719735 0.4005119861340473 -0.4035056829782924
v 0.29171527025719735 0.28502704457013645 -0.3556702539326562
vt 0.3203125 0.296875
vt 0.3046875 0.296875
vt 0.3046875 0.28125
vt 0.3203125 0.28125
vt 0.71875 0.6796875
vt 0.71875 0.6953125
vt 0.703125 0.6953125
vt 0.703125 0.6796875
vt 0 0.984375
vt 0 1
vt 0 0.984375
vt 0 1
vt 0 0.984375
vt 0 0.984375
vt 0 1
vt 0 1
vt 0 1
vt 0 1
vt 0 1
vt 0 1
vt 0 1
vt 0 1
vt 0 1
vt 0 1
vn -0.6755902076156604 0.2821438218554907 0.6811554412633039
vn 0.6755902076156604 -0.2821438218554907 -0.6811554412633039
vn 0 0 0
vn 0 0 0
vn 0 0 0
vn 0 0 0
usemtl m_2f782488-5985-7342-163e-a8a36ac958ed
f 1362/4081/1021 1361/4082/1021 1363/4083/1021 1364/4084/1021
f 1367/4085/1022 1365/4086/1022 1366/4087/1022 1368/4088/1022
f 1361/4089/1023 1362/4090/1023 1365/4091/1023 1366/4092/1023
f 1363/4093/1024 1367/4094/1024 1364/4095/1024 1368/4096/1024
f 1361/4097/1025 1365/4098/1025 1363/4099/1025 1367/4100/1025
f 1362/4101/1026 1364/4102/1026 1366/4103/1026 1368/4104/1026
o cuboid
v 0.4454245494164363 0.4675856158347649 -0.24157561647722908
v 0.4454245494164363 0.352100674270854 -0.19374018743159288
v 0.3737274948725555 0.428401126342591 -0.3361753424439014
v 0.3737274948725555 0.3129161847786801 -0.2883399133982652
v 0.4454245494164363 0.4675856158347649 -0.24157561647722908
v 0.4454245494164363 0.352100674270854 -0.19374018743159288
v 0.3737274948725555 0.428401126342591 -0.3361753424439014
v 0.3737274948725555 0.3129161847786801 -0.2883399133982652
vt 0.34375 0.296875
vt 0.328125 0.296875
vt 0.328125 0.28125
vt 0.34375 0.28125
vt 0.71875 0.65625
vt 0.71875 0.671875
vt 0.703125 0.671875
vt 0.703125 0.65625
vt 0 0.984375
vt 0 1
vt 0 0.984375
vt 0 1
vt 0 0.984375
vt 0 0.984375
vt 0 1
vt 0 1
vt 0 1
vt 0 1
vt 0 1
vt 0 1
vt 0 1
vt 0 1
vt 0 1
vt 0 1
vn -0.8191520442889919 0.219498199386555 0.5299155298754943
vn 0.8191520442889919 -0.219498199386555 -0.5299155298754943
vn 0 0 0
vn 0 0 0
vn 0 0 0
vn 0 0 0
usemtl m_2f782488-5985-7342-163e-a8a36ac958ed
f 1370/4105/1027 1369/4106/1027 1371/4107/1027 1372/4108/1027
f 1375/4109/1028 1373/4110/1028 1374/4111/1028 1376/4112/1028
f 1369/4113/1029 1370/4114/1029 1373/4115/1029 1374/4116/1029
f 1371/4117/1030 1375/4118/1030 1372/4119/1030 1376/4120/1030
f 1369/4121/1031 1373/4122/1031 1371/4123/1031 1375/4124/1031
f 1370/4125/1032 1372/4126/1032 1374/4127/1032 1376/4128/1032
o cuboid
v 0.4858574807784615 0.5066162529906718 -0.1473473229073754
v 0.4858574807784615 0.39113131142676094 -0.09951189386173918
v 0.4380220517328253 0.46242207916651257 -0.25404149673153464
v 0.4380220517328253 0.3469371376026017 -0.20620606768589844
v 0.4858574807784615 0.5066162529906718 -0.1473473229073754
v 0.4858574807784615 0.39113131142676094 -0.09951189386173918
v 0.4380220517328253 0.46242207916651257 -0.25404149673153464
v 0.4380220517328253 0.3469371376026017 -0.20620606768589844
vt 0.3671875 0.296875
vt 0.3515625 0.296875
vt 0.3515625 0.28125
vt 0.3671875 0.28125
vt 0.71875 0.6328125
vt 0.71875 0.6484375
vt 0.703125 0.6484375
vt 0.703125 0.6328125
vt 0 0.984375
vt 0 1
vt 0 0.984375
vt 0 1
vt 0 0.984375
vt 0 0.984375
vt 0 1
vt 0 1
vt 0 1
vt 0 1
vt 0 1
vt 0 1
vt 0 1
vt 0 1
vt 0 1
vt 0 1
vn -0.9238795325112867 0.14644660940672644 0.35355339059327373
vn 0.9238795325112867 -0.14644660940672644 -0.35355339059327373
vn 0 0 0
vn 0 0 0
vn 0 0 0
vn 0 0 0
usemtl m_2f782488-5985-7342-163e-a8a36ac958ed
f 1378/4129/1033 1377/4130/1033 1379/4131/1033 1380/4132/1033
f 1383/4133/1034 1381/4134/1034 1382/4135/1034 1384/4136/1034
f 1377/4137/1035 1378/4138/1035 1381/4139/1035 1382/4140/1035
f 1379/4141/1036 1383/4142/1036 1380/4143/1036 1384/4144/1036
f 1377/4145/1037 1381/4146/1037 1379/4147/1037 1383/4148/1037
f 1378/4149/1038 1380/4150/1038 1382/4151/1038 1384/4152/1038
o cuboid
v 0.5032568876102872 0.5480706811515974 -0.047267480220847743
v 0.5032568876102872 0.43258573958768654 0.0005679488247884862
v 0.48155086540192094 0.5009619797587894 -0.16099794602914896
v 0.48155086540192094 0.38547703819487855 -0.11316251698351272
v 0.5032568876102872 0.5480706811515974 -0.047267480220847743
v 0.5032568876102872 0.43258573958768654 0.0005679488247884862
v 0.48155086540192094 0.5009619797587894 -0.16099794602914896
v 0.48155086540192094 0.38547703819487855 -0.11316251698351272
vt 0.390625 0.296875
vt 0.375 0.296875
vt 0.375 0.28125
vt 0.390625 0.28125
vt 0.71875 0.609375
vt 0.71875 0.625
vt 0.703125 0.625
vt 0.703125 0.609375
vt 0 0.984375
vt 0 1
vt 0 0.984375
vt 0 1
vt 0 0.984375
vt 0 0.984375
vt 0 1
vt 0 1
vt 0 1
vt 0 1
vt 0 1
vt 0 1
vt 0 1
vt 0 1
vt 0 1
vt 0 1
vn -0.9848077530122082 0.06645228065352404 0.16042999720436044
vn 0.9848077530122082 -0.06645228065352404 -0.16042999720436044
vn 0 0 0
vn 0 0 0
vn 0 0 0
vn 0 0 0
usemtl m_2f782488-5985-7342-163e-a8a36ac958ed
f 1386/4153/1039 1385/4154/1039 1387/4155/1039 1388/4156/1039
f 1391/4157/1040 1389/4158/1040 1390/4159/1040 1392/4160/1040
f 1385/4161/1041 1386/4162/1041 1389/4163/1041 1390/4164/1041
f 1387/4165/1042 1391/4166/1042 1388/4167/1042 1392/4168/1042
f 1385/4169/1043 1389/4170/1043 1387/4171/1043 1391/4172/1043
f 1386/4173/1044 1388/4174/1044 1390/4175/1044 1392/4176/1044
o cuboid
v 0.5 0.4661752437408625 0.08166018530477356
v 0.5 0.41833981469522624 -0.03382475625913727
v 0.5 0.5816601853047734 0.033824756259137355
v 0.5 0.5338247562591371 -0.08166018530477348
v 0.5 0.4661752437408625 0.08166018530477356
v 0.5 0.41833981469522624 -0.03382475625913727
v 0.5 0.5816601853047734 0.033824756259137355
v 0.5 0.5338247562591371 -0.08166018530477348
vt 0.3203125 0.390625
vt 0.3046875 0.390625
vt 0.3046875 0.375
vt 0.3203125 0.375
vt 0.625 0.6796875
vt 0.625 0.6953125
vt 0.609375 0.6953125
vt 0.609375 0.6796875
vt 0 0.984375
vt 0 1
vt 0 0.984375
vt 0 1
vt 0 0.984375
vt 0 0.984375
vt 0 1
vt 0 1
vt 0 1
vt 0 1
vt 0 1
vt 0 1
vt 0 1
vt 0 1
vt 0 1
vt 0 1
vn -1 4.271870707198226e-16 -8.497279155086129e-17
vn 1 -4.271870707198226e-16 8.497279155086129e-17
vn 0 0 0
vn 0 0 0
vn 0 0 0
vn 0 0 0
usemtl m_2f782488-5985-7342-163e-a8a36ac958ed
f 1394/4177/1045 1393/4178/1045 1395/4179/1045 1396/4180/1045
f 1399/4181/1046 1397/4182/1046 1398/4183/1046 1400/4184/1046
f 1393/4185/1047 1394/4186/1047 1397/4187/1047 1398/4188/1047
f 1395/4189/1048 1399/4190/1048 1396/4191/1048 1400/4192/1048
f 1393/4193/1049 1397/4194/1049 1395/4195/1049 1399/4196/1049
f 1394/4197/1050 1396/4198/1050 1398/4199/1050 1400/4200/1050
o cuboid
v 0.47462052768883517 0.3675619061861265 0.12250716715082127
v 0.47462052768883517 0.3197264771404903 0.00702222558691043
v 0.501675479431098 0.48030939351745144 0.07580562877469776
v 0.501675479431098 0.43247396447181524 -0.03967931278921308
v 0.47462052768883517 0.3675619061861265 0.12250716715082127
v 0.47462052768883517 0.3197264771404903 0.00702222558691043
v 0.501675479431098 0.48030939351745144 0.07580562877469776
v 0.501675479431098 0.43247396447181524 -0.03967931278921308
vt 0.34375 0.390625
vt 0.328125 0.390625
vt 0.328125 0.375
vt 0.34375 0.375
vt 0.625 0.65625
vt 0.625 0.671875
vt 0.609375 0.671875
vt 0.609375 0.65625
vt 0 0.984375
vt 0 1
vt 0 0.984375
vt 0 1
vt 0 0.984375
vt 0 0.984375
vt 0 1
vt 0 1
vt 0 1
vt 0 1
vt 0 1
vt 0 1
vt 0 1
vt 0 1
vt 0 1
vt 0 1
vn -0.9762960071199334 0.19996412934205832 -0.08282785436160821
vn 0.9762960071199334 -0.19996412934205832 0.08282785436160821
vn 0 0 0
vn 0 0 0
vn 0 0 0
vn 0 0 0
usemtl m_2f782488-5985-7342-163e-a8a36ac958ed
f 1402/4201/1051 1401/4202/1051 1403/4203/1051 1404/4204/1051
f 1407/4205/1052 1405/4206/1052 1406/4207/1052 1408/4208/1052
f 1401/4209/1053 1402/4210/1053 1405/4211/1053 1406/4212/1053
f 1403/4213/1054 1407/4214/1054 1404/4215/1054 1408/4216/1054
f 1401/4217/1055 1405/4218/1055 1403/4219/1055 1407/4220/1055
f 1402/4221/1056 1404/4222/1056 1406/4223/1056 1408/4224/1056
o cuboid
v 0.42674025215953126 0.27636108256653064 0.16028378519365438
v 0.42674025215953126 0.22852565352089443 0.04479884362974354
v 0.4795675348771187 0.38102598439137547 0.11693016335335513
v 0.4795675348771187 0.33319055534573927 0.0014452217894442843
v 0.42674025215953126 0.27636108256653064 0.16028378519365438
v 0.42674025215953126 0.22852565352089443 0.04479884362974354
v 0.4795675348771187 0.38102598439137547 0.11693016335335513
v 0.4795675348771187 0.33319055534573927 0.0014452217894442843
vt 0.3671875 0.390625
vt 0.3515625 0.390625
vt 0.3515625 0.375
vt 0.3671875 0.375
vt 0.625 0.6328125
vt 0.625 0.6484375
vt 0.609375 0.6484375
vt 0.609375 0.6328125
vt 0 0.984375
vt 0 1
vt 0 0.984375
vt 0 1
vt 0 0.984375
vt 0 0.984375
vt 0 1
vt 0 1
vt 0 1
vt 0 1
vt 0 1
vt 0 1
vt 0 1
vt 0 1
vt 0 1
vt 0 1
vn -0.90630778703665 0.3904483620877302 -0.1617290069830987
vn 0.90630778703665 -0.3904483620877302 0.1617290069830987
vn 0 0 0
vn 0 0 0
vn 0 0 0
vn 0 0 0
usemtl m_2f782488-5985-7342-163e-a8a36ac958ed
f 1410/4225/1057 1409/4226/1057 1411/4227/1057 1412/4228/1057
f 1415/4229/1058 1413/4230/1058 1414/4231/1058 1416/4232/1058
f 1409/4233/1059 1410/4234/1059 1413/4235/1059 1414/4236/1059
f 1411/4237/1060 1415/4238/1060 1412/4239/1060 1416/4240/1060
f 1409/4241/1061 1413/4242/1061 1411/4243/1061 1415/4244/1061
f 1410/4245/1062 1412/4246/1062 1414/4247/1062 1416/4248/1062
o cuboid
v 0.3586290808325725 0.1968964202295448 0.1931991260630324
v 0.3586290808325725 0.1490609911839086 0.07771418449912158
v 0.43472425945866255 0.2885167843726115 0.15524872864541256
v 0.43472425945866255 0.24068135532697532 0.0397637870815017
v 0.3586290808325725 0.1968964202295448 0.1931991260630324
v 0.3586290808325725 0.1490609911839086 0.07771418449912158
v 0.43472425945866255 0.2885167843726115 0.15524872864541256
v 0.43472425945866255 0.24068135532697532 0.0397637870815017
vt 0.390625 0.390625
vt 0.375 0.390625
vt 0.375 0.375
vt 0.390625 0.375
vt 0.625 0.609375
vt 0.625 0.625
vt 0.609375 0.625
vt 0.609375 0.609375
vt 0 0.984375
vt 0 1
vt 0 0.984375
vt 0 1
vt 0 0.984375
vt 0 0.984375
vt 0 1
vt 0 1
vt 0 1
vt 0 1
vt 0 1
vt 0 1
vt 0 1
vt 0 1
vt 0 1
vt 0 1
vn -0.7933533402912352 0.5624222244434799 -0.23296291314453416
vn 0.7933533402912352 -0.5624222244434799 0.23296291314453416
vn 0 0 0
vn 0 0 0
vn 0 0 0
vn 0 0 0
usemtl m_2f782488-5985-7342-163e-a8a36ac958ed
f 1418/4249/1063 1417/4250/1063 1419/4251/1063 1420/4252/1063
f 1423/4253/1064 1421/4254/1064 1422/4255/1064 1424/4256/1064
f 1417/4257/1065 1418/4258/1065 1421/4259/1065 1422/4260/1065
f 1419/4261/1066 1423/4262/1066 1420/4263/1066 1424/4264/1066
f 1417/4265/1067 1421/4266/1067 1419/4267/1067 1423/4268/1067
f 1418/4269/1068 1420/4270/1068 1422/4271/1068 1424/4272/1068
o cuboid
v 0.2735160271483335 0.13293517875567484 0.21969273974772985
v 0.2735160271483335 0.08509974971003864 0.10420779818381902
v 0.36927158253820574 0.20716746829833077 0.18894471865315526
v 0.36927158253820574 0.15933203925269457 0.07345977708924444
v 0.2735160271483335 0.13293517875567484 0.21969273974772985
v 0.2735160271483335 0.08509974971003864 0.10420779818381902
v 0.36927158253820574 0.20716746829833077 0.18894471865315526
v 0.36927158253820574 0.15933203925269457 0.07345977708924444
vt 0.4140625 0.390625
vt 0.3984375 0.390625
vt 0.3984375 0.375
vt 0.4140625 0.375
vt 0.625 0.5859375
vt 0.625 0.6015625
vt 0.609375 0.6015625
vt 0.609375 0.5859375
vt 0 0.984375
vt 0 1
vt 0 0.984375
vt 0 1
vt 0 0.984375
vt 0 0.984375
vt 0 1
vt 0 1
vt 0 1
vt 0 1
vt 0 1
vt 0 1
vt 0 1
vt 0 1
vt 0 1
vt 0 1
vn -0.6427876096865391 0.7077327819916306 -0.2931525168369743
vn 0.6427876096865391 -0.7077327819916306 0.2931525168369743
vn 0 0 0
vn 0 0 0
vn 0 0 0
vn 0 0 0
usemtl m_2f782488-5985-7342-163e-a8a36ac958ed
f 1426/4273/1069 1425/4274/1069 1427/4275/1069 1428/4276/1069
f 1431/4277/1070 1429/4278/1070 1430/4279/1070 1432/4280/1070
f 1425/4281/1071 1426/4282/1071 1429/4283/1071 1430/4284/1071
f 1427/4285/1072 1431/4286/1072 1428/4287/1072 1432/4288/1072
f 1425/4289/1073 1429/4290/1073 1427/4291/1073 1431/4292/1073
f 1426/4293/1074 1428/4294/1074 1430/4295/1074 1432/4296/1074
o cuboid
v 0.175436129543878 0.0875096317699145 0.23850861738744805
v 0.175436129543878 0.039674202724278296 0.12302367582353722
v 0.28631248369115575 0.1408346433865792 0.21642067436212264
v 0.28631248369115575 0.09299921434094299 0.10093573279821182
v 0.175436129543878 0.0875096317699145 0.23850861738744805
v 0.175436129543878 0.039674202724278296 0.12302367582353722
v 0.28631248369115575 0.1408346433865792 0.21642067436212264
v 0.28631248369115575 0.09299921434094299 0.10093573279821182
vt 0.4375 0.390625
vt 0.421875 0.390625
vt 0.421875 0.375
vt 0.4375 0.375
vt 0.625 0.5625
vt 0.625 0.578125
vt 0.609375 0.578125
vt 0.609375 0.5625
vt 0 0.984375
vt 0 1
vt 0 0.984375
vt 0 1
vt 0 0.984375
vt 0 0.984375
vt 0 1
vt 0 1
vt 0 1
vt 0 1
vt 0 1
vt 0 1
vt 0 1
vt 0 1
vt 0 1
vt 0 1
vn -0.4617486132350337 0.8194911538891425 -0.3394443501856599
vn 0.4617486132350337 -0.8194911538891425 0.3394443501856599
vn 0 0 0
vn 0 0 0
vn 0 0 0
vn 0 0 0
usemtl m_2f782488-5985-7342-163e-a8a36ac958ed
f 1434/4297/1075 1433/4298/1075 1435/4299/1075 1436/4300/1075
f 1439/4301/1076 1437/4302/1076 1438/4303/1076 1440/4304/1076
f 1433/4305/1077 1434/4306/1077 1437/4307/1077 1438/4308/1077
f 1435/4309/1078 1439/4310/1078 1436/4311/1078 1440/4312/1078
f 1433/4313/1079 1437/4314/1079 1435/4315/1079 1439/4316/1079
f 1434/4317/1080 1436/4318/1080 1438/4319/1080 1440/4320/1080
o cuboid
v 0.0690391584081935 0.06277331295691074 0.24875473612297894
v 0.0690391584081935 0.014937883911274541 0.13326979455906807
v 0.18977988669432702 0.09266301525620252 0.236374016055318
v 0.18977988669432702 0.04482758621056632 0.12088907449140714
v 0.0690391584081935 0.06277331295691074 0.24875473612297894
v 0.0690391584081935 0.014937883911274541 0.13326979455906807
v 0.18977988669432702 0.09266301525620252 0.236374016055318
v 0.18977988669432702 0.04482758621056632 0.12088907449140714
vt 0.4609375 0.390625
vt 0.4453125 0.390625
vt 0.4453125 0.375
vt 0.4609375 0.375
vt 0.625 0.5390625
vt 0.625 0.5546875
vt 0.609375 0.5546875
vt 0.609375 0.5390625
vt 0 0.984375
vt 0 1
vt 0 0.984375
vt 0 1
vt 0 0.984375
vt 0 0.984375
vt 0 1
vt 0 1
vt 0 1
vt 0 1
vt 0 1
vt 0 1
vt 0 1
vt 0 1
vt 0 1
vt 0 1
vn -0.2588190451025205 0.8923991008325228 -0.36964381061438606
vn 0.2588190451025205 -0.8923991008325228 0.36964381061438606
vn 0 0 0
vn 0 0 0
vn 0 0 0
vn 0 0 0
usemtl m_2f782488-5985-7342-163e-a8a36ac958ed
f 1442/4321/1081 1441/4322/1081 1443/4323/1081 1444/4324/1081
f 1447/4325/1082 1445/4326/1082 1446/4327/1082 1448/4328/1082
f 1441/4329/1083 1442/4330/1083 1445/4331/1083 1446/4332/1083
f 1443/4333/1084 1447/4334/1084 1444/4335/1084 1448/4336/1084
f 1441/4337/1085 1445/4338/1085 1443/4339/1085 1447/4340/1085
f 1442/4341/1086 1444/4342/1086 1446/4343/1086 1448/4344/1086
o cuboid
v -0.04063082016619821 0.05989892136670877 0.24994534810321178
v -0.04063082016619823 0.012063492321072566 0.13446040653930097
v 0.084250207531534 0.0649363037676482 0.2478587959938831
v 0.084250207531534 0.017100874722011994 0.1323738544299723
v -0.04063082016619821 0.05989892136670877 0.24994534810321178
v -0.04063082016619823 0.012063492321072566 0.13446040653930097
v 0.084250207531534 0.0649363037676482 0.2478587959938831
v 0.084250207531534 0.017100874722011994 0.1323738544299723
vt 0.484375 0.390625
vt 0.46875 0.390625
vt 0.46875 0.375
vt 0.484375 0.375
vt 0.625 0.515625
vt 0.625 0.53125
vt 0.609375 0.53125
vt 0.609375 0.515625
vt 0 0.984375
vt 0 1
vt 0 0.984375
vt 0 1
vt 0 0.984375
vt 0 0.984375
vt 0 1
vt 0 1
vt 0 1
vt 0 1
vt 0 1
vt 0 1
vt 0 1
vt 0 1
vt 0 1
vt 0 1
vn -0.04361938736533579 0.9230002039112792 -0.3823192025331841
vn 0.04361938736533579 -0.9230002039112792 0.3823192025331841
vn 0 0 0
vn 0 0 0
vn 0 0 0
vn 0 0 0
usemtl m_2f782488-5985-7342-163e-a8a36ac958ed
f 1450/4345/1087 1449/4346/1087 1451/4347/1087 1452/4348/1087
f 1455/4349/1088 1453/4350/1088 1454/4351/1088 1456/4352/1088
f 1449/4353/1089 1450/4354/1089 1453/4355/1089 1454/4356/1089
f 1451/4357/1090 1455/4358/1090 1452/4359/1090 1456/4360/1090
f 1449/4361/1091 1453/4362/1091 1451/4363/1091 1455/4364/1091
f 1450/4365/1092 1452/4366/1092 1454/4367/1092 1456/4368/1092
o cuboid
v -0.14837457339672827 0.07902272611488592 0.24202400881234182
v -0.14837457339672827 0.03118729706924972 0.126539067248431
v -0.025273604270202255 0.05896897646434085 0.2503305438940323
v -0.02527360427020227 0.011133547418704648 0.1348456023301215
v -0.14837457339672827 0.07902272611488592 0.24202400881234182
v -0.14837457339672827 0.03118729706924972 0.126539067248431
v -0.025273604270202255 0.05896897646434085 0.2503305438940323
v -0.02527360427020227 0.011133547418704648 0.1348456023301215
vt 0.5078125 0.390625
vt 0.4921875 0.390625
vt 0.4921875 0.375
vt 0.5078125 0.375
vt 0.625 0.4921875
vt 0.625 0.5078125
vt 0.609375 0.5078125
vt 0.609375 0.4921875
vt 0 0.984375
vt 0 1
vt 0 0.984375
vt 0 1
vt 0 0.984375
vt 0 0.984375
vt 0 1
vt 0 1
vt 0 1
vt 0 1
vt 0 1
vt 0 1
vt 0 1
vt 0 1
vt 0 1
vt 0 1
vn 0.17364817766693053 0.9098437264664094 -0.3768696111424633
vn -0.17364817766693053 -0.9098437264664094 0.3768696111424633
vn 0 0 0
vn 0 0 0
vn 0 0 0
vn 0 0 0
usemtl m_2f782488-5985-7342-163e-a8a36ac958ed
f 1458/4369/1093 1457/4370/1093 1459/4371/1093 1460/4372/1093
f 1463/4373/1094 1461/4374/1094 1462/4375/1094 1464/4376/1094
f 1457/4377/1095 1458/4378/1095 1461/4379/1095 1462/4380/1095
f 1459/4381/1096 1463/4382/1096 1460/4383/1096 1464/4384/1096
f 1457/4385/1097 1461/4386/1097 1459/4387/1097 1463/4388/1097
f 1458/4389/1098 1460/4390/1098 1462/4391/1098 1464/4392/1098
o cuboid
v -0.24908418696450035 0.11923810613826091 0.22536625299067192
v -0.24908418696450035 0.07140267709262471 0.10988131142676107
v -0.13359924540058954 0.07504393231410167 0.24367207916651268
v -0.13359924540058954 0.027208503268465467 0.1281871376026018
v -0.24908418696450035 0.11923810613826091 0.22536625299067192
v -0.24908418696450035 0.07140267709262471 0.10988131142676107
v -0.13359924540058954 0.07504393231410167 0.24367207916651268
v -0.13359924540058954 0.027208503268465467 0.1281871376026018
vt 0.53125 0.390625
vt 0.515625 0.390625
vt 0.515625 0.375
vt 0.53125 0.375
vt 0.625 0.46875
vt 0.625 0.484375
vt 0.609375 0.484375
vt 0.609375 0.46875
vt 0 0.984375
vt 0 1
vt 0 0.984375
vt 0 1
vt 0 0.984375
vt 0 0.984375
vt 0 1
vt 0 1
vt 0 1
vt 0 1
vt 0 1
vt 0 1
vt 0 1
vt 0 1
vt 0 1
vt 0 1
vn 0.38268343236508995 0.8535533905932736 -0.35355339059327373
vn -0.38268343236508995 -0.8535533905932736 0.35355339059327373
vn 0 0 0
vn 0 0 0
vn 0 0 0
vn 0 0 0
usemtl m_2f782488-5985-7342-163e-a8a36ac958ed
f 1466/4393/1099 1465/4394/1099 1467/4395/1099 1468/4396/1099
f 1471/4397/1100 1469/4398/1100 1470/4399/1100 1472/4400/1100
f 1465/4401/1101 1466/4402/1101 1469/4403/1101 1470/4404/1101
f 1467/4405/1102 1471/4406/1102 1468/4407/1102 1472/4408/1102
f 1465/4409/1103 1469/4410/1103 1467/4411/1103 1471/4412/1103
f 1466/4413/1104 1468/4414/1104 1470/4415/1104 1472/4416/1104
o cuboid
v -0.33798522094358513 0.17863853127334728 0.20076179128899146
v -0.33798522094358513 0.13080310222771108 0.08527684972508061
v -0.23559121540746114 0.11239909003891047 0.22819906621231079
v -0.23559121540746114 0.06456366099327426 0.11271412464839993
v -0.33798522094358513 0.17863853127334728 0.20076179128899146
v -0.33798522094358513 0.13080310222771108 0.08527684972508061
v -0.23559121540746114 0.11239909003891047 0.22819906621231079
v -0.23559121540746114 0.06456366099327426 0.11271412464839993
vt 0.5546875 0.390625
vt 0.5390625 0.390625
vt 0.5390625 0.375
vt 0.5546875 0.375
vt 0.625 0.4453125
vt 0.625 0.4609375
vt 0.609375 0.4609375
vt 0.609375 0.4453125
vt 0 0.984375
vt 0 1
vt 0 0.984375
vt 0 1
vt 0 0.984375
vt 0 0.984375
vt 0 1
vt 0 1
vt 0 1
vt 0 1
vt 0 1
vt 0 1
vt 0 1
vt 0 1
vt 0 1
vt 0 1
vn 0.5735764363510463 0.7567978077333785 -0.3134759159373914
vn -0.5735764363510463 -0.7567978077333785 0.3134759159373914
vn 0 0 0
vn 0 0 0
vn 0 0 0
vn 0 0 0
usemtl m_2f782488-5985-7342-163e-a8a36ac958ed
f 1474/4417/1105 1473/4418/1105 1475/4419/1105 1476/4420/1105
f 1479/4421/1106 1477/4422/1106 1478/4423/1106 1480/4424/1106
f 1473/4425/1107 1474/4426/1107 1477/4427/1107 1478/4428/1107
f 1475/4429/1108 1479/4430/1108 1476/4431/1108 1480/4432/1108
f 1473/4433/1109 1477/4434/1109 1475/4435/1109 1479/4436/1109
f 1474/4437/1110 1476/4438/1110 1478/4439/1110 1480/4440/1110
o cuboid
v -0.4108630563810408 0.25440794701119496 0.1693770716772895
v -0.4108630563810408 0.20657251796555876 0.05389213011337865
v -0.32641428042908327 0.169263516853282 0.2046450494092258
v -0.32641428042908327 0.1214280878076458 0.08916010784531496
v -0.4108630563810408 0.25440794701119496 0.1693770716772895
v -0.4108630563810408 0.20657251796555876 0.05389213011337865
v -0.32641428042908327 0.169263516853282 0.2046450494092258
v -0.32641428042908327 0.1214280878076458 0.08916010784531496
vt 0.578125 0.390625
vt 0.5625 0.390625
vt 0.5625 0.375
vt 0.578125 0.375
vt 0.625 0.421875
vt 0.625 0.4375
vt 0.609375 0.4375
vt 0.609375 0.421875
vt 0 0.984375
vt 0 1
vt 0 0.984375
vt 0 1
vt 0 0.984375
vt 0 0.984375
vt 0 1
vt 0 1
vt 0 1
vt 0 1
vt 0 1
vt 0 1
vt 0 1
vt 0 1
vt 0 1
vt 0 1
vn 0.7372773368101241 0.6241639651811592 -0.25853717952260447
vn -0.7372773368101241 -0.6241639651811592 0.25853717952260447
vn 0 0 0
vn 0 0 0
vn 0 0 0
vn 0 0 0
usemtl m_2f782488-5985-7342-163e-a8a36ac958ed
f 1482/4441/1111 1481/4442/1111 1483/4443/1111 1484/4444/1111
f 1487/4445/1112 1485/4446/1112 1486/4447/1112 1488/4448/1112
f 1481/4449/1113 1482/4450/1113 1485/4451/1113 1486/4452/1113
f 1483/4453/1114 1487/4454/1114 1484/4455/1114 1488/4456/1114
f 1481/4457/1115 1485/4458/1115 1483/4459/1115 1487/4460/1115
f 1482/4461/1116 1484/4462/1116 1486/4463/1116 1488/4464/1116
o cuboid
v -0.46426270189221935 0.34295427796945055 0.1326999804960034
v -0.46426270189221935 0.29511884892381435 0.017215038932092558
v -0.40176270189221935 0.24294138482054234 0.17412667725045236
v -0.40176270189221935 0.19510595577490614 0.05864173568654152
v -0.46426270189221935 0.34295427796945055 0.1326999804960034
v -0.46426270189221935 0.29511884892381435 0.017215038932092558
v -0.40176270189221935 0.24294138482054234 0.17412667725045236
v -0.40176270189221935 0.19510595577490614 0.05864173568654152
vt 0.6015625 0.390625
vt 0.5859375 0.390625
vt 0.5859375 0.375
vt 0.6015625 0.375
vt 0.625 0.3984375
vt 0.625 0.4140625
vt 0.609375 0.4140625
vt 0.609375 0.3984375
vt 0 0.984375
vt 0 1
vt 0 0.984375
vt 0 1
vt 0 0.984375
vt 0 0.984375
vt 0 1
vt 0 1
vt 0 1
vt 0 1
vt 0 1
vt 0 1
vt 0 1
vt 0 1
vt 0 1
vt 0 1
vn 0.8660254037844387 0.46193976625564326 -0.1913417161825449
vn -0.8660254037844387 -0.46193976625564326 0.1913417161825449
vn 0 0 0
vn 0 0 0
vn 0 0 0
vn 0 0 0
usemtl m_2f782488-5985-7342-163e-a8a36ac958ed
f 1490/4465/1117 1489/4466/1117 1491/4467/1117 1492/4468/1117
f 1495/4469/1118 1493/4470/1118 1494/4471/1118 1496/4472/1118
f 1489/4473/1119 1490/4474/1119 1493/4475/1119 1494/4476/1119
f 1491/4477/1120 1495/4478/1120 1492/4479/1120 1496/4480/1120
f 1489/4481/1121 1493/4482/1121 1491/4483/1121 1495/4484/1121
f 1490/4485/1122 1492/4486/1122 1494/4487/1122 1496/4488/1122
o cuboid
v -0.4956525878431306 0.440079720950933 0.09246930476157864
v -0.4956525878431306 0.39224429190529675 -0.0230156368023322
v -0.45806436290509644 0.32993977462526275 0.13809076428871597
v -0.45806436290509644 0.28210434557962655 0.022605822724805144
v -0.4956525878431306 0.440079720950933 0.09246930476157864
v -0.4956525878431306 0.39224429190529675 -0.0230156368023322
v -0.45806436290509644 0.32993977462526275 0.13809076428871597
v -0.45806436290509644 0.28210434557962655 0.022605822724805144
vt 0.625 0.390625
vt 0.609375 0.390625
vt 0.609375 0.375
vt 0.625 0.375
vt 0.015625 0.3515625
vt 0.015625 0.3671875
vt 0 0.3671875
vt 0 0.3515625
vt 0 0.984375
vt 0 1
vt 0 0.984375
vt 0 1
vt 0 0.984375
vt 0 0.984375
vt 0 1
vt 0 1
vt 0 1
vt 0 1
vt 0 1
vt 0 1
vt 0 1
vt 0 1
vt 0 1
vt 0 1
vn 0.9537169507482272 0.27781593346944045 -0.1150751274863838
vn -0.9537169507482272 -0.27781593346944045 0.1150751274863838
vn 0 0 0
vn 0 0 0
vn 0 0 0
vn 0 0 0
usemtl m_2f782488-5985-7342-163e-a8a36ac958ed
f 1498/4489/1123 1497/4490/1123 1499/4491/1123 1500/4492/1123
f 1503/4493/1124 1501/4494/1124 1502/4495/1124 1504/4496/1124
f 1497/4497/1125 1498/4498/1125 1501/4499/1125 1502/4500/1125
f 1499/4501/1126 1503/4502/1126 1500/4503/1126 1504/4504/1126
f 1497/4505/1127 1501/4506/1127 1499/4507/1127 1503/4508/1127
f 1498/4509/1128 1500/4510/1128 1502/4511/1128 1504/4512/1128
o cuboid
v -0.5035445829676014 0.5411797543378294 0.05059229977635344
v -0.5035445829676014 0.4933443252921932 -0.06489264178755741
v -0.4926501151241441 0.42613426784242636 0.09824570057256013
v -0.4926501151241441 0.37829883879679016 -0.01723924099135072
v -0.5035445829676014 0.5411797543378294 0.05059229977635344
v -0.5035445829676014 0.4933443252921932 -0.06489264178755741
v -0.4926501151241441 0.42613426784242636 0.09824570057256013
v -0.4926501151241441 0.37829883879679016 -0.01723924099135072
vt 0.6484375 1
vt 0.6328125 1
vt 0.6328125 0.984375
vt 0.6484375 0.984375
vt 0.0390625 0.3515625
vt 0.0390625 0.3671875
vt 0.0234375 0.3671875
vt 0.0234375 0.3515625
vt 0 0.984375
vt 0 1
vt 0 0.984375
vt 0 1
vt 0 0.984375
vt 0 0.984375
vt 0 1
vt 0 1
vt 0 1
vt 0 1
vt 0 1
vt 0 1
vt 0 1
vt 0 1
vt 0 1
vt 0 1
vn 0.9961946980917455 0.08052140686538048 -0.03335305878500272
vn -0.9961946980917455 -0.08052140686538048 0.03335305878500272
vn 0 0 0
vn 0 0 0
vn 0 0 0
vn 0 0 0
usemtl m_2f782488-5985-7342-163e-a8a36ac958ed
f 1506/4513/1129 1505/4514/1129 1507/4515/1129 1508/4516/1129
f 1511/4517/1130 1509/4518/1130 1510/4519/1130 1512/4520/1130
f 1505/4521/1131 1506/4522/1131 1509/4523/1131 1510/4524/1131
f 1507/4525/1132 1511/4526/1132 1508/4527/1132 1512/4528/1132
f 1505/4529/1133 1509/4530/1133 1507/4531/1133 1511/4532/1133
f 1506/4533/1134 1508/4534/1134 1510/4535/1134 1512/4536/1134
o cuboid
v -0.487564543673152 0.6414614291869851 0.009054269996344247
v -0.487564543673152 0.5936260001413489 -0.1064306715675666
v -0.5038803177006584 0.5269644773073909 0.05648046031525179
v -0.5038803177006584 0.47912904826175473 -0.05900448124865905
v -0.487564543673152 0.6414614291869851 0.009054269996344247
v -0.487564543673152 0.5936260001413489 -0.1064306715675666
v -0.5038803177006584 0.5269644773073909 0.05648046031525179
v -0.5038803177006584 0.47912904826175473 -0.05900448124865905
vt 0.6484375 0.9765625
vt 0.6328125 0.9765625
vt 0.6328125 0.9609375
vt 0.6484375 0.9609375
vt 0.0625 0.3515625
vt 0.0625 0.3671875
vt 0.046875 0.3671875
vt 0.046875 0.3515625
vt 0 0.984375
vt 0 1
vt 0 0.984375
vt 0 1
vt 0 0.984375
vt 0 0.984375
vt 0 1
vt 0 1
vt 0 1
vt 0 1
vt 0 1
vt 0 1
vt 0 1
vt 0 1
vt 0 1
vt 0 1
vn 0.9914448613738105 -0.12059047744873981 0.0499502112523148
vn -0.9914448613738105 0.12059047744873981 -0.0499502112523148
vn 0 0 0
vn 0 0 0
vn 0 0 0
vn 0 0 0
usemtl m_2f782488-5985-7342-163e-a8a36ac958ed
f 1514/4537/1135 1513/4538/1135 1515/4539/1135 1516/4540/1135
f 1519/4541/1136 1517/4542/1136 1518/4543/1136 1520/4544/1136
f 1513/4545/1137 1514/4546/1137 1517/4547/1137 1518/4548/1137
f 1515/4549/1138 1519/4550/1138 1516/4551/1138 1520/4552/1138
f 1513/4553/1139 1517/4554/1139 1515/4555/1139 1519/4556/1139
f 1514/4557/1140 1516/4558/1140 1518/4559/1140 1520/4560/1140
o cuboid
v -0.4484700514350998 0.7361705932851486 -0.03017555025413407
v -0.4484700514350998 0.6883351642395124 -0.1456604918180449
v -0.4912225693508084 0.6276502458856497 0.014775049432178194
v -0.4912225693508084 0.5798148168400135 -0.10070989213173265
v -0.4484700514350998 0.7361705932851486 -0.03017555025413407
v -0.4484700514350998 0.6883351642395124 -0.1456604918180449
v -0.4912225693508084 0.6276502458856497 0.014775049432178194
v -0.4912225693508084 0.5798148168400135 -0.10070989213173265
vt 0.6484375 0.953125
vt 0.6328125 0.953125
vt 0.6328125 0.9375
vt 0.6484375 0.9375
vt 0.0859375 0.3515625
vt 0.0859375 0.3671875
vt 0.0703125 0.3671875
vt 0.0703125 0.3515625
vt 0 0.984375
vt 0 1
vt 0 0.984375
vt 0 1
vt 0 0.984375
vt 0 0.984375
vt 0 1
vt 0 1
vt 0 1
vt 0 1
vt 0 1
vt 0 1
vt 0 1
vt 0 1
vt 0 1
vt 0 1
vn 0.9396926207859085 -0.31598541012516224 0.13088544238586677
vn -0.9396926207859085 0.31598541012516224 -0.13088544238586677
vn 0 0 0
vn 0 0 0
vn 0 0 0
vn 0 0 0
usemtl m_2f782488-5985-7342-163e-a8a36ac958ed
f 1522/4561/1141 1521/4562/1141 1523/4563/1141 1524/4564/1141
f 1527/4565/1142 1525/4566/1142 1526/4567/1142 1528/4568/1142
f 1521/4569/1143 1522/4570/1143 1525/4571/1143 1526/4572/1143
f 1523/4573/1144 1527/4574/1144 1524/4575/1144 1528/4576/1144
f 1521/4577/1145 1525/4578/1145 1523/4579/1145 1527/4580/1145
f 1522/4581/1146 1524/4582/1146 1526/4583/1146 1528/4584/1146
o cuboid
v -0.38811449738476633 0.8208172759294003 -0.06523735421527446
v -0.38811449738476633 0.7729818468837641 -0.1807222957791853
v -0.4552769484281194 0.723418264094197 -0.024893362551395626
v -0.4552769484281194 0.6755828350485608 -0.14037830411530647
v -0.38811449738476633 0.8208172759294003 -0.06523735421527446
v -0.38811449738476633 0.7729818468837641 -0.1807222957791853
v -0.4552769484281194 0.723418264094197 -0.024893362551395626
v -0.4552769484281194 0.6755828350485608 -0.14037830411530647
vt 0.6484375 0.9296875
vt 0.6328125 0.9296875
vt 0.6328125 0.9140625
vt 0.6484375 0.9140625
vt 0.109375 0.3515625
vt 0.109375 0.3671875
vt 0.09375 0.3671875
vt 0.09375 0.3515625
vt 0 0.984375
vt 0 1
vt 0 0.984375
vt 0 1
vt 0 0.984375
vt 0 0.984375
vt 0 1
vt 0 1
vt 0 1
vt 0 1
vt 0 1
vt 0 1
vt 0 1
vt 0 1
vt 0 1
vt 0 1
vn 0.8433914458128856 -0.4964001109779612 0.20561565833058096
vn -0.8433914458128856 0.4964001109779612 -0.20561565833058096
vn 0 0 0
vn 0 0 0
vn 0 0 0
vn 0 0 0
usemtl m_2f782488-5985-7342-163e-a8a36ac958ed
f 1530/4585/1147 1529/4586/1147 1531/4587/1147 1532/4588/1147
f 1535/4589/1148 1533/4590/1148 1534/4591/1148 1536/4592/1148
f 1529/4593/1149 1530/4594/1149 1533/4595/1149 1534/4596/1149
f 1531/4597/1150 1535/4598/1150 1532/4599/1150 1536/4600/1150
f 1529/4601/1151 1533/4602/1151 1531/4603/1151 1535/4604/1151
f 1530/4605/1152 1532/4606/1152 1534/4607/1152 1536/4608/1152
o cuboid
v -0.30935921676911454 0.891388548394299 -0.09446893238416247
v -0.30935921676911454 0.8435531193486628 -0.2099538739480733
v -0.39774756441743303 0.8097283630895254 -0.06064417612502515
v -0.39774756441743303 0.7618929340438892 -0.176129117688936
v -0.30935921676911454 0.891388548394299 -0.09446893238416247
v -0.30935921676911454 0.8435531193486628 -0.2099538739480733
v -0.39774756441743303 0.8097283630895254 -0.06064417612502515
v -0.39774756441743303 0.7618929340438892 -0.176129117688936
vt 0.6484375 0.90625
vt 0.6328125 0.90625
vt 0.6328125 0.890625
vt 0.6484375 0.890625
vt 0.1328125 0.3515625
vt 0.1328125 0.3671875
vt 0.1171875 0.3671875
vt 0.1171875 0.3515625
vt 0 0.984375
vt 0 1
vt 0 0.984375
vt 0 1
vt 0 0.984375
vt 0 0.984375
vt 0 1
vt 0 1
vt 0 1
vt 0 1
vt 0 1
vt 0 1
vt 0 1
vt 0 1
vt 0 1
vt 0 1
vn 0.7071067811865476 -0.6532814824381884 0.2705980500730985
vn -0.7071067811865476 0.6532814824381884 -0.2705980500730985
vn 0 0 0
vn 0 0 0
vn 0 0 0
vn 0 0 0
usemtl m_2f782488-5985-7342-163e-a8a36ac958ed
f 1538/4609/1153 1537/4610/1153 1539/4611/1153 1540/4612/1153
f 1543/4613/1154 1541/4614/1154 1542/4615/1154 1544/4616/1154
f 1537/4617/1155 1538/4618/1155 1541/4619/1155 1542/4620/1155
f 1539/4621/1156 1543/4622/1156 1540/4623/1156 1544/4624/1156
f 1537/4625/1157 1541/4626/1157 1539/4627/1157 1543/4628/1157
f 1538/4629/1158 1540/4630/1158 1542/4631/1158 1544/4632/1158
o cuboid
v -0.21593783881010664 0.9445387687997542 -0.11648447451922118
v -0.21593783881010664 0.896703339754118 -0.23196941608313204
v -0.32136176953671736 0.882488754927509 -0.09078251722789855
v -0.32136176953671736 0.8346533258818728 -0.2062674587918094
v -0.21593783881010664 0.9445387687997542 -0.11648447451922118
v -0.21593783881010664 0.896703339754118 -0.23196941608313204
v -0.32136176953671736 0.882488754927509 -0.09078251722789855
v -0.32136176953671736 0.8346533258818728 -0.2062674587918094
vt 0.6484375 0.8828125
vt 0.6328125 0.8828125
vt 0.6328125 0.8671875
vt 0.6484375 0.8671875
vt 0.15625 0.3515625
vt 0.15625 0.3671875
vt 0.140625 0.3671875
vt 0.140625 0.3515625
vt 0 0.984375
vt 0 1
vt 0 0.984375
vt 0 1
vt 0 0.984375
vt 0 0.984375
vt 0 1
vt 0 1
vt 0 1
vt 0 1
vt 0 1
vt 0 1
vt 0 1
vt 0 1
vt 0 1
vt 0 1
vn 0.5372996083468241 -0.779192094681627 0.3227519333110306
vn -0.5372996083468241 0.779192094681627 -0.3227519333110306
vn 0 0 0
vn 0 0 0
vn 0 0 0
vn 0 0 0
usemtl m_2f782488-5985-7342-163e-a8a36ac958ed
f 1546/4633/1159 1545/4634/1159 1547/4635/1159 1548/4636/1159
f 1551/4637/1160 1549/4638/1160 1550/4639/1160 1552/4640/1160
f 1545/4641/1161 1546/4642/1161 1549/4643/1161 1550/4644/1161
f 1547/4645/1162 1551/4646/1162 1548/4647/1162 1552/4648/1162
f 1545/4649/1163 1549/4650/1163 1547/4651/1163 1551/4652/1163
f 1546/4653/1164 1548/4654/1164 1550/4655/1164 1552/4656/1164
o cuboid
v -0.11227928286371505 0.9777481922536362 -0.13024026811241024
v -0.11227928286371505 0.929912763208 -0.2457252096763211
v -0.2297408604619536 0.938250015987991 -0.11387958781417691
v -0.2297408604619536 0.8904145869423548 -0.22936452937808777
v -0.11227928286371505 0.9777481922536362 -0.13024026811241024
v -0.11227928286371505 0.929912763208 -0.2457252096763211
v -0.2297408604619536 0.938250015987991 -0.11387958781417691
v -0.2297408604619536 0.8904145869423548 -0.22936452937808777
vt 0.6484375 0.859375
vt 0.6328125 0.859375
vt 0.6328125 0.84375
vt 0.6484375 0.84375
vt 0.1796875 0.3515625
vt 0.1796875 0.3671875
vt 0.1640625 0.3671875
vt 0.1640625 0.3515625
vt 0 0.984375
vt 0 1
vt 0 0.984375
vt 0 1
vt 0 0.984375
vt 0 0.984375
vt 0 1
vt 0 1
vt 0 1
vt 0 1
vt 0 1
vt 0 1
vt 0 1
vt 0 1
vt 0 1
vt 0 1
vn 0.34202014332566866 -0.868162779195991 0.3596047974904981
vn -0.34202014332566866 0.868162779195991 -0.3596047974904981
vn 0 0 0
vn 0 0 0
vn 0 0 0
vn 0 0 0
usemtl m_2f782488-5985-7342-163e-a8a36ac958ed
f 1554/4657/1165 1553/4658/1165 1555/4659/1165 1556/4660/1165
f 1559/4661/1166 1557/4662/1166 1558/4663/1166 1560/4664/1166
f 1553/4665/1167 1554/4666/1167 1557/4667/1167 1558/4668/1167
f 1555/4669/1168 1559/4670/1168 1556/4671/1168 1560/4672/1168
f 1553/4673/1169 1557/4674/1169 1555/4675/1169 1559/4676/1169
f 1554/4677/1170 1556/4678/1170 1558/4679/1170 1560/4680/1170
o cuboid
v -0.0032977922741625285 0.989442426881741 -0.1350841786969444
v -0.003297792274162539 0.9416069978361048 -0.2505691202608552
v -0.1272283999458888 0.9743686172006485 -0.12884040229040505
v -0.1272283999458888 0.9265331881550123 -0.24432534385431587
v -0.0032977922741625285 0.989442426881741 -0.1350841786969444
v -0.003297792274162539 0.9416069978361048 -0.2505691202608552
v -0.1272283999458888 0.9743686172006485 -0.12884040229040505
v -0.1272283999458888 0.9265331881550123 -0.24432534385431587
vt 0.6484375 0.8359375
vt 0.6328125 0.8359375
vt 0.6328125 0.8203125
vt 0.6484375 0.8203125
vt 0.203125 0.3515625
vt 0.203125 0.3671875
vt 0.1875 0.3671875
vt 0.1875 0.3515625
vt 0 0.984375
vt 0 1
vt 0 0.984375
vt 0 1
vt 0 0.984375
vt 0 0.984375
vt 0 1
vt 0 1
vt 0 1
vt 0 1
vt 0 1
vt 0 1
vt 0 1
vt 0 1
vt 0 1
vt 0 1
vn 0.13052619222005135 -0.9159756150367535 0.3794095225512603
vn -0.13052619222005135 0.9159756150367535 -0.3794095225512603
vn 0 0 0
vn 0 0 0
vn 0 0 0
vn 0 0 0
usemtl m_2f782488-5985-7342-163e-a8a36ac958ed
f 1562/4681/1171 1561/4682/1171 1563/4683/1171 1564/4684/1171
f 1567/4685/1172 1565/4686/1172 1566/4687/1172 1568/4688/1172
f 1561/4689/1173 1562/4690/1173 1565/4691/1173 1566/4692/1173
f 1563/4693/1174 1567/4694/1174 1564/4695/1174 1568/4696/1174
f 1561/4697/1175 1565/4698/1175 1563/4699/1175 1567/4700/1175
f 1562/4701/1176 1564/4702/1176 1566/4703/1176 1568/4704/1176
o cuboid
v 0.10584004000456332 0.9790670725753441 -0.1307865662288087
v 0.10584004000456332 0.9312316435297079 -0.24627150779271956
v -0.018684297256904903 0.9891322484335167 -0.134955698576934
v -0.018684297256904916 0.9412968193878805 -0.2504406401408449
v 0.10584004000456332 0.9790670725753441 -0.1307865662288087
v 0.10584004000456332 0.9312316435297079 -0.24627150779271956
v -0.018684297256904903 0.9891322484335167 -0.134955698576934
v -0.018684297256904916 0.9412968193878805 -0.2504406401408449
vt 0.6484375 0.8125
vt 0.6328125 0.8125
vt 0.6328125 0.796875
vt 0.6484375 0.796875
vt 0.2265625 0.3515625
vt 0.2265625 0.3671875
vt 0.2109375 0.3671875
vt 0.2109375 0.3515625
vt 0 0.984375
vt 0 1
vt 0 0.984375
vt 0 1
vt 0 0.984375
vt 0 0.984375
vt 0 1
vt 0 1
vt 0 1
vt 0 1
vt 0 1
vt 0 1
vt 0 1
vt 0 1
vt 0 1
vt 0 1
vn -0.08715574274765836 -0.9203638919632243 0.3812272063696535
vn 0.08715574274765836 0.9203638919632243 -0.3812272063696535
vn 0 0 0
vn 0 0 0
vn 0 0 0
vn 0 0 0
usemtl m_2f782488-5985-7342-163e-a8a36ac958ed
f 1570/4705/1177 1569/4706/1177 1571/4707/1177 1572/4708/1177
f 1575/4709/1178 1573/4710/1178 1574/4711/1178 1576/4712/1178
f 1569/4713/1179 1570/4714/1179 1573/4715/1179 1574/4716/1179
f 1571/4717/1180 1575/4718/1180 1572/4719/1180 1576/4720/1180
f 1569/4721/1181 1573/4722/1181 1571/4723/1181 1575/4724/1181
f 1570/4725/1182 1572/4726/1182 1574/4727/1182 1576/4728/1182
o cuboid
v 0.20996020917390093 0.9471140039836589 -0.11755117185869494
v 0.20996020917390093 0.8992785749380227 -0.23303611342260577
v 0.09074559033037258 0.981840995667339 -0.13193556279449292
v 0.09074559033037258 0.9340055666217028 -0.24742050435840374
v 0.20996020917390093 0.9471140039836589 -0.11755117185869494
v 0.20996020917390093 0.8992785749380227 -0.23303611342260577
v 0.09074559033037258 0.981840995667339 -0.13193556279449292
v 0.09074559033037258 0.9340055666217028 -0.24742050435840374
vt 0.6484375 0.7890625
vt 0.6328125 0.7890625
vt 0.6328125 0.7734375
vt 0.6484375 0.7734375
vt 0.25 0.3515625
vt 0.25 0.3671875
vt 0.234375 0.3671875
vt 0.234375 0.3515625
vt 0 0.984375
vt 0 1
vt 0 0.984375
vt 0 1
vt 0 0.984375
vt 0 0.984375
vt 0 1
vt 0 1
vt 0 1
vt 0 1
vt 0 1
vt 0 1
vt 0 1
vt 0 1
vt 0 1
vt 0 1
vn -0.30070579950427345 -0.8811195706053616 0.36497167621709864
vn 0.30070579950427345 0.8811195706053616 -0.36497167621709864
vn 0 0 0
vn 0 0 0
vn 0 0 0
vn 0 0 0
usemtl m_2f782488-5985-7342-163e-a8a36ac958ed
f 1578/4729/1183 1577/4730/1183 1579/4731/1183 1580/4732/1183
f 1583/4733/1184 1581/4734/1184 1582/4735/1184 1584/4736/1184
f 1577/4737/1185 1578/4738/1185 1581/4739/1185 1582/4740/1185
f 1579/4741/1186 1583/4742/1186 1580/4743/1186 1584/4744/1186
f 1577/4745/1187 1581/4746/1187 1579/4747/1187 1583/4748/1187
f 1578/4749/1188 1580/4750/1188 1582/4751/1188 1584/4752/1188
o cuboid
v 0.30412658773652745 0.8950980517274731 -0.09600545897443143
v 0.30412658773652745 0.8472626226818369 -0.21149040053834228
v 0.19587341226347263 0.9528405225094286 -0.11992317349724953
v 0.19587341226347263 0.9050050934637924 -0.23540811506116038
v 0.30412658773652745 0.8950980517274731 -0.09600545897443143
v 0.30412658773652745 0.8472626226818369 -0.21149040053834228
v 0.19587341226347263 0.9528405225094286 -0.11992317349724953
v 0.19587341226347263 0.9050050934637924 -0.23540811506116038
vt 0.6484375 0.765625
vt 0.6328125 0.765625
vt 0.6328125 0.75
vt 0.6484375 0.75
vt 0.2734375 0.3515625
vt 0.2734375 0.3671875
vt 0.2578125 0.3671875
vt 0.2578125 0.3515625
vt 0 0.984375
vt 0 1
vt 0 0.984375
vt 0 1
vt 0 0.984375
vt 0 0.984375
vt 0 1
vt 0 1
vt 0 1
vt 0 1
vt 0 1
vt 0 1
vt 0 1
vt 0 1
vt 0 1
vt 0 1
vn -0.5000000000000001 -0.8001031451912656 0.33141357403559185
vn 0.5000000000000001 0.8001031451912656 -0.33141357403559185
vn 0 0 0
vn 0 0 0
vn 0 0 0
vn 0 0 0
usemtl m_2f782488-5985-7342-163e-a8a36ac958ed
f 1586/4753/1189 1585/4754/1189 1587/4755/1189 1588/4756/1189
f 1591/4757/1190 1589/4758/1190 1590/4759/1190 1592/4760/1190
f 1585/4761/1191 1586/4762/1191 1589/4763/1191 1590/4764/1191
f 1587/4765/1192 1591/4766/1192 1588/4767/1192 1592/4768/1192
f 1585/4769/1193 1589/4770/1193 1587/4771/1193 1591/4772/1193
f 1586/4773/1194 1588/4774/1194 1590/4775/1194 1592/4776/1194
o cuboid
v 0.3838749373584629 0.8254851873306475 -0.06717086642562704
v 0.3838749373584629 0.7776497582850113 -0.1826558079895379
v 0.29171527025719746 0.9035056829782924 -0.09948801386595259
v 0.29171527025719746 0.8556702539326562 -0.21497295542986344
v 0.3838749373584629 0.8254851873306475 -0.06717086642562704
v 0.3838749373584629 0.7776497582850113 -0.1826558079895379
v 0.29171527025719746 0.9035056829782924 -0.09948801386595259
v 0.29171527025719746 0.8556702539326562 -0.21497295542986344
vt 0.6484375 0.7421875
vt 0.6328125 0.7421875
vt 0.6328125 0.7265625
vt 0.6484375 0.7265625
vt 0.296875 0.3515625
vt 0.296875 0.3671875
vt 0.28125 0.3671875
vt 0.28125 0.3515625
vt 0 0.984375
vt 0 1
vt 0 0.984375
vt 0 1
vt 0 0.984375
vt 0 0.984375
vt 0 1
vt 0 1
vt 0 1
vt 0 1
vt 0 1
vt 0 1
vt 0 1
vt 0 1
vt 0 1
vt 0 1
vn -0.6755902076156606 -0.6811554412633037 0.28214382185549053
vn 0.6755902076156606 0.6811554412633037 -0.28214382185549053
vn 0 0 0
vn 0 0 0
vn 0 0 0
vn 0 0 0
usemtl m_2f782488-5985-7342-163e-a8a36ac958ed
f 1594/4777/1195 1593/4778/1195 1595/4779/1195 1596/4780/1195
f 1599/4781/1196 1597/4782/1196 1598/4783/1196 1600/4784/1196
f 1593/4785/1197 1594/4786/1197 1597/4787/1197 1598/4788/1197
f 1595/4789/1198 1599/4790/1198 1596/4791/1198 1600/4792/1198
f 1593/4793/1199 1597/4794/1199 1595/4795/1199 1599/4796/1199
f 1594/4797/1200 1596/4798/1200 1598/4799/1200 1600/4800/1200
o cuboid
v 0.44542454941643633 0.7415756164772289 -0.03241438416523497
v 0.44542454941643633 0.6937401874315927 -0.14789932572914583
v 0.3737274948725556 0.8361753424439013 -0.0715988736574089
v 0.3737274948725556 0.7883399133982651 -0.18708381522131973
v 0.44542454941643633 0.7415756164772289 -0.03241438416523497
v 0.44542454941643633 0.6937401874315927 -0.14789932572914583
v 0.3737274948725556 0.8361753424439013 -0.0715988736574089
v 0.3737274948725556 0.7883399133982651 -0.18708381522131973
vt 0.6484375 0.71875
vt 0.6328125 0.71875
vt 0.6328125 0.703125
vt 0.6484375 0.703125
vt 0.3203125 0.3515625
vt 0.3203125 0.3671875
vt 0.3046875 0.3671875
vt 0.3046875 0.3515625
vt 0 0.984375
vt 0 1
vt 0 0.984375
vt 0 1
vt 0 0.984375
vt 0 0.984375
vt 0 1
vt 0 1
vt 0 1
vt 0 1
vt 0 1
vt 0 1
vt 0 1
vt 0 1
vt 0 1
vt 0 1
vn -0.819152044288992 -0.5299155298754942 0.21949819938655474
vn 0.819152044288992 0.5299155298754942 -0.21949819938655474
vn 0 0 0
vn 0 0 0
vn 0 0 0
vn 0 0 0
usemtl m_2f782488-5985-7342-163e-a8a36ac958ed
f 1602/4801/1201 1601/4802/1201 1603/4803/1201 1604/4804/1201
f 1607/4805/1202 1605/4806/1202 1606/4807/1202 1608/4808/1202
f 1601/4809/1203 1602/4810/1203 1605/4811/1203 1606/4812/1203
f 1603/4813/1204 1607/4814/1204 1604/4815/1204 1608/4816/1204
f 1601/4817/1205 1605/4818/1205 1603/4819/1205 1607/4820/1205
f 1602/4821/1206 1604/4822/1206 1606/4823/1206 1608/4824/1206
o cuboid
v 0.4858574807784616 0.6473473229073753 0.006616252990671909
v 0.4858574807784616 0.5995118938617391 -0.10886868857323893
v 0.4380220517328254 0.7540414967315345 -0.03757792083348731
v 0.4380220517328254 0.7062060676858983 -0.15306286239739814
v 0.4858574807784616 0.6473473229073753 0.006616252990671909
v 0.4858574807784616 0.5995118938617391 -0.10886868857323893
v 0.4380220517328254 0.7540414967315345 -0.03757792083348731
v 0.4380220517328254 0.7062060676858983 -0.15306286239739814
vt 0.6484375 0.6953125
vt 0.6328125 0.6953125
vt 0.6328125 0.6796875
vt 0.6484375 0.6796875
vt 0.34375 0.3515625
vt 0.34375 0.3671875
vt 0.328125 0.3671875
vt 0.328125 0.3515625
vt 0 0.984375
vt 0 1
vt 0 0.984375
vt 0 1
vt 0 0.984375
vt 0 0.984375
vt 0 1
vt 0 1
vt 0 1
vt 0 1
vt 0 1
vt 0 1
vt 0 1
vt 0 1
vt 0 1
vt 0 1
vn -0.9238795325112868 -0.3535533905932736 0.14644660940672627
vn 0.9238795325112868 0.3535533905932736 -0.14644660940672627
vn 0 0 0
vn 0 0 0
vn 0 0 0
vn 0 0 0
usemtl m_2f782488-5985-7342-163e-a8a36ac958ed
f 1610/4825/1207 1609/4826/1207 1611/4827/1207 1612/4828/1207
f 1615/4829/1208 1613/4830/1208 1614/4831/1208 1616/4832/1208
f 1609/4833/1209 1610/4834/1209 1613/4835/1209 1614/4836/1209
f 1611/4837/1210 1615/4838/1210 1612/4839/1210 1616/4840/1210
f 1609/4841/1211 1613/4842/1211 1611/4843/1211 1615/4844/1211
f 1610/4845/1212 1612/4846/1212 1614/4847/1212 1616/4848/1212
o cuboid
v 0.5032568876102872 0.5472674802208476 0.048070681151597475
v 0.5032568876102872 0.4994320511752114 -0.06741426041231337
v 0.48155086540192094 0.6609979460291489 0.0009619797587895607
v 0.48155086540192094 0.6131625169835127 -0.11452296180512128
v 0.5032568876102872 0.5472674802208476 0.048070681151597475
v 0.5032568876102872 0.4994320511752114 -0.06741426041231337
v 0.48155086540192094 0.6609979460291489 0.0009619797587895607
v 0.48155086540192094 0.6131625169835127 -0.11452296180512128
vt 0.6484375 0.671875
vt 0.6328125 0.671875
vt 0.6328125 0.65625
vt 0.6484375 0.65625
vt 0.3671875 0.3515625
vt 0.3671875 0.3671875
vt 0.3515625 0.3671875
vt 0.3515625 0.3515625
vt 0 0.984375
vt 0 1
vt 0 0.984375
vt 0 1
vt 0 0.984375
vt 0 0.984375
vt 0 1
vt 0 1
vt 0 1
vt 0 1
vt 0 1
vt 0 1
vt 0 1
vt 0 1
vt 0 1
vt 0 1
vn -0.9848077530122081 -0.16042999720436024 0.06645228065352383
vn 0.9848077530122081 0.16042999720436024 -0.06645228065352383
vn 0 0 0
vn 0 0 0
vn 0 0 0
vn 0 0 0
usemtl m_2f782488-5985-7342-163e-a8a36ac958ed
f 1618/4849/1213 1617/4850/1213 1619/4851/1213 1620/4852/1213
f 1623/4853/1214 1621/4854/1214 1622/4855/1214 1624/4856/1214
f 1617/4857/1215 1618/4858/1215 1621/4859/1215 1622/4860/1215
f 1619/4861/1216 1623/4862/1216 1620/4863/1216 1624/4864/1216
f 1617/4865/1217 1621/4866/1217 1619/4867/1217 1623/4868/1217
f 1618/4869/1218 1620/4870/1218 1622/4871/1218 1624/4872/1218
o cuboid
v 0.5 0.5816601853047736 -0.033824756259137265
v 0.5 0.5338247562591373 0.08166018530477358
v 0.5 0.4661752437408627 -0.0816601853047735
v 0.5 0.41833981469522646 0.03382475625913735
v 0.5 0.5816601853047736 -0.033824756259137265
v 0.5 0.5338247562591373 0.08166018530477358
v 0.5 0.4661752437408627 -0.0816601853047735
v 0.5 0.41833981469522646 0.03382475625913735
vt 0.15625 0.53125
vt 0.140625 0.53125
vt 0.140625 0.515625
vt 0.15625 0.515625
vt 0.484375 0.84375
vt 0.484375 0.859375
vt 0.46875 0.859375
vt 0.46875 0.84375
vt 0 0.984375
vt 0 1
vt 0 0.984375
vt 0 1
vt 0 0.984375
vt 0 0.984375
vt 0 1
vt 0 1
vt 0 1
vt 0 1
vt 0 1
vt 0 1
vt 0 1
vt 0 1
vt 0 1
vt 0 1
vn -1 1.690213913024004e-17 -8.497279155086132e-17
vn 1 -1.690213913024004e-17 8.497279155086132e-17
vn 0 0 0
vn 0 0 0
vn 0 0 0
vn 0 0 0
usemtl m_2f782488-5985-7342-163e-a8a36ac958ed
f 1626/4873/1219 1625/4874/1219 1627/4875/1219 1628/4876/1219
f 1631/4877/1220 1629/4878/1220 1630/4879/1220 1632/4880/1220
f 1625/4881/1221 1626/4882/1221 1629/4883/1221 1630/4884/1221
f 1627/4885/1222 1631/4886/1222 1628/4887/1222 1632/4888/1222
f 1625/4889/1223 1629/4890/1223 1627/4891/1223 1631/4892/1223
f 1626/4893/1224 1628/4894/1224 1630/4895/1224 1632/4896/1224
o cuboid
v 0.47462052768883517 0.6802735228595095 0.007022225586910472
v 0.47462052768883517 0.6324380938138733 0.12250716715082131
v 0.501675479431098 0.5675260355281846 -0.03967931278921307
v 0.501675479431098 0.5196906064825483 0.07580562877469776
v 0.47462052768883517 0.6802735228595095 0.007022225586910472
v 0.47462052768883517 0.6324380938138733 0.12250716715082131
v 0.501675479431098 0.5675260355281846 -0.03967931278921307
v 0.501675479431098 0.5196906064825483 0.07580562877469776
vt 0.1796875 0.53125
vt 0.1640625 0.53125
vt 0.1640625 0.515625
vt 0.1796875 0.515625
vt 0.484375 0.8203125
vt 0.484375 0.8359375
vt 0.46875 0.8359375
vt 0.46875 0.8203125
vt 0 0.984375
vt 0 1
vt 0 0.984375
vt 0 1
vt 0 0.984375
vt 0 0.984375
vt 0 1
vt 0 1
vt 0 1
vt 0 1
vt 0 1
vt 0 1
vt 0 1
vt 0 1
vt 0 1
vt 0 1
vn -0.9762960071199333 -0.19996412934205784 -0.08282785436160825
vn 0.9762960071199333 0.19996412934205784 0.08282785436160825
vn 0 0 0
vn 0 0 0
vn 0 0 0
vn 0 0 0
usemtl m_2f782488-5985-7342-163e-a8a36ac958ed
f 1634/4897/1225 1633/4898/1225 1635/4899/1225 1636/4900/1225
f 1639/4901/1226 1637/4902/1226 1638/4903/1226 1640/4904/1226
f 1633/4905/1227 1634/4906/1227 1637/4907/1227 1638/4908/1227
f 1635/4909/1228 1639/4910/1228 1636/4911/1228 1640/4912/1228
f 1633/4913/1229 1637/4914/1229 1635/4915/1229 1639/4916/1229
f 1634/4917/1230 1636/4918/1230 1638/4919/1230 1640/4920/1230
o cuboid
v 0.4267402521595314 0.7714743464791054 0.04479884362974358
v 0.4267402521595314 0.7236389174334692 0.16028378519365444
v 0.4795675348771188 0.6668094446542605 0.001445221789444319
v 0.4795675348771188 0.6189740156086243 0.11693016335335515
v 0.4267402521595314 0.7714743464791054 0.04479884362974358
v 0.4267402521595314 0.7236389174334692 0.16028378519365444
v 0.4795675348771188 0.6668094446542605 0.001445221789444319
v 0.4795675348771188 0.6189740156086243 0.11693016335335515
vt 0.203125 0.53125
vt 0.1875 0.53125
vt 0.1875 0.515625
vt 0.203125 0.515625
vt 0.484375 0.796875
vt 0.484375 0.8125
vt 0.46875 0.8125
vt 0.46875 0.796875
vt 0 0.984375
vt 0 1
vt 0 0.984375
vt 0 1
vt 0 0.984375
vt 0 0.984375
vt 0 1
vt 0 1
vt 0 1
vt 0 1
vt 0 1
vt 0 1
vt 0 1
vt 0 1
vt 0 1
vt 0 1
vn -0.9063077870366502 -0.39044836208772965 -0.16172900698309878
vn 0.9063077870366502 0.39044836208772965 0.16172900698309878
vn 0 0 0
vn 0 0 0
vn 0 0 0
vn 0 0 0
usemtl m_2f782488-5985-7342-163e-a8a36ac958ed
f 1642/4921/1231 1641/4922/1231 1643/4923/1231 1644/4924/1231
f 1647/4925/1232 1645/4926/1232 1646/4927/1232 1648/4928/1232
f 1641/4929/1233 1642/4930/1233 1645/4931/1233 1646/4932/1233
f 1643/4933/1234 1647/4934/1234 1644/4935/1234 1648/4936/1234
f 1641/4937/1235 1645/4938/1235 1643/4939/1235 1647/4940/1235
f 1642/4941/1236 1644/4942/1236 1646/4943/1236 1648/4944/1236
o cuboid
v 0.3586290808325726 0.8509390088160912 0.07771418449912161
v 0.3586290808325726 0.803103579770455 0.19319912606303247
v 0.43472425945866267 0.7593186446730245 0.039763787081501745
v 0.43472425945866267 0.7114832156273883 0.1552487286454126
v 0.3586290808325726 0.8509390088160912 0.07771418449912161
v 0.3586290808325726 0.803103579770455 0.19319912606303247
v 0.43472425945866267 0.7593186446730245 0.039763787081501745
v 0.43472425945866267 0.7114832156273883 0.1552487286454126
vt 0.2265625 0.53125
vt 0.2109375 0.53125
vt 0.2109375 0.515625
vt 0.2265625 0.515625
vt 0.484375 0.7734375
vt 0.484375 0.7890625
vt 0.46875 0.7890625
vt 0.46875 0.7734375
vt 0 0.984375
vt 0 1
vt 0 0.984375
vt 0 1
vt 0 0.984375
vt 0 0.984375
vt 0 1
vt 0 1
vt 0 1
vt 0 1
vt 0 1
vt 0 1
vt 0 1
vt 0 1
vt 0 1
vt 0 1
vn -0.7933533402912353 -0.5624222244434796 -0.23296291314453424
vn 0.7933533402912353 0.5624222244434796 0.23296291314453424
vn 0 0 0
vn 0 0 0
vn 0 0 0
vn 0 0 0
usemtl m_2f782488-5985-7342-163e-a8a36ac958ed
f 1650/4945/1237 1649/4946/1237 1651/4947/1237 1652/4948/1237
f 1655/4949/1238 1653/4950/1238 1654/4951/1238 1656/4952/1238
f 1649/4953/1239 1650/4954/1239 1653/4955/1239 1654/4956/1239
f 1651/4957/1240 1655/4958/1240 1652/4959/1240 1656/4960/1240
f 1649/4961/1241 1653/4962/1241 1651/4963/1241 1655/4964/1241
f 1650/4965/1242 1652/4966/1242 1654/4967/1242 1656/4968/1242
o cuboid
v 0.2735160271483336 0.9149002502899612 0.10420779818381908
v 0.2735160271483336 0.867064821244325 0.2196927397477299
v 0.36927158253820586 0.8406679607473053 0.07345977708924449
v 0.36927158253820586 0.7928325317016691 0.18894471865315532
v 0.2735160271483336 0.9149002502899612 0.10420779818381908
v 0.2735160271483336 0.867064821244325 0.2196927397477299
v 0.36927158253820586 0.8406679607473053 0.07345977708924449
v 0.36927158253820586 0.7928325317016691 0.18894471865315532
vt 0.25 0.53125
vt 0.234375 0.53125
vt 0.234375 0.515625
vt 0.25 0.515625
vt 0.484375 0.75
vt 0.484375 0.765625
vt 0.46875 0.765625
vt 0.46875 0.75
vt 0 0.984375
vt 0 1
vt 0 0.984375
vt 0 1
vt 0 0.984375
vt 0 0.984375
vt 0 1
vt 0 1
vt 0 1
vt 0 1
vt 0 1
vt 0 1
vt 0 1
vt 0 1
vt 0 1
vt 0 1
vn -0.6427876096865395 -0.7077327819916301 -0.29315251683697435
vn 0.6427876096865395 0.7077327819916301 0.29315251683697435
vn 0 0 0
vn 0 0 0
vn 0 0 0
vn 0 0 0
usemtl m_2f782488-5985-7342-163e-a8a36ac958ed
f 1658/4969/1243 1657/4970/1243 1659/4971/1243 1660/4972/1243
f 1663/4973/1244 1661/4974/1244 1662/4975/1244 1664/4976/1244
f 1657/4977/1245 1658/4978/1245 1661/4979/1245 1662/4980/1245
f 1659/4981/1246 1663/4982/1246 1660/4983/1246 1664/4984/1246
f 1657/4985/1247 1661/4986/1247 1659/4987/1247 1663/4988/1247
f 1658/4989/1248 1660/4990/1248 1662/4991/1248 1664/4992/1248
o cuboid
v 0.1754361295438782 0.9603257972757216 0.1230236758235373
v 0.1754361295438782 0.9124903682300854 0.23850861738744816
v 0.2863124836911559 0.9070007856590568 0.1009357327982119
v 0.2863124836911559 0.8591653566134206 0.21642067436212276
v 0.1754361295438782 0.9603257972757216 0.1230236758235373
v 0.1754361295438782 0.9124903682300854 0.23850861738744816
v 0.2863124836911559 0.9070007856590568 0.1009357327982119
v 0.2863124836911559 0.8591653566134206 0.21642067436212276
vt 0.2734375 0.53125
vt 0.2578125 0.53125
vt 0.2578125 0.515625
vt 0.2734375 0.515625
vt 0.484375 0.7265625
vt 0.484375 0.7421875
vt 0.46875 0.7421875
vt 0.46875 0.7265625
vt 0 0.984375
vt 0 1
vt 0 0.984375
vt 0 1
vt 0 0.984375
vt 0 0.984375
vt 0 1
vt 0 1
vt 0 1
vt 0 1
vt 0 1
vt 0 1
vt 0 1
vt 0 1
vt 0 1
vt 0 1
vn -0.46174861323503413 -0.8194911538891423 -0.33944435018566005
vn 0.46174861323503413 0.8194911538891423 0.33944435018566005
vn 0 0 0
vn 0 0 0
vn 0 0 0
vn 0 0 0
usemtl m_2f782488-5985-7342-163e-a8a36ac958ed
f 1666/4993/1249 1665/4994/1249 1667/4995/1249 1668/4996/1249
f 1671/4997/1250 1669/4998/1250 1670/4999/1250 1672/5000/1250
f 1665/5001/1251 1666/5002/1251 1669/5003/1251 1670/5004/1251
f 1667/5005/1252 1671/5006/1252 1668/5007/1252 1672/5008/1252
f 1665/5009/1253 1669/5010/1253 1667/5011/1253 1671/5012/1253
f 1666/5013/1254 1668/5014/1254 1670/5015/1254 1672/5016/1254
o cuboid
v 0.06903915840819372 0.9850621160887254 0.13326979455906818
v 0.06903915840819372 0.9372266870430892 0.248754736122979
v 0.18977988669432724 0.9551724137894335 0.12088907449140722
v 0.18977988669432724 0.9073369847437973 0.23637401605531805
v 0.06903915840819372 0.9850621160887254 0.13326979455906818
v 0.06903915840819372 0.9372266870430892 0.248754736122979
v 0.18977988669432724 0.9551724137894335 0.12088907449140722
v 0.18977988669432724 0.9073369847437973 0.23637401605531805
vt 0.296875 0.53125
vt 0.28125 0.53125
vt 0.28125 0.515625
vt 0.296875 0.515625
vt 0.484375 0.703125
vt 0.484375 0.71875
vt 0.46875 0.71875
vt 0.46875 0.703125
vt 0 0.984375
vt 0 1
vt 0 0.984375
vt 0 1
vt 0 0.984375
vt 0 0.984375
vt 0 1
vt 0 1
vt 0 1
vt 0 1
vt 0 1
vt 0 1
vt 0 1
vt 0 1
vt 0 1
vt 0 1
vn -0.25881904510252096 -0.8923991008325228 -0.3696438106143862
vn 0.25881904510252096 0.8923991008325228 0.3696438106143862
vn 0 0 0
vn 0 0 0
vn 0 0 0
vn 0 0 0
usemtl m_2f782488-5985-7342-163e-a8a36ac958ed
f 1674/5017/1255 1673/5018/1255 1675/5019/1255 1676/5020/1255
f 1679/5021/1256 1677/5022/1256 1678/5023/1256 1680/5024/1256
f 1673/5025/1257 1674/5026/1257 1677/5027/1257 1678/5028/1257
f 1675/5029/1258 1679/5030/1258 1676/5031/1258 1680/5032/1258
f 1673/5033/1259 1677/5034/1259 1675/5035/1259 1679/5036/1259
f 1674/5037/1260 1676/5038/1260 1678/5039/1260 1680/5040/1260
o cuboid
v -0.040630820166198005 0.9879365076789275 0.13446040653930103
v -0.04063082016619802 0.9401010786332913 0.2499453481032119
v 0.08425020753153421 0.982899125277988 0.13237385442997235
v 0.08425020753153421 0.9350636962323517 0.24785879599388322
v -0.040630820166198005 0.9879365076789275 0.13446040653930103
v -0.04063082016619802 0.9401010786332913 0.2499453481032119
v 0.08425020753153421 0.982899125277988 0.13237385442997235
v 0.08425020753153421 0.9350636962323517 0.24785879599388322
vt 0.3203125 0.53125
vt 0.3046875 0.53125
vt 0.3046875 0.515625
vt 0.3203125 0.515625
vt 0.484375 0.6796875
vt 0.484375 0.6953125
vt 0.46875 0.6953125
vt 0.46875 0.6796875
vt 0 0.984375
vt 0 1
vt 0 0.984375
vt 0 1
vt 0 0.984375
vt 0 0.984375
vt 0 1
vt 0 1
vt 0 1
vt 0 1
vt 0 1
vt 0 1
vt 0 1
vt 0 1
vt 0 1
vt 0 1
vn -0.04361938736533621 -0.9230002039112792 -0.38231920253318424
vn 0.04361938736533621 0.9230002039112792 0.38231920253318424
vn 0 0 0
vn 0 0 0
vn 0 0 0
vn 0 0 0
usemtl m_2f782488-5985-7342-163e-a8a36ac958ed
f 1682/5041/1261 1681/5042/1261 1683/5043/1261 1684/5044/1261
f 1687/5045/1262 1685/5046/1262 1686/5047/1262 1688/5048/1262
f 1681/5049/1263 1682/5050/1263 1685/5051/1263 1686/5052/1263
f 1683/5053/1264 1687/5054/1264 1684/5055/1264 1688/5056/1264
f 1681/5057/1265 1685/5058/1265 1683/5059/1265 1687/5060/1265
f 1682/5061/1266 1684/5062/1266 1686/5063/1266 1688/5064/1266
o cuboid
v -0.14837457339672808 0.9688127029307503 0.12653906724843106
v -0.14837457339672808 0.9209772738851141 0.24202400881234193
v -0.02527360427020206 0.9888664525812954 0.13484560233012155
v -0.025273604270202074 0.9410310235356592 0.2503305438940324
v -0.14837457339672808 0.9688127029307503 0.12653906724843106
v -0.14837457339672808 0.9209772738851141 0.24202400881234193
v -0.02527360427020206 0.9888664525812954 0.13484560233012155
v -0.025273604270202074 0.9410310235356592 0.2503305438940324
vt 0.34375 0.53125
vt 0.328125 0.53125
vt 0.328125 0.515625
vt 0.34375 0.515625
vt 0.484375 0.65625
vt 0.484375 0.671875
vt 0.46875 0.671875
vt 0.46875 0.65625
vt 0 0.984375
vt 0 1
vt 0 0.984375
vt 0 1
vt 0 0.984375
vt 0 0.984375
vt 0 1
vt 0 1
vt 0 1
vt 0 1
vt 0 1
vt 0 1
vt 0 1
vt 0 1
vt 0 1
vt 0 1
vn 0.17364817766693014 -0.9098437264664094 -0.3768696111424635
vn -0.17364817766693014 0.9098437264664094 0.3768696111424635
vn 0 0 0
vn 0 0 0
vn 0 0 0
vn 0 0 0
usemtl m_2f782488-5985-7342-163e-a8a36ac958ed
f 1690/5065/1267 1689/5066/1267 1691/5067/1267 1692/5068/1267
f 1695/5069/1268 1693/5070/1268 1694/5071/1268 1696/5072/1268
f 1689/5073/1269 1690/5074/1269 1693/5075/1269 1694/5076/1269
f 1691/5077/1270 1695/5078/1270 1692/5079/1270 1696/5080/1270
f 1689/5081/1271 1693/5082/1271 1691/5083/1271 1695/5084/1271
f 1690/5085/1272 1692/5086/1272 1694/5087/1272 1696/5088/1272
o cuboid
v -0.24908418696450021 0.9285973229073754 0.10988131142676112
v -0.24908418696450021 0.8807618938617392 0.22536625299067198
v -0.13359924540058934 0.9727914967315346 0.12818713760260186
v -0.13359924540058934 0.9249560676858984 0.24367207916651273
v -0.24908418696450021 0.9285973229073754 0.10988131142676112
v -0.24908418696450021 0.8807618938617392 0.22536625299067198
v -0.13359924540058934 0.9727914967315346 0.12818713760260186
v -0.13359924540058934 0.9249560676858984 0.24367207916651273
vt 0.3671875 0.53125
vt 0.3515625 0.53125
vt 0.3515625 0.515625
vt 0.3671875 0.515625
vt 0.484375 0.6328125
vt 0.484375 0.6484375
vt 0.46875 0.6484375
vt 0.46875 0.6328125
vt 0 0.984375
vt 0 1
vt 0 0.984375
vt 0 1
vt 0 0.984375
vt 0 0.984375
vt 0 1
vt 0 1
vt 0 1
vt 0 1
vt 0 1
vt 0 1
vt 0 1
vt 0 1
vt 0 1
vt 0 1
vn 0.38268343236508956 -0.8535533905932738 -0.35355339059327384
vn -0.38268343236508956 0.8535533905932738 0.35355339059327384
vn 0 0 0
vn 0 0 0
vn 0 0 0
vn 0 0 0
usemtl m_2f782488-5985-7342-163e-a8a36ac958ed
f 1698/5089/1273 1697/5090/1273 1699/5091/1273 1700/5092/1273
f 1703/5093/1274 1701/5094/1274 1702/5095/1274 1704/5096/1274
f 1697/5097/1275 1698/5098/1275 1701/5099/1275 1702/5100/1275
f 1699/5101/1276 1703/5102/1276 1700/5103/1276 1704/5104/1276
f 1697/5105/1277 1701/5106/1277 1699/5107/1277 1703/5108/1277
f 1698/5109/1278 1700/5110/1278 1702/5111/1278 1704/5112/1278
o cuboid
v -0.3379852209435849 0.869196897772289 0.08527684972508064
v -0.3379852209435849 0.8213614687266528 0.20076179128899146
v -0.23559121540746092 0.9354363390067258 0.11271412464840001
v -0.23559121540746092 0.8876009099610896 0.22819906621231084
v -0.3379852209435849 0.869196897772289 0.08527684972508064
v -0.3379852209435849 0.8213614687266528 0.20076179128899146
v -0.23559121540746092 0.9354363390067258 0.11271412464840001
v -0.23559121540746092 0.8876009099610896 0.22819906621231084
vt 0.390625 0.53125
vt 0.375 0.53125
vt 0.375 0.515625
vt 0.390625 0.515625
vt 0.484375 0.609375
vt 0.484375 0.625
vt 0.46875 0.625
vt 0.46875 0.609375
vt 0 0.984375
vt 0 1
vt 0 0.984375
vt 0 1
vt 0 0.984375
vt 0 0.984375
vt 0 1
vt 0 1
vt 0 1
vt 0 1
vt 0 1
vt 0 1
vt 0 1
vt 0 1
vt 0 1
vt 0 1
vn 0.5735764363510459 -0.7567978077333787 -0.3134759159373915
vn -0.5735764363510459 0.7567978077333787 0.3134759159373915
vn 0 0 0
vn 0 0 0
vn 0 0 0
vn 0 0 0
usemtl m_2f782488-5985-7342-163e-a8a36ac958ed
f 1706/5113/1279 1705/5114/1279 1707/5115/1279 1708/5116/1279
f 1711/5117/1280 1709/5118/1280 1710/5119/1280 1712/5120/1280
f 1705/5121/1281 1706/5122/1281 1709/5123/1281 1710/5124/1281
f 1707/5125/1282 1711/5126/1282 1708/5127/1282 1712/5128/1282
f 1705/5129/1283 1709/5130/1283 1707/5131/1283 1711/5132/1283
f 1706/5133/1284 1708/5134/1284 1710/5135/1284 1712/5136/1284
o cuboid
v -0.4108630563810407 0.7934274820344414 0.05389213011337869
v -0.4108630563810407 0.7455920529888052 0.16937707167728955
v -0.32641428042908316 0.8785719121923543 0.08916010784531504
v -0.32641428042908316 0.8307364831467181 0.2046450494092259
v -0.4108630563810407 0.7934274820344414 0.05389213011337869
v -0.4108630563810407 0.7455920529888052 0.16937707167728955
v -0.32641428042908316 0.8785719121923543 0.08916010784531504
v -0.32641428042908316 0.8307364831467181 0.2046450494092259
vt 0.4140625 0.53125
vt 0.3984375 0.53125
vt 0.3984375 0.515625
vt 0.4140625 0.515625
vt 0.484375 0.5859375
vt 0.484375 0.6015625
vt 0.46875 0.6015625
vt 0.46875 0.5859375
vt 0 0.984375
vt 0 1
vt 0 0.984375
vt 0 1
vt 0 0.984375
vt 0 0.984375
vt 0 1
vt 0 1
vt 0 1
vt 0 1
vt 0 1
vt 0 1
vt 0 1
vt 0 1
vt 0 1
vt 0 1
vn 0.737277336810124 -0.6241639651811595 -0.2585371795226045
vn -0.737277336810124 0.6241639651811595 0.2585371795226045
vn 0 0 0
vn 0 0 0
vn 0 0 0
vn 0 0 0
usemtl m_2f782488-5985-7342-163e-a8a36ac958ed
f 1714/5137/1285 1713/5138/1285 1715/5139/1285 1716/5140/1285
f 1719/5141/1286 1717/5142/1286 1718/5143/1286 1720/5144/1286
f 1713/5145/1287 1714/5146/1287 1717/5147/1287 1718/5148/1287
f 1715/5149/1288 1719/5150/1288 1716/5151/1288 1720/5152/1288
f 1713/5153/1289 1717/5154/1289 1715/5155/1289 1719/5156/1289
f 1714/5157/1290 1716/5158/1290 1718/5159/1290 1720/5160/1290
o cuboid
v -0.46426270189221924 0.7048811510761859 0.017215038932092586
v -0.46426270189221924 0.6570457220305497 0.13269998049600343
v -0.40176270189221924 0.804894044225094 0.058641735686541574
v -0.40176270189221924 0.7570586151794578 0.17412667725045242
v -0.46426270189221924 0.7048811510761859 0.017215038932092586
v -0.46426270189221924 0.6570457220305497 0.13269998049600343
v -0.40176270189221924 0.804894044225094 0.058641735686541574
v -0.40176270189221924 0.7570586151794578 0.17412667725045242
vt 0.4375 0.53125
vt 0.421875 0.53125
vt 0.421875 0.515625
vt 0.4375 0.515625
vt 0.484375 0.5625
vt 0.484375 0.578125
vt 0.46875 0.578125
vt 0.46875 0.5625
vt 0 0.984375
vt 0 1
vt 0 0.984375
vt 0 1
vt 0 0.984375
vt 0 0.984375
vt 0 1
vt 0 1
vt 0 1
vt 0 1
vt 0 1
vt 0 1
vt 0 1
vt 0 1
vt 0 1
vt 0 1
vn 0.8660254037844386 -0.46193976625564376 -0.19134171618254503
vn -0.8660254037844386 0.46193976625564376 0.19134171618254503
vn 0 0 0
vn 0 0 0
vn 0 0 0
vn 0 0 0
usemtl m_2f782488-5985-7342-163e-a8a36ac958ed
f 1722/5161/1291 1721/5162/1291 1723/5163/1291 1724/5164/1291
f 1727/5165/1292 1725/5166/1292 1726/5167/1292 1728/5168/1292
f 1721/5169/1293 1722/5170/1293 1725/5171/1293 1726/5172/1293
f 1723/5173/1294 1727/5174/1294 1724/5175/1294 1728/5176/1294
f 1721/5177/1295 1725/5178/1295 1723/5179/1295 1727/5180/1295
f 1722/5181/1296 1724/5182/1296 1726/5183/1296 1728/5184/1296
o cuboid
v -0.4956525878431305 0.6077557080947035 -0.023015636802332193
v -0.4956525878431305 0.5599202790490673 0.09246930476157865
v -0.45806436290509633 0.7178956544203736 0.022605822724805172
v -0.45806436290509633 0.6700602253747374 0.13809076428871603
v -0.4956525878431305 0.6077557080947035 -0.023015636802332193
v -0.4956525878431305 0.5599202790490673 0.09246930476157865
v -0.45806436290509633 0.7178956544203736 0.022605822724805172
v -0.45806436290509633 0.6700602253747374 0.13809076428871603
vt 0.4609375 0.53125
vt 0.4453125 0.53125
vt 0.4453125 0.515625
vt 0.4609375 0.515625
vt 0.484375 0.5390625
vt 0.484375 0.5546875
vt 0.46875 0.5546875
vt 0.46875 0.5390625
vt 0 0.984375
vt 0 1
vt 0 0.984375
vt 0 1
vt 0 0.984375
vt 0 0.984375
vt 0 1
vt 0 1
vt 0 1
vt 0 1
vt 0 1
vt 0 1
vt 0 1
vt 0 1
vt 0 1
vt 0 1
vn 0.9537169507482268 -0.27781593346944095 -0.11507512748638384
vn -0.9537169507482268 0.27781593346944095 0.11507512748638384
vn 0 0 0
vn 0 0 0
vn 0 0 0
vn 0 0 0
usemtl m_2f782488-5985-7342-163e-a8a36ac958ed
f 1730/5185/1297 1729/5186/1297 1731/5187/1297 1732/5188/1297
f 1735/5189/1298 1733/5190/1298 1734/5191/1298 1736/5192/1298
f 1729/5193/1299 1730/5194/1299 1733/5195/1299 1734/5196/1299
f 1731/5197/1300 1735/5198/1300 1732/5199/1300 1736/5200/1300
f 1729/5201/1301 1733/5202/1301 1731/5203/1301 1735/5204/1301
f 1730/5205/1302 1732/5206/1302 1734/5207/1302 1736/5208/1302
o cuboid
v -0.5035445829676014 0.506655674707807 -0.06489264178755741
v -0.5035445829676014 0.45882024566217083 0.05059229977635343
v -0.49265011512414403 0.6217011612032101 -0.0172392409913507
v -0.49265011512414403 0.5738657321575739 0.09824570057256014
v -0.5035445829676014 0.506655674707807 -0.06489264178755741
v -0.5035445829676014 0.45882024566217083 0.05059229977635343
v -0.49265011512414403 0.6217011612032101 -0.0172392409913507
v -0.49265011512414403 0.5738657321575739 0.09824570057256014
vt 0.484375 0.53125
vt 0.46875 0.53125
vt 0.46875 0.515625
vt 0.484375 0.515625
vt 0.015625 0.4921875
vt 0.015625 0.5078125
vt 0 0.5078125
vt 0 0.4921875
vt 0 0.984375
vt 0 1
vt 0 0.984375
vt 0 1
vt 0 0.984375
vt 0 0.984375
vt 0 1
vt 0 1
vt 0 1
vt 0 1
vt 0 1
vt 0 1
vt 0 1
vt 0 1
vt 0 1
vt 0 1
vn 0.9961946980917454 -0.0805214068653809 -0.03335305878500274
vn -0.9961946980917454 0.0805214068653809 0.03335305878500274
vn 0 0 0
vn 0 0 0
vn 0 0 0
vn 0 0 0
usemtl m_2f782488-5985-7342-163e-a8a36ac958ed
f 1738/5209/1303 1737/5210/1303 1739/5211/1303 1740/5212/1303
f 1743/5213/1304 1741/5214/1304 1742/5215/1304 1744/5216/1304
f 1737/5217/1305 1738/5218/1305 1741/5219/1305 1742/5220/1305
f 1739/5221/1306 1743/5222/1306 1740/5223/1306 1744/5224/1306
f 1737/5225/1307 1741/5226/1307 1739/5227/1307 1743/5228/1307
f 1738/5229/1308 1740/5230/1308 1742/5231/1308 1744/5232/1308
o cuboid
v -0.48756454367315205 0.4063739998586513 -0.10643067156756662
v -0.48756454367315205 0.3585385708130151 0.00905426999634422
v -0.5038803177006584 0.5208709517382455 -0.05900448124865905
v -0.5038803177006584 0.4730355226926093 0.05648046031525179
v -0.48756454367315205 0.4063739998586513 -0.10643067156756662
v -0.48756454367315205 0.3585385708130151 0.00905426999634422
v -0.5038803177006584 0.5208709517382455 -0.05900448124865905
v -0.5038803177006584 0.4730355226926093 0.05648046031525179
vt 0.5078125 1
vt 0.4921875 1
vt 0.4921875 0.984375
vt 0.5078125 0.984375
vt 0.0390625 0.4921875
vt 0.0390625 0.5078125
vt 0.0234375 0.5078125
vt 0.0234375 0.4921875
vt 0 0.984375
vt 0 1
vt 0 0.984375
vt 0 1
vt 0 0.984375
vt 0 0.984375
vt 0 1
vt 0 1
vt 0 1
vt 0 1
vt 0 1
vt 0 1
vt 0 1
vt 0 1
vt 0 1
vt 0 1
vn 0.9914448613738105 0.1205904774487394 0.04995021125231483
vn -0.9914448613738105 -0.1205904774487394 -0.04995021125231483
vn 0 0 0
vn 0 0 0
vn 0 0 0
vn 0 0 0
usemtl m_2f782488-5985-7342-163e-a8a36ac958ed
f 1746/5233/1309 1745/5234/1309 1747/5235/1309 1748/5236/1309
f 1751/5237/1310 1749/5238/1310 1750/5239/1310 1752/5240/1310
f 1745/5241/1311 1746/5242/1311 1749/5243/1311 1750/5244/1311
f 1747/5245/1312 1751/5246/1312 1748/5247/1312 1752/5248/1312
f 1745/5249/1313 1749/5250/1313 1747/5251/1313 1751/5252/1313
f 1746/5253/1314 1748/5254/1314 1750/5255/1314 1752/5256/1314
o cuboid
v -0.44847005143509994 0.31166483576048787 -0.14566049181804497
v -0.44847005143509994 0.26382940671485167 -0.030175550254134112
v -0.4912225693508085 0.42018518315998676 -0.10070989213173268
v -0.4912225693508085 0.3723497541143505 0.01477504943217816
v -0.44847005143509994 0.31166483576048787 -0.14566049181804497
v -0.44847005143509994 0.26382940671485167 -0.030175550254134112
v -0.4912225693508085 0.42018518315998676 -0.10070989213173268
v -0.4912225693508085 0.3723497541143505 0.01477504943217816
vt 0.5078125 0.9765625
vt 0.4921875 0.9765625
vt 0.4921875 0.9609375
vt 0.5078125 0.9609375
vt 0.0625 0.4921875
vt 0.0625 0.5078125
vt 0.046875 0.5078125
vt 0.046875 0.4921875
vt 0 0.984375
vt 0 1
vt 0 0.984375
vt 0 1
vt 0 0.984375
vt 0 0.984375
vt 0 1
vt 0 1
vt 0 1
vt 0 1
vt 0 1
vt 0 1
vt 0 1
vt 0 1
vt 0 1
vt 0 1
vn 0.9396926207859086 0.3159854101251617 0.13088544238586683
vn -0.9396926207859086 -0.3159854101251617 -0.13088544238586683
vn 0 0 0
vn 0 0 0
vn 0 0 0
vn 0 0 0
usemtl m_2f782488-5985-7342-163e-a8a36ac958ed
f 1754/5257/1315 1753/5258/1315 1755/5259/1315 1756/5260/1315
f 1759/5261/1316 1757/5262/1316 1758/5263/1316 1760/5264/1316
f 1753/5265/1317 1754/5266/1317 1757/5267/1317 1758/5268/1317
f 1755/5269/1318 1759/5270/1318 1756/5271/1318 1760/5272/1318
f 1753/5273/1319 1757/5274/1319 1755/5275/1319 1759/5276/1319
f 1754/5277/1320 1756/5278/1320 1758/5279/1320 1760/5280/1320
o cuboid
v -0.3881144973847665 0.22701815311623597 -0.18072229577918536
v -0.3881144973847665 0.17918272407059976 -0.06523735421527452
v -0.45527694842811944 0.32441716495143946 -0.1403783041153065
v -0.45527694842811944 0.27658173590580315 -0.024893362551395654
v -0.3881144973847665 0.22701815311623597 -0.18072229577918536
v -0.3881144973847665 0.17918272407059976 -0.06523735421527452
v -0.45527694842811944 0.32441716495143946 -0.1403783041153065
v -0.45527694842811944 0.27658173590580315 -0.024893362551395654
vt 0.5078125 0.953125
vt 0.4921875 0.953125
vt 0.4921875 0.9375
vt 0.5078125 0.9375
vt 0.0859375 0.4921875
vt 0.0859375 0.5078125
vt 0.0703125 0.5078125
vt 0.0703125 0.4921875
vt 0 0.984375
vt 0 1
vt 0 0.984375
vt 0 1
vt 0 0.984375
vt 0 0.984375
vt 0 1
vt 0 1
vt 0 1
vt 0 1
vt 0 1
vt 0 1
vt 0 1
vt 0 1
vt 0 1
vt 0 1
vn 0.8433914458128859 0.49640011097796083 0.20561565833058099
vn -0.8433914458128859 -0.49640011097796083 -0.20561565833058099
vn 0 0 0
vn 0 0 0
vn 0 0 0
vn 0 0 0
usemtl m_2f782488-5985-7342-163e-a8a36ac958ed
f 1762/5281/1321 1761/5282/1321 1763/5283/1321 1764/5284/1321
f 1767/5285/1322 1765/5286/1322 1766/5287/1322 1768/5288/1322
f 1761/5289/1323 1762/5290/1323 1765/5291/1323 1766/5292/1323
f 1763/5293/1324 1767/5294/1324 1764/5295/1324 1768/5296/1324
f 1761/5297/1325 1765/5298/1325 1763/5299/1325 1767/5300/1325
f 1762/5301/1326 1764/5302/1326 1766/5303/1326 1768/5304/1326
o cuboid
v -0.3093592167691147 0.15644688065133727 -0.20995387394807336
v -0.3093592167691147 0.10861145160570107 -0.09446893238416253
v -0.3977475644174331 0.23810706595611086 -0.17612911768893602
v -0.3977475644174331 0.19027163691047466 -0.06064417612502519
v -0.3093592167691147 0.15644688065133727 -0.20995387394807336
v -0.3093592167691147 0.10861145160570107 -0.09446893238416253
v -0.3977475644174331 0.23810706595611086 -0.17612911768893602
v -0.3977475644174331 0.19027163691047466 -0.06064417612502519
vt 0.5078125 0.9296875
vt 0.4921875 0.9296875
vt 0.4921875 0.9140625
vt 0.5078125 0.9140625
vt 0.109375 0.4921875
vt 0.109375 0.5078125
vt 0.09375 0.5078125
vt 0.09375 0.4921875
vt 0 0.984375
vt 0 1
vt 0 0.984375
vt 0 1
vt 0 0.984375
vt 0 0.984375
vt 0 1
vt 0 1
vt 0 1
vt 0 1
vt 0 1
vt 0 1
vt 0 1
vt 0 1
vt 0 1
vt 0 1
vn 0.7071067811865478 0.6532814824381881 0.27059805007309856
vn -0.7071067811865478 -0.6532814824381881 -0.27059805007309856
vn 0 0 0
vn 0 0 0
vn 0 0 0
vn 0 0 0
usemtl m_2f782488-5985-7342-163e-a8a36ac958ed
f 1770/5305/1327 1769/5306/1327 1771/5307/1327 1772/5308/1327
f 1775/5309/1328 1773/5310/1328 1774/5311/1328 1776/5312/1328
f 1769/5313/1329 1770/5314/1329 1773/5315/1329 1774/5316/1329
f 1771/5317/1330 1775/5318/1330 1772/5319/1330 1776/5320/1330
f 1769/5321/1331 1773/5322/1331 1771/5323/1331 1775/5324/1331
f 1770/5325/1332 1772/5326/1332 1774/5327/1332 1776/5328/1332
o cuboid
v -0.2159378388101069 0.10329666024588213 -0.2319694160831321
v -0.2159378388101069 0.05546123120024593 -0.11648447451922127
v -0.3213617695367176 0.1653466741181273 -0.20626745879180947
v -0.3213617695367176 0.11751124507249111 -0.09078251722789864
v -0.2159378388101069 0.10329666024588213 -0.2319694160831321
v -0.2159378388101069 0.05546123120024593 -0.11648447451922127
v -0.3213617695367176 0.1653466741181273 -0.20626745879180947
v -0.3213617695367176 0.11751124507249111 -0.09078251722789864
vt 0.5078125 0.90625
vt 0.4921875 0.90625
vt 0.4921875 0.890625
vt 0.5078125 0.890625
vt 0.1328125 0.4921875
vt 0.1328125 0.5078125
vt 0.1171875 0.5078125
vt 0.1171875 0.4921875
vt 0 0.984375
vt 0 1
vt 0 0.984375
vt 0 1
vt 0 0.984375
vt 0 0.984375
vt 0 1
vt 0 1
vt 0 1
vt 0 1
vt 0 1
vt 0 1
vt 0 1
vt 0 1
vt 0 1
vt 0 1
vn 0.5372996083468244 0.7791920946816268 0.32275193331103075
vn -0.5372996083468244 -0.7791920946816268 -0.32275193331103075
vn 0 0 0
vn 0 0 0
vn 0 0 0
vn 0 0 0
usemtl m_2f782488-5985-7342-163e-a8a36ac958ed
f 1778/5329/1333 1777/5330/1333 1779/5331/1333 1780/5332/1333
f 1783/5333/1334 1781/5334/1334 1782/5335/1334 1784/5336/1334
f 1777/5337/1335 1778/5338/1335 1781/5339/1335 1782/5340/1335
f 1779/5341/1336 1783/5342/1336 1780/5343/1336 1784/5344/1336
f 1777/5345/1337 1781/5346/1337 1779/5347/1337 1783/5348/1337
f 1778/5349/1338 1780/5350/1338 1782/5351/1338 1784/5352/1338
o cuboid
v -0.11227928286371525 0.07008723679200013 -0.24572520967632117
v -0.11227928286371525 0.022251807746363927 -0.13024026811241035
v -0.22974086046195374 0.10958541305764546 -0.22936452937808782
v -0.22974086046195374 0.06174998401200926 -0.113879587814177
v -0.11227928286371525 0.07008723679200013 -0.24572520967632117
v -0.11227928286371525 0.022251807746363927 -0.13024026811241035
v -0.22974086046195374 0.10958541305764546 -0.22936452937808782
v -0.22974086046195374 0.06174998401200926 -0.113879587814177
vt 0.5078125 0.8828125
vt 0.4921875 0.8828125
vt 0.4921875 0.8671875
vt 0.5078125 0.8671875
vt 0.15625 0.4921875
vt 0.15625 0.5078125
vt 0.140625 0.5078125
vt 0.140625 0.4921875
vt 0 0.984375
vt 0 1
vt 0 0.984375
vt 0 1
vt 0 0.984375
vt 0 0.984375
vt 0 1
vt 0 1
vt 0 1
vt 0 1
vt 0 1
vt 0 1
vt 0 1
vt 0 1
vt 0 1
vt 0 1
vn 0.34202014332566916 0.8681627791959907 0.35960479749049823
vn -0.34202014332566916 -0.8681627791959907 -0.35960479749049823
vn 0 0 0
vn 0 0 0
vn 0 0 0
vn 0 0 0
usemtl m_2f782488-5985-7342-163e-a8a36ac958ed
f 1786/5353/1339 1785/5354/1339 1787/5355/1339 1788/5356/1339
f 1791/5357/1340 1789/5358/1340 1790/5359/1340 1792/5360/1340
f 1785/5361/1341 1786/5362/1341 1789/5363/1341 1790/5364/1341
f 1787/5365/1342 1791/5366/1342 1788/5367/1342 1792/5368/1342
f 1785/5369/1343 1789/5370/1343 1787/5371/1343 1791/5372/1343
f 1786/5373/1344 1788/5374/1344 1790/5375/1344 1792/5376/1344
o cuboid
v -0.003297792274162723 0.0583930021638952 -0.2505691202608553
v -0.0032977922741627332 0.010557573118259 -0.13508417869694445
v -0.12722839994588903 0.07346681184498771 -0.24432534385431598
v -0.12722839994588903 0.02563138279935151 -0.1288404022904051
v -0.003297792274162723 0.0583930021638952 -0.2505691202608553
v -0.0032977922741627332 0.010557573118259 -0.13508417869694445
v -0.12722839994588903 0.07346681184498771 -0.24432534385431598
v -0.12722839994588903 0.02563138279935151 -0.1288404022904051
vt 0.5078125 0.859375
vt 0.4921875 0.859375
vt 0.4921875 0.84375
vt 0.5078125 0.84375
vt 0.1796875 0.4921875
vt 0.1796875 0.5078125
vt 0.1640625 0.5078125
vt 0.1640625 0.4921875
vt 0 0.984375
vt 0 1
vt 0 0.984375
vt 0 1
vt 0 0.984375
vt 0 0.984375
vt 0 1
vt 0 1
vt 0 1
vt 0 1
vt 0 1
vt 0 1
vt 0 1
vt 0 1
vt 0 1
vt 0 1
vn 0.1305261922200518 0.9159756150367535 0.37940952255126054
vn -0.1305261922200518 -0.9159756150367535 -0.37940952255126054
vn 0 0 0
vn 0 0 0
vn 0 0 0
vn 0 0 0
usemtl m_2f782488-5985-7342-163e-a8a36ac958ed
f 1794/5377/1345 1793/5378/1345 1795/5379/1345 1796/5380/1345
f 1799/5381/1346 1797/5382/1346 1798/5383/1346 1800/5384/1346
f 1793/5385/1347 1794/5386/1347 1797/5387/1347 1798/5388/1347
f 1795/5389/1348 1799/5390/1348 1796/5391/1348 1800/5392/1348
f 1793/5393/1349 1797/5394/1349 1795/5395/1349 1799/5396/1349
f 1794/5397/1350 1796/5398/1350 1798/5399/1350 1800/5400/1350
o cuboid
v 0.1058400400045631 0.06876835647029211 -0.2462715077927196
v 0.1058400400045631 0.02093292742465591 -0.1307865662288088
v -0.01868429725690511 0.05870318061211954 -0.25044064014084494
v -0.018684297256905125 0.010867751566483341 -0.13495569857693412
v 0.1058400400045631 0.06876835647029211 -0.2462715077927196
v 0.1058400400045631 0.02093292742465591 -0.1307865662288088
v -0.01868429725690511 0.05870318061211954 -0.25044064014084494
v -0.018684297256905125 0.010867751566483341 -0.13495569857693412
vt 0.5078125 0.8359375
vt 0.4921875 0.8359375
vt 0.4921875 0.8203125
vt 0.5078125 0.8203125
vt 0.203125 0.4921875
vt 0.203125 0.5078125
vt 0.1875 0.5078125
vt 0.1875 0.4921875
vt 0 0.984375
vt 0 1
vt 0 0.984375
vt 0 1
vt 0 0.984375
vt 0 0.984375
vt 0 1
vt 0 1
vt 0 1
vt 0 1
vt 0 1
vt 0 1
vt 0 1
vt 0 1
vt 0 1
vt 0 1
vn -0.08715574274765799 0.9203638919632243 0.3812272063696536
vn 0.08715574274765799 -0.9203638919632243 -0.3812272063696536
vn 0 0 0
vn 0 0 0
vn 0 0 0
vn 0 0 0
usemtl m_2f782488-5985-7342-163e-a8a36ac958ed
f 1802/5401/1351 1801/5402/1351 1803/5403/1351 1804/5404/1351
f 1807/5405/1352 1805/5406/1352 1806/5407/1352 1808/5408/1352
f 1801/5409/1353 1802/5410/1353 1805/5411/1353 1806/5412/1353
f 1803/5413/1354 1807/5414/1354 1804/5415/1354 1808/5416/1354
f 1801/5417/1355 1805/5418/1355 1803/5419/1355 1807/5420/1355
f 1802/5421/1356 1804/5422/1356 1806/5423/1356 1808/5424/1356
o cuboid
v 0.2099602091739007 0.10072142506197723 -0.23303611342260583
v 0.2099602091739007 0.05288599601634103 -0.117551171858695
v 0.09074559033037236 0.06599443337829713 -0.2474205043584038
v 0.09074559033037236 0.018159004332660933 -0.13193556279449298
v 0.2099602091739007 0.10072142506197723 -0.23303611342260583
v 0.2099602091739007 0.05288599601634103 -0.117551171858695
v 0.09074559033037236 0.06599443337829713 -0.2474205043584038
v 0.09074559033037236 0.018159004332660933 -0.13193556279449298
vt 0.5078125 0.8125
vt 0.4921875 0.8125
vt 0.4921875 0.796875
vt 0.5078125 0.796875
vt 0.2265625 0.4921875
vt 0.2265625 0.5078125
vt 0.2109375 0.5078125
vt 0.2109375 0.4921875
vt 0 0.984375
vt 0 1
vt 0 0.984375
vt 0 1
vt 0 0.984375
vt 0 0.984375
vt 0 1
vt 0 1
vt 0 1
vt 0 1
vt 0 1
vt 0 1
vt 0 1
vt 0 1
vt 0 1
vt 0 1
vn -0.3007057995042731 0.8811195706053617 0.36497167621709886
vn 0.3007057995042731 -0.8811195706053617 -0.36497167621709886
vn 0 0 0
vn 0 0 0
vn 0 0 0
vn 0 0 0
usemtl m_2f782488-5985-7342-163e-a8a36ac958ed
f 1810/5425/1357 1809/5426/1357 1811/5427/1357 1812/5428/1357
f 1815/5429/1358 1813/5430/1358 1814/5431/1358 1816/5432/1358
f 1809/5433/1359 1810/5434/1359 1813/5435/1359 1814/5436/1359
f 1811/5437/1360 1815/5438/1360 1812/5439/1360 1816/5440/1360
f 1809/5441/1361 1813/5442/1361 1811/5443/1361 1815/5444/1361
f 1810/5445/1362 1812/5446/1362 1814/5447/1362 1816/5448/1362
o cuboid
v 0.30412658773652734 0.1527373773181629 -0.21149040053834234
v 0.30412658773652734 0.10490194827252669 -0.09600545897443151
v 0.19587341226347246 0.09499490653620751 -0.23540811506116044
v 0.19587341226347246 0.04715947749057131 -0.11992317349724961
v 0.30412658773652734 0.1527373773181629 -0.21149040053834234
v 0.30412658773652734 0.10490194827252669 -0.09600545897443151
v 0.19587341226347246 0.09499490653620751 -0.23540811506116044
v 0.19587341226347246 0.04715947749057131 -0.11992317349724961
vt 0.5078125 0.7890625
vt 0.4921875 0.7890625
vt 0.4921875 0.7734375
vt 0.5078125 0.7734375
vt 0.25 0.4921875
vt 0.25 0.5078125
vt 0.234375 0.5078125
vt 0.234375 0.4921875
vt 0 0.984375
vt 0 1
vt 0 0.984375
vt 0 1
vt 0 0.984375
vt 0 0.984375
vt 0 1
vt 0 1
vt 0 1
vt 0 1
vt 0 1
vt 0 1
vt 0 1
vt 0 1
vt 0 1
vt 0 1
vn -0.4999999999999998 0.8001031451912658 0.33141357403559196
vn 0.4999999999999998 -0.8001031451912658 -0.33141357403559196
vn 0 0 0
vn 0 0 0
vn 0 0 0
vn 0 0 0
usemtl m_2f782488-5985-7342-163e-a8a36ac958ed
f 1818/5449/1363 1817/5450/1363 1819/5451/1363 1820/5452/1363
f 1823/5453/1364 1821/5454/1364 1822/5455/1364 1824/5456/1364
f 1817/5457/1365 1818/5458/1365 1821/5459/1365 1822/5460/1365
f 1819/5461/1366 1823/5462/1366 1820/5463/1366 1824/5464/1366
f 1817/5465/1367 1821/5466/1367 1819/5467/1367 1823/5468/1367
f 1818/5469/1368 1820/5470/1368 1822/5471/1368 1824/5472/1368
o cuboid
v 0.3838749373584628 0.22235024171498868 -0.18265580798953793
v 0.3838749373584628 0.17451481266935248 -0.06717086642562708
v 0.29171527025719735 0.14432974606734378 -0.2149729554298635
v 0.29171527025719735 0.09649431702170758 -0.09948801386595264
v 0.3838749373584628 0.22235024171498868 -0.18265580798953793
v 0.3838749373584628 0.17451481266935248 -0.06717086642562708
v 0.29171527025719735 0.14432974606734378 -0.2149729554298635
v 0.29171527025719735 0.09649431702170758 -0.09948801386595264
vt 0.5078125 0.765625
vt 0.4921875 0.765625
vt 0.4921875 0.75
vt 0.5078125 0.75
vt 0.2734375 0.4921875
vt 0.2734375 0.5078125
vt 0.2578125 0.5078125
vt 0.2578125 0.4921875
vt 0 0.984375
vt 0 1
vt 0 0.984375
vt 0 1
vt 0 0.984375
vt 0 0.984375
vt 0 1
vt 0 1
vt 0 1
vt 0 1
vt 0 1
vt 0 1
vt 0 1
vt 0 1
vt 0 1
vt 0 1
vn -0.6755902076156605 0.681155441263304 0.28214382185549064
vn 0.6755902076156605 -0.681155441263304 -0.28214382185549064
vn 0 0 0
vn 0 0 0
vn 0 0 0
vn 0 0 0
usemtl m_2f782488-5985-7342-163e-a8a36ac958ed
f 1826/5473/1369 1825/5474/1369 1827/5475/1369 1828/5476/1369
f 1831/5477/1370 1829/5478/1370 1830/5479/1370 1832/5480/1370
f 1825/5481/1371 1826/5482/1371 1829/5483/1371 1830/5484/1371
f 1827/5485/1372 1831/5486/1372 1828/5487/1372 1832/5488/1372
f 1825/5489/1373 1829/5490/1373 1827/5491/1373 1831/5492/1373
f 1826/5493/1374 1828/5494/1374 1830/5495/1374 1832/5496/1374
o cuboid
v 0.4454245494164362 0.30625981256840706 -0.14789932572914588
v 0.4454245494164362 0.25842438352277075 -0.032414384165235025
v 0.37372749487255547 0.2116600866017347 -0.18708381522131978
v 0.37372749487255547 0.16382465755609849 -0.07159887365740895
v 0.4454245494164362 0.30625981256840706 -0.14789932572914588
v 0.4454245494164362 0.25842438352277075 -0.032414384165235025
v 0.37372749487255547 0.2116600866017347 -0.18708381522131978
v 0.37372749487255547 0.16382465755609849 -0.07159887365740895
vt 0.5078125 0.7421875
vt 0.4921875 0.7421875
vt 0.4921875 0.7265625
vt 0.5078125 0.7265625
vt 0.296875 0.4921875
vt 0.296875 0.5078125
vt 0.28125 0.5078125
vt 0.28125 0.4921875
vt 0 0.984375
vt 0 1
vt 0 0.984375
vt 0 1
vt 0 0.984375
vt 0 0.984375
vt 0 1
vt 0 1
vt 0 1
vt 0 1
vt 0 1
vt 0 1
vt 0 1
vt 0 1
vt 0 1
vt 0 1
vn -0.8191520442889918 0.5299155298754944 0.21949819938655485
vn 0.8191520442889918 -0.5299155298754944 -0.21949819938655485
vn 0 0 0
vn 0 0 0
vn 0 0 0
vn 0 0 0
usemtl m_2f782488-5985-7342-163e-a8a36ac958ed
f 1834/5497/1375 1833/5498/1375 1835/5499/1375 1836/5500/1375
f 1839/5501/1376 1837/5502/1376 1838/5503/1376 1840/5504/1376
f 1833/5505/1377 1834/5506/1377 1837/5507/1377 1838/5508/1377
f 1835/5509/1378 1839/5510/1378 1836/5511/1378 1840/5512/1378
f 1833/5513/1379 1837/5514/1379 1835/5515/1379 1839/5516/1379
f 1834/5517/1380 1836/5518/1380 1838/5519/1380 1840/5520/1380
o cuboid
v 0.48585748077846147 0.4004881061382607 -0.10886868857323895
v 0.48585748077846147 0.3526526770926245 0.006616252990671895
v 0.43802205173282527 0.29379393231410145 -0.1530628623973982
v 0.43802205173282527 0.24595850326846525 -0.03757792083348735
v 0.48585748077846147 0.4004881061382607 -0.10886868857323895
v 0.48585748077846147 0.3526526770926245 0.006616252990671895
v 0.43802205173282527 0.29379393231410145 -0.1530628623973982
v 0.43802205173282527 0.24595850326846525 -0.03757792083348735
vt 0.5078125 0.71875
vt 0.4921875 0.71875
vt 0.4921875 0.703125
vt 0.5078125 0.703125
vt 0.3203125 0.4921875
vt 0.3203125 0.5078125
vt 0.3046875 0.5078125
vt 0.3046875 0.4921875
vt 0 0.984375
vt 0 1
vt 0 0.984375
vt 0 1
vt 0 0.984375
vt 0 0.984375
vt 0 1
vt 0 1
vt 0 1
vt 0 1
vt 0 1
vt 0 1
vt 0 1
vt 0 1
vt 0 1
vt 0 1
vn -0.9238795325112868 0.353553390593274 0.1464466094067263
vn 0.9238795325112868 -0.353553390593274 -0.1464466094067263
vn 0 0 0
vn 0 0 0
vn 0 0 0
vn 0 0 0
usemtl m_2f782488-5985-7342-163e-a8a36ac958ed
f 1842/5521/1381 1841/5522/1381 1843/5523/1381 1844/5524/1381
f 1847/5525/1382 1845/5526/1382 1846/5527/1382 1848/5528/1382
f 1841/5529/1383 1842/5530/1383 1845/5531/1383 1846/5532/1383
f 1843/5533/1384 1847/5534/1384 1844/5535/1384 1848/5536/1384
f 1841/5537/1385 1845/5538/1385 1843/5539/1385 1847/5540/1385
f 1842/5541/1386 1844/5542/1386 1846/5543/1386 1848/5544/1386
o cuboid
v 0.5032568876102872 0.5005679488247884 -0.06741426041231337
v 0.5032568876102872 0.45273251977915213 0.048070681151597475
v 0.48155086540192094 0.3868374830164872 -0.11452296180512131
v 0.48155086540192094 0.3390020539708509 0.0009619797587895329
v 0.5032568876102872 0.5005679488247884 -0.06741426041231337
v 0.5032568876102872 0.45273251977915213 0.048070681151597475
v 0.48155086540192094 0.3868374830164872 -0.11452296180512131
v 0.48155086540192094 0.3390020539708509 0.0009619797587895329
vt 0.5078125 0.6953125
vt 0.4921875 0.6953125
vt 0.4921875 0.6796875
vt 0.5078125 0.6796875
vt 0.34375 0.4921875
vt 0.34375 0.5078125
vt 0.328125 0.5078125
vt 0.328125 0.4921875
vt 0 0.984375
vt 0 1
vt 0 0.984375
vt 0 1
vt 0 0.984375
vt 0 0.984375
vt 0 1
vt 0 1
vt 0 1
vt 0 1
vt 0 1
vt 0 1
vt 0 1
vt 0 1
vt 0 1
vt 0 1
vn -0.9848077530122081 0.16042999720436063 0.06645228065352382
vn 0.9848077530122081 -0.16042999720436063 -0.06645228065352382
vn 0 0 0
vn 0 0 0
vn 0 0 0
vn 0 0 0
usemtl m_2f782488-5985-7342-163e-a8a36ac958ed
f 1850/5545/1387 1849/5546/1387 1851/5547/1387 1852/5548/1387
f 1855/5549/1388 1853/5550/1388 1854/5551/1388 1856/5552/1388
f 1849/5553/1389 1850/5554/1389 1853/5555/1389 1854/5556/1389
f 1851/5557/1390 1855/5558/1390 1852/5559/1390 1856/5560/1390
f 1849/5561/1391 1853/5562/1391 1851/5563/1391 1855/5564/1391
f 1850/5565/1392 1852/5566/1392 1854/5567/1392 1856/5568/1392
o cuboid
v 0.5 0.5745459763161271 0.047491024573864525
v 0.5 0.4525089754261355 0.07454597631612736
v 0.5 0.5474910245738643 -0.07454597631612714
v 0.5 0.42545402368387264 -0.0474910245738643
v 0.5 0.5745459763161271 0.047491024573864525
v 0.5 0.4525089754261355 0.07454597631612736
v 0.5 0.5474910245738643 -0.07454597631612714
v 0.5 0.42545402368387264 -0.0474910245738643
vt 0.3203125 0.8828125
vt 0.3046875 0.8828125
vt 0.3046875 0.8671875
vt 0.3203125 0.8671875
vt 0.15625 0.6796875
vt 0.15625 0.6953125
vt 0.140625 0.6953125
vt 0.140625 0.6796875
vt 0 0.984375
vt 0 1
vt 0 0.984375
vt 0 1
vt 0 0.984375
vt 0 0.984375
vt 0 1
vt 0 1
vt 0 1
vt 0 1
vt 0 1
vt 0 1
vt 0 1
vt 0 1
vt 0 1
vt 0 1
vn -1 1.7398535635801904e-16 -2.1678126119083123e-16
vn 1 -1.7398535635801904e-16 2.1678126119083123e-16
vn 0 0 0
vn 0 0 0
vn 0 0 0
vn 0 0 0
usemtl m_2f782488-5985-7342-163e-a8a36ac958ed
f 1858/5569/1393 1857/5570/1393 1859/5571/1393 1860/5572/1393
f 1863/5573/1394 1861/5574/1394 1862/5575/1394 1864/5576/1394
f 1857/5577/1395 1858/5578/1395 1861/5579/1395 1862/5580/1395
f 1859/5581/1396 1863/5582/1396 1860/5583/1396 1864/5584/1396
f 1857/5585/1397 1861/5586/1397 1859/5587/1397 1863/5588/1397
f 1858/5589/1398 1860/5590/1398 1862/5591/1398 1864/5592/1398
o cuboid
v 0.47462052768883517 0.5976483743652301 0.15169920790893882
v 0.47462052768883517 0.4756113734752384 0.17875415965120167
v 0.501675479431098 0.5712347330064363 0.03255497121914823
v 0.501675479431098 0.4491977321164447 0.05960992296141106
v 0.47462052768883517 0.5976483743652301 0.15169920790893882
v 0.47462052768883517 0.4756113734752384 0.17875415965120167
v 0.501675479431098 0.5712347330064363 0.03255497121914823
v 0.501675479431098 0.4491977321164447 0.05960992296141106
vt 0.3203125 0.859375
vt 0.3046875 0.859375
vt 0.3046875 0.84375
vt 0.3203125 0.84375
vt 0.1796875 0.6796875
vt 0.1796875 0.6953125
vt 0.1640625 0.6953125
vt 0.1640625 0.6796875
vt 0 0.984375
vt 0 1
vt 0 0.984375
vt 0 1
vt 0 0.984375
vt 0 0.984375
vt 0 1
vt 0 1
vt 0 1
vt 0 1
vt 0 1
vt 0 1
vt 0 1
vt 0 1
vt 0 1
vt 0 1
vn -0.9762960071199334 -0.0468461064816748 -0.21130913087034997
vn 0.9762960071199334 0.0468461064816748 0.21130913087034997
vn 0 0 0
vn 0 0 0
vn 0 0 0
vn 0 0 0
usemtl m_2f782488-5985-7342-163e-a8a36ac958ed
f 1866/5593/1399 1865/5594/1399 1867/5595/1399 1868/5596/1399
f 1871/5597/1400 1869/5598/1400 1870/5599/1400 1872/5600/1400
f 1865/5601/1401 1866/5602/1401 1869/5603/1401 1870/5604/1401
f 1867/5605/1402 1871/5606/1402 1868/5607/1402 1872/5608/1402
f 1865/5609/1403 1869/5610/1403 1867/5611/1403 1871/5612/1403
f 1866/5613/1404 1868/5614/1404 1870/5615/1404 1872/5616/1404
o cuboid
v 0.4267402521595313 0.619014223873127 0.2480743269721734
v 0.4267402521595313 0.49697722298313535 0.2751292787144362
v 0.47956753487711873 0.5944941104312134 0.13747124275897532
v 0.47956753487711873 0.4724571095412218 0.16452619450123818
v 0.4267402521595313 0.619014223873127 0.2480743269721734
v 0.4267402521595313 0.49697722298313535 0.2751292787144362
v 0.47956753487711873 0.5944941104312134 0.13747124275897532
v 0.47956753487711873 0.4724571095412218 0.16452619450123818
vt 0.3203125 0.8359375
vt 0.3046875 0.8359375
vt 0.3046875 0.8203125
vt 0.3203125 0.8203125
vt 0.203125 0.6796875
vt 0.203125 0.6953125
vt 0.1875 0.6953125
vt 0.1875 0.6796875
vt 0 0.984375
vt 0 1
vt 0 0.984375
vt 0 1
vt 0 0.984375
vt 0 0.984375
vt 0 1
vt 0 1
vt 0 1
vt 0 1
vt 0 1
vt 0 1
vt 0 1
vt 0 1
vt 0 1
vt 0 1
vn -0.90630778703665 -0.09147133341434878 -0.4126005214734116
vn 0.90630778703665 0.09147133341434878 0.4126005214734116
vn 0 0 0
vn 0 0 0
vn 0 0 0
vn 0 0 0
usemtl m_2f782488-5985-7342-163e-a8a36ac958ed
f 1874/5617/1405 1873/5618/1405 1875/5619/1405 1876/5620/1405
f 1879/5621/1406 1877/5622/1406 1878/5623/1406 1880/5624/1406
f 1873/5625/1407 1874/5626/1407 1877/5627/1407 1878/5628/1407
f 1875/5629/1408 1879/5630/1408 1876/5631/1408 1880/5632/1408
f 1873/5633/1409 1877/5634/1409 1875/5635/1409 1879/5636/1409
f 1874/5637/1410 1876/5638/1410 1878/5639/1410 1880/5640/1410
o cuboid
v 0.35862908083257256 0.6376306129505945 0.3320474314913876
v 0.35862908083257256 0.5155936120606028 0.3591023832336504
v 0.4347242594586626 0.6161664766144521 0.2352289691961883
v 0.4347242594586626 0.4941294757244605 0.2622839209384511
v 0.35862908083257256 0.6376306129505945 0.3320474314913876
v 0.35862908083257256 0.5155936120606028 0.3591023832336504
v 0.4347242594586626 0.6161664766144521 0.2352289691961883
v 0.4347242594586626 0.4941294757244605 0.2622839209384511
vt 0.3203125 0.8125
vt 0.3046875 0.8125
vt 0.3046875 0.796875
vt 0.3203125 0.796875
vt 0.2265625 0.6796875
vt 0.2265625 0.6953125
vt 0.2109375 0.6953125
vt 0.2109375 0.6796875
vt 0 0.984375
vt 0 1
vt 0 0.984375
vt 0 1
vt 0 0.984375
vt 0 0.984375
vt 0 1
vt 0 1
vt 0 1
vt 0 1
vt 0 1
vt 0 1
vt 0 1
vt 0 1
vt 0 1
vt 0 1
vn -0.7933533402912352 -0.13176008867505504 -0.5943313524298388
vn 0.7933533402912352 0.13176008867505504 0.5943313524298388
vn 0 0 0
vn 0 0 0
vn 0 0 0
vn 0 0 0
usemtl m_2f782488-5985-7342-163e-a8a36ac958ed
f 1882/5641/1411 1881/5642/1411 1883/5643/1411 1884/5644/1411
f 1887/5645/1412 1885/5646/1412 1886/5647/1412 1888/5648/1412
f 1881/5649/1413 1882/5650/1413 1885/5651/1413 1886/5652/1413
f 1883/5653/1414 1887/5654/1414 1884/5655/1414 1888/5656/1414
f 1881/5657/1415 1885/5658/1415 1883/5659/1415 1887/5660/1415
f 1882/5661/1416 1884/5662/1416 1886/5663/1416 1888/5664/1416
o cuboid
v 0.27351602714833356 0.6526149760893429 0.3996375257233001
v 0.27351602714833356 0.5305779751993512 0.4266924774655629
v 0.3692715825382058 0.6352243883287491 0.32119365362790825
v 0.3692715825382058 0.5131873874387574 0.34824860537017105
v 0.27351602714833356 0.6526149760893429 0.3996375257233001
v 0.27351602714833356 0.5305779751993512 0.4266924774655629
v 0.3692715825382058 0.6352243883287491 0.32119365362790825
v 0.3692715825382058 0.5131873874387574 0.34824860537017105
vt 0.3203125 0.7890625
vt 0.3046875 0.7890625
vt 0.3046875 0.7734375
vt 0.3203125 0.7734375
vt 0.25 0.6796875
vt 0.25 0.6953125
vt 0.234375 0.6953125
vt 0.234375 0.6796875
vt 0 0.984375
vt 0 1
vt 0 0.984375
vt 0 1
vt 0 0.984375
vt 0 0.984375
vt 0 1
vt 0 1
vt 0 1
vt 0 1
vt 0 1
vt 0 1
vt 0 1
vt 0 1
vt 0 1
vt 0 1
vn -0.6427876096865394 -0.16580236352810035 -0.7478861310934714
vn 0.6427876096865394 0.16580236352810035 0.7478861310934714
vn 0 0 0
vn 0 0 0
vn 0 0 0
vn 0 0 0
usemtl m_2f782488-5985-7342-163e-a8a36ac958ed
f 1890/5665/1417 1889/5666/1417 1891/5667/1417 1892/5668/1417
f 1895/5669/1418 1893/5670/1418 1894/5671/1418 1896/5672/1418
f 1889/5673/1419 1890/5674/1419 1893/5675/1419 1894/5676/1419
f 1891/5677/1420 1895/5678/1420 1892/5679/1420 1896/5680/1420
f 1889/5681/1421 1893/5682/1421 1891/5683/1421 1895/5684/1421
f 1890/5685/1422 1892/5686/1422 1894/5687/1422 1896/5688/1422
o cuboid
v 0.17543612954387813 0.6632569348150656 0.44764029944303824
v 0.17543612954387813 0.541219933925074 0.47469525118530104
v 0.28631248369115586 0.650764348366935 0.391289883518722
v 0.28631248369115586 0.5287273474769433 0.4183448352609848
v 0.17543612954387813 0.6632569348150656 0.44764029944303824
v 0.17543612954387813 0.541219933925074 0.47469525118530104
v 0.28631248369115586 0.650764348366935 0.391289883518722
v 0.28631248369115586 0.5287273474769433 0.4183448352609848
vt 0.3203125 0.765625
vt 0.3046875 0.765625
vt 0.3046875 0.75
vt 0.3203125 0.75
vt 0.2734375 0.6796875
vt 0.2734375 0.6953125
vt 0.2578125 0.6953125
vt 0.2578125 0.6796875
vt 0 0.984375
vt 0 1
vt 0 0.984375
vt 0 1
vt 0 0.984375
vt 0 0.984375
vt 0 1
vt 0 1
vt 0 1
vt 0 1
vt 0 1
vt 0 1
vt 0 1
vt 0 1
vt 0 1
vt 0 1
vn -0.4617486132350339 -0.19198428229200898 -0.8659851347040232
vn 0.4617486132350339 0.19198428229200898 0.8659851347040232
vn 0 0 0
vn 0 0 0
vn 0 0 0
vn 0 0 0
usemtl m_2f782488-5985-7342-163e-a8a36ac958ed
f 1898/5689/1423 1897/5690/1423 1899/5691/1423 1900/5692/1423
f 1903/5693/1424 1901/5694/1424 1902/5695/1424 1904/5696/1424
f 1897/5697/1425 1898/5698/1425 1901/5699/1425 1902/5700/1425
f 1899/5701/1426 1903/5702/1426 1900/5703/1426 1904/5704/1426
f 1897/5705/1427 1901/5706/1427 1899/5707/1427 1903/5708/1427
f 1898/5709/1428 1900/5710/1428 1902/5711/1428 1904/5712/1428
o cuboid
v 0.06903915840819365 0.6690519753000338 0.47378003783765
v 0.06903915840819362 0.5470149744100421 0.5008349895799128
v 0.18977988669432716 0.6620496385248065 0.44219453780012685
v 0.18977988669432716 0.5400126376348149 0.46924948954238965
v 0.06903915840819365 0.6690519753000338 0.47378003783765
v 0.06903915840819362 0.5470149744100421 0.5008349895799128
v 0.18977988669432716 0.6620496385248065 0.44219453780012685
v 0.18977988669432716 0.5400126376348149 0.46924948954238965
vt 0.3203125 0.7421875
vt 0.3046875 0.7421875
vt 0.3046875 0.7265625
vt 0.3203125 0.7265625
vt 0.296875 0.6796875
vt 0.296875 0.6953125
vt 0.28125 0.6953125
vt 0.28125 0.6796875
vt 0 0.984375
vt 0 1
vt 0 0.984375
vt 0 1
vt 0 0.984375
vt 0 0.984375
vt 0 1
vt 0 1
vt 0 1
vt 0 1
vt 0 1
vt 0 1
vt 0 1
vt 0 1
vt 0 1
vt 0 1
vn -0.25881904510252074 -0.2090646129348487 -0.9430295273800399
vn 0.25881904510252074 0.2090646129348487 0.9430295273800399
vn 0 0 0
vn 0 0 0
vn 0 0 0
vn 0 0 0
usemtl m_2f782488-5985-7342-163e-a8a36ac958ed
f 1906/5713/1429 1905/5714/1429 1907/5715/1429 1908/5716/1429
f 1911/5717/1430 1909/5718/1430 1910/5719/1430 1912/5720/1430
f 1905/5721/1431 1906/5722/1431 1909/5723/1431 1910/5724/1431
f 1907/5725/1432 1911/5726/1432 1908/5727/1432 1912/5728/1432
f 1905/5729/1433 1909/5730/1433 1907/5731/1433 1911/5732/1433
f 1906/5733/1434 1908/5734/1434 1910/5735/1434 1912/5736/1434
o cuboid
v -0.040630820166198074 0.6697253663474566 0.4768175085615498
v -0.0406308201661981 0.5476883654574649 0.5038724603038126
v 0.08425020753153416 0.6685452459272603 0.47149432934682545
v 0.08425020753153413 0.5465082450372687 0.49854928108908825
v -0.040630820166198074 0.6697253663474566 0.4768175085615498
v -0.0406308201661981 0.5476883654574649 0.5038724603038126
v 0.08425020753153416 0.6685452459272603 0.47149432934682545
v 0.08425020753153413 0.5465082450372687 0.49854928108908825
vt 0.3203125 0.71875
vt 0.3046875 0.71875
vt 0.3046875 0.703125
vt 0.3203125 0.703125
vt 0.3203125 0.6796875
vt 0.3203125 0.6953125
vt 0.3046875 0.6953125
vt 0.3046875 0.6796875
vt 0 0.984375
vt 0 1
vt 0 0.984375
vt 0 1
vt 0 0.984375
vt 0 0.984375
vt 0 1
vt 0 1
vt 0 1
vt 0 1
vt 0 1
vt 0 1
vt 0 1
vt 0 1
vt 0 1
vt 0 1
vn -0.04361938736533605 -0.21623361138472533 -0.9753667896506383
vn 0.04361938736533605 0.21623361138472533 0.9753667896506383
vn 0 0 0
vn 0 0 0
vn 0 0 0
vn 0 0 0
usemtl m_2f782488-5985-7342-163e-a8a36ac958ed
f 1914/5737/1435 1913/5738/1435 1915/5739/1435 1916/5740/1435
f 1919/5741/1436 1917/5742/1436 1918/5743/1436 1920/5744/1436
f 1913/5745/1437 1914/5746/1437 1917/5747/1437 1918/5748/1437
f 1915/5749/1438 1919/5750/1438 1916/5751/1438 1920/5752/1438
f 1913/5753/1439 1917/5754/1439 1915/5755/1439 1919/5756/1439
f 1914/5757/1440 1916/5758/1440 1918/5759/1440 1920/5760/1440
o cuboid
v -0.14837457339672813 0.6652451838441469 0.45660871124591235
v -0.14837457339672813 0.5432081829541552 0.48366366298817515
v -0.025273604270202123 0.6699432269110575 0.47780021405839695
v -0.02527360427020215 0.5479062260210659 0.5048551658006598
v -0.14837457339672813 0.6652451838441469 0.45660871124591235
v -0.14837457339672813 0.5432081829541552 0.48366366298817515
v -0.025273604270202123 0.6699432269110575 0.47780021405839695
v -0.02527360427020215 0.5479062260210659 0.5048551658006598
vt 0.015625 0.671875
vt 0 0.671875
vt 0 0.65625
vt 0.015625 0.65625
vt 0.34375 0.984375
vt 0.34375 1
vt 0.328125 1
vt 0.328125 0.984375
vt 0 0.984375
vt 0 1
vt 0 0.984375
vt 0 1
vt 0 0.984375
vt 0 0.984375
vt 0 1
vt 0 1
vt 0 1
vt 0 1
vt 0 1
vt 0 1
vt 0 1
vt 0 1
vt 0 1
vt 0 1
vn 0.17364817766693028 -0.2131514098652127 -0.9614638770465723
vn -0.17364817766693028 0.2131514098652127 0.9614638770465723
vn 0 0 0
vn 0 0 0
vn 0 0 0
vn 0 0 0
usemtl m_2f782488-5985-7342-163e-a8a36ac958ed
f 1922/5761/1441 1921/5762/1441 1923/5763/1441 1924/5764/1441
f 1927/5765/1442 1925/5766/1442 1926/5767/1442 1928/5768/1442
f 1921/5769/1443 1922/5770/1443 1925/5771/1443 1926/5772/1443
f 1923/5773/1444 1927/5774/1444 1924/5775/1444 1928/5776/1444
f 1921/5777/1445 1925/5778/1445 1923/5779/1445 1927/5780/1445
f 1922/5781/1446 1924/5782/1446 1926/5783/1446 1928/5784/1446
o cuboid
v -0.24908418696450024 0.6558238242184242 0.4141117042661067
v -0.24908418696450024 0.5337868233284325 0.4411666560083695
v -0.13359924540058943 0.6661773060136251 0.4608132426422303
v -0.13359924540058943 0.5441403051236335 0.4878681943844931
v -0.24908418696450024 0.6558238242184242 0.4141117042661067
v -0.24908418696450024 0.5337868233284325 0.4411666560083695
v -0.13359924540058943 0.6661773060136251 0.4608132426422303
v -0.13359924540058943 0.5441403051236335 0.4878681943844931
vt 0.0390625 0.671875
vt 0.0234375 0.671875
vt 0.0234375 0.65625
vt 0.0390625 0.65625
vt 0.34375 0.9609375
vt 0.34375 0.9765625
vt 0.328125 0.9765625
vt 0.328125 0.9609375
vt 0 0.984375
vt 0 1
vt 0 0.984375
vt 0 1
vt 0 0.984375
vt 0 0.984375
vt 0 1
vt 0 1
vt 0 1
vt 0 1
vt 0 1
vt 0 1
vt 0 1
vt 0 1
vt 0 1
vt 0 1
vn 0.3826834323650896 -0.19996412934205773 -0.9019798986506
vn -0.3826834323650896 0.19996412934205773 0.9019798986506
vn 0 0 0
vn 0 0 0
vn 0 0 0
vn 0 0 0
usemtl m_2f782488-5985-7342-163e-a8a36ac958ed
f 1930/5785/1447 1929/5786/1447 1931/5787/1447 1932/5788/1447
f 1935/5789/1448 1933/5790/1448 1934/5791/1448 1936/5792/1448
f 1929/5793/1449 1930/5794/1449 1933/5795/1449 1934/5796/1449
f 1931/5797/1450 1935/5798/1450 1932/5799/1450 1936/5800/1450
f 1929/5801/1451 1933/5802/1451 1931/5803/1451 1935/5804/1451
f 1930/5805/1452 1932/5806/1452 1934/5807/1452 1936/5808/1452
o cuboid
v -0.337985220943585 0.641907935153266 0.3513411851238799
v -0.337985220943585 0.5198709342632744 0.3783961368661427
v -0.23559121540746103 0.6574260179592426 0.42133873319733073
v -0.23559121540746103 0.535389017069251 0.44839368493959353
v -0.337985220943585 0.641907935153266 0.3513411851238799
v -0.337985220943585 0.5198709342632744 0.3783961368661427
v -0.23559121540746103 0.6574260179592426 0.42133873319733073
v -0.23559121540746103 0.535389017069251 0.44839368493959353
vt 0.0625 0.671875
vt 0.046875 0.671875
vt 0.046875 0.65625
vt 0.0625 0.65625
vt 0.34375 0.9375
vt 0.34375 0.953125
vt 0.328125 0.953125
vt 0.328125 0.9375
vt 0 0.984375
vt 0 1
vt 0 0.984375
vt 0 1
vt 0 0.984375
vt 0 0.984375
vt 0 1
vt 0 1
vt 0 1
vt 0 1
vt 0 1
vt 0 1
vt 0 1
vt 0 1
vt 0 1
vt 0 1
vn 0.5735764363510459 -0.1772969522225171 -0.7997348700634735
vn -0.5735764363510459 0.1772969522225171 0.7997348700634735
vn 0 0 0
vn 0 0 0
vn 0 0 0
vn 0 0 0
usemtl m_2f782488-5985-7342-163e-a8a36ac958ed
f 1938/5809/1453 1937/5810/1453 1939/5811/1453 1940/5812/1453
f 1943/5813/1454 1941/5814/1454 1942/5815/1454 1944/5816/1454
f 1937/5817/1455 1938/5818/1455 1941/5819/1455 1942/5820/1455
f 1939/5821/1456 1943/5822/1456 1940/5823/1456 1944/5824/1456
f 1937/5825/1457 1941/5826/1457 1939/5827/1457 1943/5828/1457
f 1938/5829/1458 1940/5830/1458 1942/5831/1458 1944/5832/1458
o cuboid
v -0.41086305638104076 0.624157240919313 0.27127297769688263
v -0.41086305638104076 0.5021202400293213 0.29832792943914543
v -0.3264142804290832 0.644104243687375 0.3612480927053504
v -0.3264142804290832 0.5220672427973833 0.3883030444476132
v -0.41086305638104076 0.624157240919313 0.27127297769688263
v -0.41086305638104076 0.5021202400293213 0.29832792943914543
v -0.3264142804290832 0.644104243687375 0.3612480927053504
v -0.3264142804290832 0.5220672427973833 0.3883030444476132
vt 0.0859375 0.671875
vt 0.0703125 0.671875
vt 0.0703125 0.65625
vt 0.0859375 0.65625
vt 0.34375 0.9140625
vt 0.34375 0.9296875
vt 0.328125 0.9296875
vt 0.328125 0.9140625
vt 0 0.984375
vt 0 1
vt 0 0.984375
vt 0 1
vt 0 0.984375
vt 0 0.984375
vt 0 1
vt 0 1
vt 0 1
vt 0 1
vt 0 1
vt 0 1
vt 0 1
vt 0 1
vt 0 1
vt 0 1
vn 0.737277336810124 -0.14622448371669633 -0.6595760221444961
vn -0.737277336810124 0.14622448371669633 0.6595760221444961
vn 0 0 0
vn 0 0 0
vn 0 0 0
vn 0 0 0
usemtl m_2f782488-5985-7342-163e-a8a36ac958ed
f 1946/5833/1459 1945/5834/1459 1947/5835/1459 1948/5836/1459
f 1951/5837/1460 1949/5838/1460 1950/5839/1460 1952/5840/1460
f 1945/5841/1461 1946/5842/1461 1949/5843/1461 1950/5844/1461
f 1947/5845/1462 1951/5846/1462 1948/5847/1462 1952/5848/1462
f 1945/5849/1463 1949/5850/1463 1947/5851/1463 1951/5852/1463
f 1946/5853/1464 1948/5854/1464 1950/5855/1464 1952/5856/1464
o cuboid
v -0.4642627018922193 0.6034132661760407 0.1777029544226535
v -0.4642627018922193 0.4813762652860491 0.20475790616491635
v -0.4017627018922193 0.6268435416830024 0.28339009739505044
v -0.4017627018922193 0.5048065407930108 0.31044504913731324
v -0.4642627018922193 0.6034132661760407 0.1777029544226535
v -0.4642627018922193 0.4813762652860491 0.20475790616491635
v -0.4017627018922193 0.6268435416830024 0.28339009739505044
v -0.4017627018922193 0.5048065407930108 0.31044504913731324
vt 0.109375 0.671875
vt 0.09375 0.671875
vt 0.09375 0.65625
vt 0.109375 0.65625
vt 0.34375 0.890625
vt 0.34375 0.90625
vt 0.328125 0.90625
vt 0.328125 0.890625
vt 0 0.984375
vt 0 1
vt 0 0.984375
vt 0 1
vt 0 0.984375
vt 0 0.984375
vt 0 1
vt 0 1
vt 0 1
vt 0 1
vt 0 1
vt 0 1
vt 0 1
vt 0 1
vt 0 1
vt 0 1
vn 0.8660254037844386 -0.10821980696905156 -0.4881480035599669
vn -0.8660254037844386 0.10821980696905156 0.4881480035599669
vn 0 0 0
vn 0 0 0
vn 0 0 0
vn 0 0 0
usemtl m_2f782488-5985-7342-163e-a8a36ac958ed
f 1954/5857/1465 1953/5858/1465 1955/5859/1465 1956/5860/1465
f 1959/5861/1466 1957/5862/1466 1958/5863/1466 1960/5864/1466
f 1953/5865/1467 1954/5866/1467 1957/5867/1467 1958/5868/1467
f 1955/5869/1468 1959/5870/1468 1956/5871/1468 1960/5872/1468
f 1953/5873/1469 1957/5874/1469 1955/5875/1469 1959/5876/1469
f 1954/5877/1470 1956/5878/1470 1958/5879/1470 1960/5880/1470
o cuboid
v -0.49565258784313054 0.580659440982687 0.07506708163215244
v -0.49565258784313054 0.4586224400926953 0.10212203337441526
v -0.4580643629050964 0.6064622070609583 0.1914558379994139
v -0.4580643629050964 0.4844252061709666 0.21851078974167676
v -0.49565258784313054 0.580659440982687 0.07506708163215244
v -0.49565258784313054 0.4586224400926953 0.10212203337441526
v -0.4580643629050964 0.6064622070609583 0.1914558379994139
v -0.4580643629050964 0.4844252061709666 0.21851078974167676
vt 0.1328125 0.671875
vt 0.1171875 0.671875
vt 0.1171875 0.65625
vt 0.1328125 0.65625
vt 0.34375 0.8671875
vt 0.34375 0.8828125
vt 0.328125 0.8828125
vt 0.328125 0.8671875
vt 0 0.984375
vt 0 1
vt 0 0.984375
vt 0 1
vt 0 0.984375
vt 0 0.984375
vt 0 1
vt 0 1
vt 0 1
vt 0 1
vt 0 1
vt 0 1
vt 0 1
vt 0 1
vt 0 1
vt 0 1
vn 0.9537169507482269 -0.06508464715365364 -0.2935778713738293
vn -0.9537169507482269 0.06508464715365364 0.2935778713738293
vn 0 0 0
vn 0 0 0
vn 0 0 0
vn 0 0 0
usemtl m_2f782488-5985-7342-163e-a8a36ac958ed
f 1962/5881/1471 1961/5882/1471 1963/5883/1471 1964/5884/1471
f 1967/5885/1472 1965/5886/1472 1966/5887/1472 1968/5888/1472
f 1961/5889/1473 1962/5890/1473 1965/5891/1473 1966/5892/1473
f 1963/5893/1474 1967/5894/1474 1964/5895/1474 1968/5896/1474
f 1961/5897/1475 1965/5898/1475 1963/5899/1475 1967/5900/1475
f 1962/5901/1476 1964/5902/1476 1966/5903/1476 1968/5904/1476
o cuboid
v -0.5035445829676014 0.5569744783600067 -0.03176888067888954
v -0.5035445829676014 0.43493747747001504 -0.004713928936626713
v -0.4926501151241441 0.583926477842777 0.08980373257873776
v -0.4926501151241441 0.4618894769527853 0.11685868432100059
v -0.5035445829676014 0.5569744783600067 -0.03176888067888954
v -0.5035445829676014 0.43493747747001504 -0.004713928936626713
v -0.4926501151241441 0.583926477842777 0.08980373257873776
v -0.4926501151241441 0.4618894769527853 0.11685868432100059
vt 0.15625 0.671875
vt 0.140625 0.671875
vt 0.140625 0.65625
vt 0.15625 0.65625
vt 0.34375 0.84375
vt 0.34375 0.859375
vt 0.328125 0.859375
vt 0.328125 0.84375
vt 0 0.984375
vt 0 1
vt 0 0.984375
vt 0 1
vt 0 0.984375
vt 0 0.984375
vt 0 1
vt 0 1
vt 0 1
vt 0 1
vt 0 1
vt 0 1
vt 0 1
vt 0 1
vt 0 1
vt 0 1
vn 0.9961946980917454 -0.01886395531279202 -0.08508980364211109
vn -0.9961946980917454 0.01886395531279202 0.08508980364211109
vn 0 0 0
vn 0 0 0
vn 0 0 0
vn 0 0 0
usemtl m_2f782488-5985-7342-163e-a8a36ac958ed
f 1970/5905/1477 1969/5906/1477 1971/5907/1477 1972/5908/1477
f 1975/5909/1478 1973/5910/1478 1974/5911/1478 1976/5912/1478
f 1969/5913/1479 1970/5914/1479 1973/5915/1479 1974/5916/1479
f 1971/5917/1480 1975/5918/1480 1972/5919/1480 1976/5920/1480
f 1969/5921/1481 1973/5922/1481 1971/5923/1481 1975/5924/1481
f 1970/5925/1482 1972/5926/1482 1974/5927/1482 1976/5928/1482
o cuboid
v -0.48756454367315205 0.5334812346787452 -0.13774005473056072
v -0.48756454367315205 0.41144423378875356 -0.1106851029882979
v -0.5038803177006584 0.5603047275583282 -0.016747097300707364
v -0.5038803177006584 0.43826772666833647 0.010307854441555464
v -0.48756454367315205 0.5334812346787452 -0.13774005473056072
v -0.48756454367315205 0.41144423378875356 -0.1106851029882979
v -0.5038803177006584 0.5603047275583282 -0.016747097300707364
v -0.5038803177006584 0.43826772666833647 0.010307854441555464
vt 0.1796875 0.671875
vt 0.1640625 0.671875
vt 0.1640625 0.65625
vt 0.1796875 0.65625
vt 0.34375 0.8203125
vt 0.34375 0.8359375
vt 0.328125 0.8359375
vt 0.328125 0.8203125
vt 0 0.984375
vt 0 1
vt 0 0.984375
vt 0 1
vt 0 0.984375
vt 0 0.984375
vt 0 1
vt 0 1
vt 0 1
vt 0 1
vt 0 1
vt 0 1
vt 0 1
vt 0 1
vt 0 1
vt 0 1
vn 0.9914448613738104 0.028251038652918323 0.1274322002890053
vn -0.9914448613738104 -0.028251038652918323 -0.1274322002890053
vn 0 0 0
vn 0 0 0
vn 0 0 0
vn 0 0 0
usemtl m_2f782488-5985-7342-163e-a8a36ac958ed
f 1978/5929/1483 1977/5930/1483 1979/5931/1483 1980/5932/1483
f 1983/5933/1484 1981/5934/1484 1982/5935/1484 1984/5936/1484
f 1977/5937/1485 1978/5938/1485 1981/5939/1485 1982/5940/1485
f 1979/5941/1486 1983/5942/1486 1980/5943/1486 1984/5944/1486
f 1977/5945/1487 1981/5946/1487 1979/5947/1487 1983/5948/1487
f 1978/5949/1488 1980/5950/1488 1982/5951/1488 1984/5952/1488
o cuboid
v -0.4484700514350999 0.5112934773008032 -0.23782256061243434
v -0.4484700514350999 0.3892564764108115 -0.21076760887017154
v -0.49122256935080844 0.5367168158087264 -0.12314529141326587
v -0.49122256935080844 0.4146798149187348 -0.09609033967100304
v -0.4484700514350999 0.5112934773008032 -0.23782256061243434
v -0.4484700514350999 0.3892564764108115 -0.21076760887017154
v -0.49122256935080844 0.5367168158087264 -0.12314529141326587
v -0.49122256935080844 0.4146798149187348 -0.09609033967100304
vt 0.203125 0.671875
vt 0.1875 0.671875
vt 0.1875 0.65625
vt 0.203125 0.65625
vt 0.34375 0.796875
vt 0.34375 0.8125
vt 0.328125 0.8125
vt 0.328125 0.796875
vt 0 0.984375
vt 0 1
vt 0 0.984375
vt 0 1
vt 0 0.984375
vt 0 0.984375
vt 0 1
vt 0 1
vt 0 1
vt 0 1
vt 0 1
vt 0 1
vt 0 1
vt 0 1
vt 0 1
vt 0 1
vn 0.9396926207859084 0.07402670778046204 0.33391290028343756
vn -0.9396926207859084 -0.07402670778046204 -0.33391290028343756
vn 0 0 0
vn 0 0 0
vn 0 0 0
vn 0 0 0
usemtl m_2f782488-5985-7342-163e-a8a36ac958ed
f 1986/5953/1489 1985/5954/1489 1987/5955/1489 1988/5956/1489
f 1991/5957/1490 1989/5958/1490 1990/5959/1490 1992/5960/1490
f 1985/5961/1491 1986/5962/1491 1989/5963/1491 1990/5964/1491
f 1987/5965/1492 1991/5966/1492 1988/5967/1492 1992/5968/1492
f 1985/5969/1493 1989/5970/1493 1987/5971/1493 1991/5972/1493
f 1986/5973/1494 1988/5974/1494 1990/5975/1494 1992/5976/1494
o cuboid
v -0.38811449738476644 0.4914630831120033 -0.3272716883108247
v -0.38811449738476644 0.3694260822220117 -0.3002167365685619
v -0.4552769484281194 0.5142809979783083 -0.2243467256875462
v -0.4552769484281194 0.3922439970883166 -0.19729177394528336
v -0.38811449738476644 0.4914630831120033 -0.3272716883108247
v -0.38811449738476644 0.3694260822220117 -0.3002167365685619
v -0.4552769484281194 0.5142809979783083 -0.2243467256875462
v -0.4552769484281194 0.3922439970883166 -0.19729177394528336
vt 0.2265625 0.671875
vt 0.2109375 0.671875
vt 0.2109375 0.65625
vt 0.2265625 0.65625
vt 0.34375 0.7734375
vt 0.34375 0.7890625
vt 0.328125 0.7890625
vt 0.328125 0.7734375
vt 0 0.984375
vt 0 1
vt 0 0.984375
vt 0 1
vt 0 0.984375
vt 0 0.984375
vt 0 1
vt 0 1
vt 0 1
vt 0 1
vt 0 1
vt 0 1
vt 0 1
vt 0 1
vt 0 1
vt 0 1
vn 0.8433914458128857 0.11629291979968012 0.5245634622561082
vn -0.8433914458128857 -0.11629291979968012 -0.5245634622561082
vn 0 0 0
vn 0 0 0
vn 0 0 0
vn 0 0 0
usemtl m_2f782488-5985-7342-163e-a8a36ac958ed
f 1994/5977/1495 1993/5978/1495 1995/5979/1495 1996/5980/1495
f 1999/5981/1496 1997/5982/1496 1998/5983/1496 2000/5984/1496
f 1993/5985/1497 1994/5986/1497 1997/5987/1497 1998/5988/1497
f 1995/5989/1498 1999/5990/1498 1996/5991/1498 2000/5992/1498
f 1993/5993/1499 1997/5994/1499 1995/5995/1499 1999/5996/1499
f 1994/5997/1500 1996/5998/1500 1998/5999/1500 2000/6000/1500
o cuboid
v -0.3093592167691146 0.4749301711576661 -0.40184683485354966
v -0.3093592167691146 0.3528931702676744 -0.37479188311128686
v -0.3977475644174331 0.49406091099929494 -0.3155536439685678
v -0.3977475644174331 0.3720239101093033 -0.288498692226305
v -0.3093592167691146 0.4749301711576661 -0.40184683485354966
v -0.3093592167691146 0.3528931702676744 -0.37479188311128686
v -0.3977475644174331 0.49406091099929494 -0.3155536439685678
v -0.3977475644174331 0.3720239101093033 -0.288498692226305
vt 0.25 0.671875
vt 0.234375 0.671875
vt 0.234375 0.65625
vt 0.25 0.65625
vt 0.34375 0.75
vt 0.34375 0.765625
vt 0.328125 0.765625
vt 0.328125 0.75
vt 0 0.984375
vt 0 1
vt 0 0.984375
vt 0 1
vt 0 0.984375
vt 0 0.984375
vt 0 1
vt 0 1
vt 0 1
vt 0 1
vt 0 1
vt 0 1
vt 0 1
vt 0 1
vt 0 1
vt 0 1
vn 0.7071067811865476 0.15304591873303064 0.6903455270798547
vn -0.7071067811865476 -0.15304591873303064 -0.6903455270798547
vn 0 0 0
vn 0 0 0
vn 0 0 0
vn 0 0 0
usemtl m_2f782488-5985-7342-163e-a8a36ac958ed
f 2002/6001/1501 2001/6002/1501 2003/6003/1501 2004/6004/1501
f 2007/6005/1502 2005/6006/1502 2006/6007/1502 2008/6008/1502
f 2001/6009/1503 2002/6010/1503 2005/6011/1503 2006/6012/1503
f 2003/6013/1504 2007/6014/1504 2004/6015/1504 2008/6016/1504
f 2001/6017/1505 2005/6018/1505 2003/6019/1505 2007/6020/1505
f 2002/6021/1506 2004/6022/1506 2006/6023/1506 2008/6024/1506
o cuboid
v -0.21593783881010675 0.4624785334922963 -0.458012542755252
v -0.21593783881010675 0.34044153260230464 -0.4309575910129892
v -0.32136176953671747 0.47701514846725634 -0.3924421099732384
v -0.32136176953671747 0.3549781475772647 -0.3653871582309756
v -0.21593783881010675 0.4624785334922963 -0.458012542755252
v -0.21593783881010675 0.34044153260230464 -0.4309575910129892
v -0.32136176953671747 0.47701514846725634 -0.3924421099732384
v -0.32136176953671747 0.3549781475772647 -0.3653871582309756
vt 0.2734375 0.671875
vt 0.2578125 0.671875
vt 0.2578125 0.65625
vt 0.2734375 0.65625
vt 0.34375 0.7265625
vt 0.34375 0.7421875
vt 0.328125 0.7421875
vt 0.328125 0.7265625
vt 0 0.984375
vt 0 1
vt 0 0.984375
vt 0 1
vt 0 0.984375
vt 0 0.984375
vt 0 1
vt 0 1
vt 0 1
vt 0 1
vt 0 1
vt 0 1
vt 0 1
vt 0 1
vt 0 1
vt 0 1
vn 0.5372996083468242 0.1825433189304391 0.823399700986228
vn -0.5372996083468242 -0.1825433189304391 -0.823399700986228
vn 0 0 0
vn 0 0 0
vn 0 0 0
vn 0 0 0
usemtl m_2f782488-5985-7342-163e-a8a36ac958ed
f 2010/6025/1507 2009/6026/1507 2011/6027/1507 2012/6028/1507
f 2015/6029/1508 2013/6030/1508 2014/6031/1508 2016/6032/1508
f 2009/6033/1509 2010/6034/1509 2013/6035/1509 2014/6036/1509
f 2011/6037/1510 2015/6038/1510 2012/6039/1510 2016/6040/1510
f 2009/6041/1511 2013/6042/1511 2011/6043/1511 2015/6044/1511
f 2010/6045/1512 2012/6046/1512 2014/6047/1512 2016/6048/1512
o cuboid
v -0.11227928286371516 0.45469847717702405 -0.49310610893552015
v -0.11227928286371519 0.33266147628703235 -0.46605115719325735
v -0.2297408604619537 0.4639518156495819 -0.4513669964000904
v -0.2297408604619537 0.3419148147595902 -0.4243120446578276
v -0.11227928286371516 0.45469847717702405 -0.49310610893552015
v -0.11227928286371519 0.33266147628703235 -0.46605115719325735
v -0.2297408604619537 0.4639518156495819 -0.4513669964000904
v -0.2297408604619537 0.3419148147595902 -0.4243120446578276
vt 0.296875 0.671875
vt 0.28125 0.671875
vt 0.28125 0.65625
vt 0.296875 0.65625
vt 0.34375 0.703125
vt 0.34375 0.71875
vt 0.328125 0.71875
vt 0.328125 0.703125
vt 0 0.984375
vt 0 1
vt 0 0.984375
vt 0 1
vt 0 0.984375
vt 0 0.984375
vt 0 1
vt 0 1
vt 0 1
vt 0 1
vt 0 1
vt 0 1
vt 0 1
vt 0 1
vt 0 1
vt 0 1
vn 0.3420201433256688 0.20338670806338582 0.917418153593348
vn -0.3420201433256688 -0.20338670806338582 -0.917418153593348
vn 0 0 0
vn 0 0 0
vn 0 0 0
vn 0 0 0
usemtl m_2f782488-5985-7342-163e-a8a36ac958ed
f 2018/6049/1513 2017/6050/1513 2019/6051/1513 2020/6052/1513
f 2023/6053/1514 2021/6054/1514 2022/6055/1514 2024/6056/1514
f 2017/6057/1515 2018/6058/1515 2021/6059/1515 2022/6060/1515
f 2019/6061/1516 2023/6062/1516 2020/6063/1516 2024/6064/1516
f 2017/6065/1517 2021/6066/1517 2019/6067/1517 2023/6068/1517
f 2018/6069/1518 2020/6070/1518 2022/6071/1518 2024/6072/1518
o cuboid
v -0.003297792274162645 0.4519588390108568 -0.5054638181086076
v -0.003297792274162672 0.3299218381208652 -0.4784088663663448
v -0.12722839994588894 0.45549021884247165 -0.4895347930724819
v -0.12722839994588894 0.33345321795248 -0.4624798413302191
v -0.003297792274162645 0.4519588390108568 -0.5054638181086076
v -0.003297792274162672 0.3299218381208652 -0.4784088663663448
v -0.12722839994588894 0.45549021884247165 -0.4895347930724819
v -0.12722839994588894 0.33345321795248 -0.4624798413302191
vt 0.3203125 0.671875
vt 0.3046875 0.671875
vt 0.3046875 0.65625
vt 0.3203125 0.65625
vt 0.34375 0.6796875
vt 0.34375 0.6953125
vt 0.328125 0.6953125
vt 0.328125 0.6796875
vt 0 0.984375
vt 0 1
vt 0 0.984375
vt 0 1
vt 0 0.984375
vt 0 0.984375
vt 0 1
vt 0 1
vt 0 1
vt 0 1
vt 0 1
vt 0 1
vt 0 1
vt 0 1
vt 0 1
vt 0 1
vn 0.1305261922200516 0.21458794303666323 0.9679436594388271
vn -0.1305261922200516 -0.21458794303666323 -0.9679436594388271
vn 0 0 0
vn 0 0 0
vn 0 0 0
vn 0 0 0
usemtl m_2f782488-5985-7342-163e-a8a36ac958ed
f 2026/6073/1519 2025/6074/1519 2027/6075/1519 2028/6076/1519
f 2031/6077/1520 2029/6078/1520 2030/6079/1520 2032/6080/1520
f 2025/6081/1521 2026/6082/1521 2029/6083/1521 2030/6084/1521
f 2027/6085/1522 2031/6086/1522 2028/6087/1522 2032/6088/1522
f 2025/6089/1523 2029/6090/1523 2027/6091/1523 2031/6092/1523
f 2026/6093/1524 2028/6094/1524 2030/6095/1524 2032/6096/1524
o cuboid
v 0.1058400400045632 0.4543894997209642 -0.49449981617400884
v 0.10584004000456317 0.33235249883097256 -0.46744486443174604
v -0.01868429725690502 0.45203150530686526 -0.5051360416292727
v -0.01868429725690505 0.3299945044168736 -0.4780810898870099
v 0.1058400400045632 0.4543894997209642 -0.49449981617400884
v 0.10584004000456317 0.33235249883097256 -0.46744486443174604
v -0.01868429725690502 0.45203150530686526 -0.5051360416292727
v -0.01868429725690505 0.3299945044168736 -0.4780810898870099
vt 0.34375 0.671875
vt 0.328125 0.671875
vt 0.328125 0.65625
vt 0.34375 0.65625
vt 0.015625 0.6328125
vt 0.015625 0.6484375
vt 0 0.6484375
vt 0 0.6328125
vt 0 0.984375
vt 0 1
vt 0 0.984375
vt 0 1
vt 0 0.984375
vt 0 0.984375
vt 0 1
vt 0 1
vt 0 1
vt 0 1
vt 0 1
vt 0 1
vt 0 1
vt 0 1
vt 0 1
vt 0 1
vn -0.08715574274765812 0.21561599586216218 0.9725809060610188
vn 0.08715574274765812 -0.21561599586216218 -0.9725809060610188
vn 0 0 0
vn 0 0 0
vn 0 0 0
vn 0 0 0
usemtl m_2f782488-5985-7342-163e-a8a36ac958ed
f 2034/6097/1525 2033/6098/1525 2035/6099/1525 2036/6100/1525
f 2039/6101/1526 2037/6102/1526 2038/6103/1526 2040/6104/1526
f 2033/6105/1527 2034/6106/1527 2037/6107/1527 2038/6108/1527
f 2035/6109/1528 2039/6110/1528 2036/6111/1528 2040/6112/1528
f 2033/6113/1529 2037/6114/1529 2035/6115/1529 2039/6116/1529
f 2034/6117/1530 2036/6118/1530 2038/6119/1530 2040/6120/1530
o cuboid
v 0.2099602091739008 0.4618752265790138 -0.460733884379313
v 0.2099602091739008 0.3398382256890221 -0.4336789326370502
v 0.09074559033037245 0.4537396456848071 -0.49743111830104164
v 0.09074559033037242 0.3317026447948155 -0.47037616655877884
v 0.2099602091739008 0.4618752265790138 -0.460733884379313
v 0.2099602091739008 0.3398382256890221 -0.4336789326370502
v 0.09074559033037245 0.4537396456848071 -0.49743111830104164
v 0.09074559033037242 0.3317026447948155 -0.47037616655877884
vt 0.3671875 1
vt 0.3515625 1
vt 0.3515625 0.984375
vt 0.3671875 0.984375
vt 0.0390625 0.6328125
vt 0.0390625 0.6484375
vt 0.0234375 0.6484375
vt 0.0234375 0.6328125
vt 0 0.984375
vt 0 1
vt 0 0.984375
vt 0 1
vt 0 0.984375
vt 0 0.984375
vt 0 1
vt 0 1
vt 0 1
vt 0 1
vt 0 1
vt 0 1
vt 0 1
vt 0 1
vt 0 1
vt 0 1
vn -0.30070579950427323 0.20642212862617076 0.9311100509380921
vn 0.30070579950427323 -0.20642212862617076 -0.9311100509380921
vn 0 0 0
vn 0 0 0
vn 0 0 0
vn 0 0 0
usemtl m_2f782488-5985-7342-163e-a8a36ac958ed
f 2042/6121/1531 2041/6122/1531 2043/6123/1531 2044/6124/1531
f 2047/6125/1532 2045/6126/1532 2046/6127/1532 2048/6128/1532
f 2041/6129/1533 2042/6130/1533 2045/6131/1533 2046/6132/1533
f 2043/6133/1534 2047/6134/1534 2044/6135/1534 2048/6136/1534
f 2041/6137/1535 2045/6138/1535 2043/6139/1535 2047/6140/1535
f 2042/6141/1536 2044/6142/1536 2046/6143/1536 2048/6144/1536
o cuboid
v 0.30412658773652734 0.4740611363527148 -0.40576679753822126
v 0.30412658773652734 0.35202413546272315 -0.37871184579595846
v 0.19587341226347252 0.4605336604815834 -0.46678529798321705
v 0.19587341226347252 0.3384966595915917 -0.43973034624095425
v 0.30412658773652734 0.4740611363527148 -0.40576679753822126
v 0.30412658773652734 0.35202413546272315 -0.37871184579595846
v 0.19587341226347252 0.4605336604815834 -0.46678529798321705
v 0.19587341226347252 0.3384966595915917 -0.43973034624095425
vt 0.3671875 0.9765625
vt 0.3515625 0.9765625
vt 0.3515625 0.9609375
vt 0.3671875 0.9609375
vt 0.0625 0.6328125
vt 0.0625 0.6484375
vt 0.046875 0.6484375
vt 0.046875 0.6328125
vt 0 0.984375
vt 0 1
vt 0 0.984375
vt 0 1
vt 0 0.984375
vt 0 0.984375
vt 0 1
vt 0 1
vt 0 1
vt 0 1
vt 0 1
vt 0 1
vt 0 1
vt 0 1
vt 0 1
vt 0 1
vn -0.4999999999999998 0.18744220405569348 0.8454971437791755
vn 0.4999999999999998 -0.18744220405569348 -0.8454971437791755
vn 0 0 0
vn 0 0 0
vn 0 0 0
vn 0 0 0
usemtl m_2f782488-5985-7342-163e-a8a36ac958ed
f 2050/6145/1537 2049/6146/1537 2051/6147/1537 2052/6148/1537
f 2055/6149/1538 2053/6150/1538 2054/6151/1538 2056/6152/1538
f 2049/6153/1539 2050/6154/1539 2053/6155/1539 2054/6156/1539
f 2051/6157/1540 2055/6158/1540 2052/6159/1540 2056/6160/1540
f 2049/6161/1541 2053/6162/1541 2051/6163/1541 2055/6164/1541
f 2050/6165/1542 2052/6166/1542 2054/6167/1542 2056/6168/1542
o cuboid
v 0.38387493735846284 0.49036951960504144 -0.3322044345209714
v 0.38387493735846284 0.3683325187150498 -0.3051494827787086
v 0.2917152702571974 0.4720914591404544 -0.41465143728903336
v 0.2917152702571974 0.3500544582504628 -0.38759648554677056
v 0.38387493735846284 0.49036951960504144 -0.3322044345209714
v 0.38387493735846284 0.3683325187150498 -0.3051494827787086
v 0.2917152702571974 0.4720914591404544 -0.41465143728903336
v 0.2917152702571974 0.3500544582504628 -0.38759648554677056
vt 0.3671875 0.953125
vt 0.3515625 0.953125
vt 0.3515625 0.9375
vt 0.3671875 0.9375
vt 0.0859375 0.6328125
vt 0.0859375 0.6484375
vt 0.0703125 0.6484375
vt 0.0703125 0.6328125
vt 0 0.984375
vt 0 1
vt 0 0.984375
vt 0 1
vt 0 0.984375
vt 0 0.984375
vt 0 1
vt 0 1
vt 0 1
vt 0 1
vt 0 1
vt 0 1
vt 0 1
vt 0 1
vt 0 1
vt 0 1
vn -0.6755902076156604 0.15957602214449587 0.7198009200677423
vn 0.6755902076156604 -0.15957602214449587 -0.7198009200677423
vn 0 0 0
vn 0 0 0
vn 0 0 0
vn 0 0 0
usemtl m_2f782488-5985-7342-163e-a8a36ac958ed
f 2058/6169/1543 2057/6170/1543 2059/6171/1543 2060/6172/1543
f 2063/6173/1544 2061/6174/1544 2062/6175/1544 2064/6176/1544
f 2057/6177/1545 2058/6178/1545 2061/6179/1545 2062/6180/1545
f 2059/6181/1546 2063/6182/1546 2060/6183/1546 2064/6184/1546
f 2057/6185/1547 2061/6186/1547 2059/6187/1547 2063/6188/1547
f 2058/6189/1548 2060/6190/1548 2062/6191/1548 2064/6192/1548
o cuboid
v 0.4454245494164363 0.5100272287349965 -0.2435342387859677
v 0.4454245494164363 0.3879902278450048 -0.2164792870437049
v 0.3737274948725555 0.4878651097071819 -0.3435010975439019
v 0.3737274948725555 0.36582810881719025 -0.3164461458016391
v 0.4454245494164363 0.5100272287349965 -0.2435342387859677
v 0.4454245494164363 0.3879902278450048 -0.2164792870437049
v 0.3737274948725555 0.4878651097071819 -0.3435010975439019
v 0.3737274948725555 0.36582810881719025 -0.3164461458016391
vt 0.3671875 0.9296875
vt 0.3515625 0.9296875
vt 0.3515625 0.9140625
vt 0.3671875 0.9140625
vt 0.109375 0.6328125
vt 0.109375 0.6484375
vt 0.09375 0.6484375
vt 0.09375 0.6328125
vt 0 0.984375
vt 0 1
vt 0 0.984375
vt 0 1
vt 0 0.984375
vt 0 0.984375
vt 0 1
vt 0 1
vt 0 1
vt 0 1
vt 0 1
vt 0 1
vt 0 1
vt 0 1
vt 0 1
vt 0 1
vn -0.8191520442889918 0.12414466244781329 0.5599803845876069
vn 0.8191520442889918 -0.12414466244781329 -0.5599803845876069
vn 0 0 0
vn 0 0 0
vn 0 0 0
vn 0 0 0
usemtl m_2f782488-5985-7342-163e-a8a36ac958ed
f 2066/6193/1549 2065/6194/1549 2067/6195/1549 2068/6196/1549
f 2071/6197/1550 2069/6198/1550 2070/6199/1550 2072/6200/1550
f 2065/6201/1551 2066/6202/1551 2069/6203/1551 2070/6204/1551
f 2067/6205/1552 2071/6206/1552 2068/6207/1552 2072/6208/1552
f 2065/6209/1553 2069/6210/1553 2067/6211/1553 2071/6212/1553
f 2066/6213/1554 2068/6214/1554 2070/6215/1554 2072/6216/1554
o cuboid
v 0.4858574807784615 0.5321023313480703 -0.14395988570996304
v 0.4858574807784615 0.41006533045807864 -0.1169049339677002
v 0.4380220517328253 0.5071068151803131 -0.25670737304128805
v 0.4380220517328253 0.38506981429032144 -0.2296524212990252
v 0.4858574807784615 0.5321023313480703 -0.14395988570996304
v 0.4858574807784615 0.41006533045807864 -0.1169049339677002
v 0.4380220517328253 0.5071068151803131 -0.25670737304128805
v 0.4380220517328253 0.38506981429032144 -0.2296524212990252
vt 0.3671875 0.90625
vt 0.3515625 0.90625
vt 0.3515625 0.890625
vt 0.3671875 0.890625
vt 0.1328125 0.6328125
vt 0.1328125 0.6484375
vt 0.1171875 0.6484375
vt 0.1171875 0.6328125
vt 0 0.984375
vt 0 1
vt 0 0.984375
vt 0 1
vt 0 0.984375
vt 0 0.984375
vt 0 1
vt 0 1
vt 0 1
vt 0 1
vt 0 1
vt 0 1
vt 0 1
vt 0 1
vt 0 1
vt 0 1
vn -0.9238795325112867 0.08282785436160828 0.3736123070089883
vn 0.9238795325112867 -0.08282785436160828 -0.3736123070089883
vn 0 0 0
vn 0 0 0
vn 0 0 0
vn 0 0 0
usemtl m_2f782488-5985-7342-163e-a8a36ac958ed
f 2074/6217/1555 2073/6218/1555 2075/6219/1555 2076/6220/1555
f 2079/6221/1556 2077/6222/1556 2078/6223/1556 2080/6224/1556
f 2073/6225/1557 2074/6226/1557 2077/6227/1557 2078/6228/1557
f 2075/6229/1558 2079/6230/1558 2076/6231/1558 2080/6232/1558
f 2073/6233/1559 2077/6234/1559 2075/6235/1559 2079/6236/1559
f 2074/6237/1560 2076/6238/1560 2078/6239/1560 2080/6240/1560
o cuboid
v 0.5032568876102872 0.5555482912939288 -0.038201994805659056
v 0.5032568876102872 0.4335112904039371 -0.011147043063396228
v 0.48155086540192094 0.5289043650607772 -0.15838497943648056
v 0.48155086540192094 0.40686736417078556 -0.13133002769421775
v 0.5032568876102872 0.5555482912939288 -0.038201994805659056
v 0.5032568876102872 0.4335112904039371 -0.011147043063396228
v 0.48155086540192094 0.5289043650607772 -0.15838497943648056
v 0.48155086540192094 0.40686736417078556 -0.13133002769421775
vt 0.3671875 0.8828125
vt 0.3515625 0.8828125
vt 0.3515625 0.8671875
vt 0.3671875 0.8671875
vt 0.15625 0.6328125
vt 0.15625 0.6484375
vt 0.140625 0.6484375
vt 0.140625 0.6328125
vt 0 0.984375
vt 0 1
vt 0 0.984375
vt 0 1
vt 0 0.984375
vt 0 0.984375
vt 0 1
vt 0 1
vt 0 1
vt 0 1
vt 0 1
vt 0 1
vt 0 1
vt 0 1
vt 0 1
vt 0 1
vn -0.9848077530122082 0.03758434453528568 0.16953202249987687
vn 0.9848077530122082 -0.03758434453528568 -0.16953202249987687
vn 0 0 0
vn 0 0 0
vn 0 0 0
vn 0 0 0
usemtl m_2f782488-5985-7342-163e-a8a36ac958ed
f 2082/6241/1561 2081/6242/1561 2083/6243/1561 2084/6244/1561
f 2087/6245/1562 2085/6246/1562 2086/6247/1562 2088/6248/1562
f 2081/6249/1563 2082/6250/1563 2085/6251/1563 2086/6252/1563
f 2083/6253/1564 2087/6254/1564 2084/6255/1564 2088/6256/1564
f 2081/6257/1565 2085/6258/1565 2083/6259/1565 2087/6260/1565
f 2082/6261/1566 2084/6262/1566 2086/6263/1566 2088/6264/1566
o cuboid
v 0.5 0.5474910245738642 0.07454597631612739
v 0.5 0.4254540236838726 0.0474910245738645
v 0.5 0.5745459763161271 -0.047491024573864275
v 0.5 0.4525089754261355 -0.07454597631612717
v 0.5 0.5474910245738642 0.07454597631612739
v 0.5 0.4254540236838726 0.0474910245738645
v 0.5 0.5745459763161271 -0.047491024573864275
v 0.5 0.4525089754261355 -0.07454597631612717
vt 0.2734375 1
vt 0.2578125 1
vt 0.2578125 0.984375
vt 0.2734375 0.984375
vt 0.0390625 0.7265625
vt 0.0390625 0.7421875
vt 0.0234375 0.7421875
vt 0.0234375 0.7265625
vt 0 0.984375
vt 0 1
vt 0 0.984375
vt 0 1
vt 0 0.984375
vt 0 0.984375
vt 0 1
vt 0 1
vt 0 1
vt 0 1
vt 0 1
vt 0 1
vt 0 1
vt 0 1
vt 0 1
vt 0 1
vn -1 2.701038534920437e-16 -2.167812611908312e-16
vn 1 -2.701038534920437e-16 2.167812611908312e-16
vn 0 0 0
vn 0 0 0
vn 0 0 0
vn 0 0 0
usemtl m_2f782488-5985-7342-163e-a8a36ac958ed
f 2090/6265/1567 2089/6266/1567 2091/6267/1567 2092/6268/1567
f 2095/6269/1568 2093/6270/1568 2094/6271/1568 2096/6272/1568
f 2089/6273/1569 2090/6274/1569 2093/6275/1569 2094/6276/1569
f 2091/6277/1570 2095/6278/1570 2092/6279/1570 2096/6280/1570
f 2089/6281/1571 2093/6282/1571 2091/6283/1571 2095/6284/1571
f 2090/6285/1572 2092/6286/1572 2094/6287/1572 2096/6288/1572
o cuboid
v 0.47462052768883517 0.5243886265247613 0.17875415965120167
v 0.47462052768883517 0.40235162563476967 0.15169920790893882
v 0.501675479431098 0.550802267883555 0.059609922961411085
v 0.501675479431098 0.4287652669935634 0.0325549712191482
v 0.47462052768883517 0.5243886265247613 0.17875415965120167
v 0.47462052768883517 0.40235162563476967 0.15169920790893882
v 0.501675479431098 0.550802267883555 0.059609922961411085
v 0.501675479431098 0.4287652669935634 0.0325549712191482
vt 0.2734375 0.9765625
vt 0.2578125 0.9765625
vt 0.2578125 0.9609375
vt 0.2734375 0.9609375
vt 0.0625 0.7265625
vt 0.0625 0.7421875
vt 0.046875 0.7421875
vt 0.046875 0.7265625
vt 0 0.984375
vt 0 1
vt 0 0.984375
vt 0 1
vt 0 0.984375
vt 0 0.984375
vt 0 1
vt 0 1
vt 0 1
vt 0 1
vt 0 1
vt 0 1
vt 0 1
vt 0 1
vt 0 1
vt 0 1
vn -0.9762960071199334 0.04684610648167533 -0.21130913087034994
vn 0.9762960071199334 -0.04684610648167533 0.21130913087034994
vn 0 0 0
vn 0 0 0
vn 0 0 0
vn 0 0 0
usemtl m_2f782488-5985-7342-163e-a8a36ac958ed
f 2098/6289/1573 2097/6290/1573 2099/6291/1573 2100/6292/1573
f 2103/6293/1574 2101/6294/1574 2102/6295/1574 2104/6296/1574
f 2097/6297/1575 2098/6298/1575 2101/6299/1575 2102/6300/1575
f 2099/6301/1576 2103/6302/1576 2100/6303/1576 2104/6304/1576
f 2097/6305/1577 2101/6306/1577 2099/6307/1577 2103/6308/1577
f 2098/6309/1578 2100/6310/1578 2102/6311/1578 2104/6312/1578
o cuboid
v 0.4267402521595313 0.5030227770168644 0.27512927871443627
v 0.4267402521595313 0.3809857761268727 0.24807432697217335
v 0.47956753487711873 0.527542890458778 0.16452619450123818
v 0.47956753487711873 0.4055058895687863 0.13747124275897532
v 0.4267402521595313 0.5030227770168644 0.27512927871443627
v 0.4267402521595313 0.3809857761268727 0.24807432697217335
v 0.47956753487711873 0.527542890458778 0.16452619450123818
v 0.47956753487711873 0.4055058895687863 0.13747124275897532
vt 0.2734375 0.953125
vt 0.2578125 0.953125
vt 0.2578125 0.9375
vt 0.2734375 0.9375
vt 0.0859375 0.7265625
vt 0.0859375 0.7421875
vt 0.0703125 0.7421875
vt 0.0703125 0.7265625
vt 0 0.984375
vt 0 1
vt 0 0.984375
vt 0 1
vt 0 0.984375
vt 0 0.984375
vt 0 1
vt 0 1
vt 0 1
vt 0 1
vt 0 1
vt 0 1
vt 0 1
vt 0 1
vt 0 1
vt 0 1
vn -0.9063077870366502 0.09147133341434936 -0.41260052147341164
vn 0.9063077870366502 -0.09147133341434936 0.41260052147341164
vn 0 0 0
vn 0 0 0
vn 0 0 0
vn 0 0 0
usemtl m_2f782488-5985-7342-163e-a8a36ac958ed
f 2106/6313/1579 2105/6314/1579 2107/6315/1579 2108/6316/1579
f 2111/6317/1580 2109/6318/1580 2110/6319/1580 2112/6320/1580
f 2105/6321/1581 2106/6322/1581 2109/6323/1581 2110/6324/1581
f 2107/6325/1582 2111/6326/1582 2108/6327/1582 2112/6328/1582
f 2105/6329/1583 2109/6330/1583 2107/6331/1583 2111/6332/1583
f 2106/6333/1584 2108/6334/1584 2110/6335/1584 2112/6336/1584
o cuboid
v 0.35862908083257256 0.48440638793939683 0.35910238323365046
v 0.35862908083257256 0.36236938704940513 0.33204743149138755
v 0.4347242594586626 0.5058705242755392 0.26228392093845115
v 0.4347242594586626 0.38383352338554755 0.23522896919618824
v 0.35862908083257256 0.48440638793939683 0.35910238323365046
v 0.35862908083257256 0.36236938704940513 0.33204743149138755
v 0.4347242594586626 0.5058705242755392 0.26228392093845115
v 0.4347242594586626 0.38383352338554755 0.23522896919618824
vt 0.2734375 0.9296875
vt 0.2578125 0.9296875
vt 0.2578125 0.9140625
vt 0.2734375 0.9140625
vt 0.109375 0.7265625
vt 0.109375 0.7421875
vt 0.09375 0.7421875
vt 0.09375 0.7265625
vt 0 0.984375
vt 0 1
vt 0 0.984375
vt 0 1
vt 0 0.984375
vt 0 0.984375
vt 0 1
vt 0 1
vt 0 1
vt 0 1
vt 0 1
vt 0 1
vt 0 1
vt 0 1
vt 0 1
vt 0 1
vn -0.793353340291235 0.1317600886750556 -0.5943313524298387
vn 0.793353340291235 -0.1317600886750556 0.5943313524298387
vn 0 0 0
vn 0 0 0
vn 0 0 0
vn 0 0 0
usemtl m_2f782488-5985-7342-163e-a8a36ac958ed
f 2114/6337/1585 2113/6338/1585 2115/6339/1585 2116/6340/1585
f 2119/6341/1586 2117/6342/1586 2118/6343/1586 2120/6344/1586
f 2113/6345/1587 2114/6346/1587 2117/6347/1587 2118/6348/1587
f 2115/6349/1588 2119/6350/1588 2116/6351/1588 2120/6352/1588
f 2113/6353/1589 2117/6354/1589 2115/6355/1589 2119/6356/1589
f 2114/6357/1590 2116/6358/1590 2118/6359/1590 2120/6360/1590
o cuboid
v 0.27351602714833356 0.46942202480064843 0.42669247746556294
v 0.27351602714833356 0.3473850239106568 0.3996375257233
v 0.3692715825382058 0.48681261256124225 0.3482486053701711
v 0.3692715825382058 0.3647756116712506 0.3211936536279082
v 0.27351602714833356 0.46942202480064843 0.42669247746556294
v 0.27351602714833356 0.3473850239106568 0.3996375257233
v 0.3692715825382058 0.48681261256124225 0.3482486053701711
v 0.3692715825382058 0.3647756116712506 0.3211936536279082
vt 0.2734375 0.90625
vt 0.2578125 0.90625
vt 0.2578125 0.890625
vt 0.2734375 0.890625
vt 0.1328125 0.7265625
vt 0.1328125 0.7421875
vt 0.1171875 0.7421875
vt 0.1171875 0.7265625
vt 0 0.984375
vt 0 1
vt 0 0.984375
vt 0 1
vt 0 0.984375
vt 0 0.984375
vt 0 1
vt 0 1
vt 0 1
vt 0 1
vt 0 1
vt 0 1
vt 0 1
vt 0 1
vt 0 1
vt 0 1
vn -0.6427876096865393 0.16580236352810093 -0.7478861310934711
vn 0.6427876096865393 -0.16580236352810093 0.7478861310934711
vn 0 0 0
vn 0 0 0
vn 0 0 0
vn 0 0 0
usemtl m_2f782488-5985-7342-163e-a8a36ac958ed
f 2122/6361/1591 2121/6362/1591 2123/6363/1591 2124/6364/1591
f 2127/6365/1592 2125/6366/1592 2126/6367/1592 2128/6368/1592
f 2121/6369/1593 2122/6370/1593 2125/6371/1593 2126/6372/1593
f 2123/6373/1594 2127/6374/1594 2124/6375/1594 2128/6376/1594
f 2121/6377/1595 2125/6378/1595 2123/6379/1595 2127/6380/1595
f 2122/6381/1596 2124/6382/1596 2126/6383/1596 2128/6384/1596
o cuboid
v 0.17543612954387808 0.4587800660749257 0.4746952511853011
v 0.17543612954387808 0.3367430651849341 0.4476402994430382
v 0.2863124836911558 0.47127265252305633 0.41834483526098487
v 0.2863124836911558 0.3492356516330647 0.39128988351872196
v 0.17543612954387808 0.4587800660749257 0.4746952511853011
v 0.17543612954387808 0.3367430651849341 0.4476402994430382
v 0.2863124836911558 0.47127265252305633 0.41834483526098487
v 0.2863124836911558 0.3492356516330647 0.39128988351872196
vt 0.2734375 0.8828125
vt 0.2578125 0.8828125
vt 0.2578125 0.8671875
vt 0.2734375 0.8671875
vt 0.15625 0.7265625
vt 0.15625 0.7421875
vt 0.140625 0.7421875
vt 0.140625 0.7265625
vt 0 0.984375
vt 0 1
vt 0 0.984375
vt 0 1
vt 0 0.984375
vt 0 0.984375
vt 0 1
vt 0 1
vt 0 1
vt 0 1
vt 0 1
vt 0 1
vt 0 1
vt 0 1
vt 0 1
vt 0 1
vn -0.46174861323503386 0.19198428229200956 -0.865985134704023
vn 0.46174861323503386 -0.19198428229200956 0.865985134704023
vn 0 0 0
vn 0 0 0
vn 0 0 0
vn 0 0 0
usemtl m_2f782488-5985-7342-163e-a8a36ac958ed
f 2130/6385/1597 2129/6386/1597 2131/6387/1597 2132/6388/1597
f 2135/6389/1598 2133/6390/1598 2134/6391/1598 2136/6392/1598
f 2129/6393/1599 2130/6394/1599 2133/6395/1599 2134/6396/1599
f 2131/6397/1600 2135/6398/1600 2132/6399/1600 2136/6400/1600
f 2129/6401/1601 2133/6402/1601 2131/6403/1601 2135/6404/1601
f 2130/6405/1602 2132/6406/1602 2134/6407/1602 2136/6408/1602
o cuboid
v 0.0690391584081936 0.4529850255899576 0.5008349895799128
v 0.06903915840819357 0.330948024699966 0.47378003783764994
v 0.1897798866943271 0.45998736236518484 0.4692494895423897
v 0.1897798866943271 0.3379503614751932 0.4421945378001268
v 0.0690391584081936 0.4529850255899576 0.5008349895799128
v 0.06903915840819357 0.330948024699966 0.47378003783764994
v 0.1897798866943271 0.45998736236518484 0.4692494895423897
v 0.1897798866943271 0.3379503614751932 0.4421945378001268
vt 0.2734375 0.859375
vt 0.2578125 0.859375
vt 0.2578125 0.84375
vt 0.2734375 0.84375
vt 0.1796875 0.7265625
vt 0.1796875 0.7421875
vt 0.1640625 0.7421875
vt 0.1640625 0.7265625
vt 0 0.984375
vt 0 1
vt 0 0.984375
vt 0 1
vt 0 0.984375
vt 0 0.984375
vt 0 1
vt 0 1
vt 0 1
vt 0 1
vt 0 1
vt 0 1
vt 0 1
vt 0 1
vt 0 1
vt 0 1
vn -0.25881904510252063 0.2090646129348492 -0.9430295273800396
vn 0.25881904510252063 -0.2090646129348492 0.9430295273800396
vn 0 0 0
vn 0 0 0
vn 0 0 0
vn 0 0 0
usemtl m_2f782488-5985-7342-163e-a8a36ac958ed
f 2138/6409/1603 2137/6410/1603 2139/6411/1603 2140/6412/1603
f 2143/6413/1604 2141/6414/1604 2142/6415/1604 2144/6416/1604
f 2137/6417/1605 2138/6418/1605 2141/6419/1605 2142/6420/1605
f 2139/6421/1606 2143/6422/1606 2140/6423/1606 2144/6424/1606
f 2137/6425/1607 2141/6426/1607 2139/6427/1607 2143/6428/1607
f 2138/6429/1608 2140/6430/1608 2142/6431/1608 2144/6432/1608
o cuboid
v -0.04063082016619812 0.45231163454253487 0.5038724603038126
v -0.04063082016619815 0.33027463365254317 0.47681750856154975
v 0.0842502075315341 0.4534917549627311 0.4985492810890883
v 0.08425020753153407 0.3314547540727394 0.4714943293468254
v -0.04063082016619812 0.45231163454253487 0.5038724603038126
v -0.04063082016619815 0.33027463365254317 0.47681750856154975
v 0.0842502075315341 0.4534917549627311 0.4985492810890883
v 0.08425020753153407 0.3314547540727394 0.4714943293468254
vt 0.2734375 0.8359375
vt 0.2578125 0.8359375
vt 0.2578125 0.8203125
vt 0.2734375 0.8203125
vt 0.203125 0.7265625
vt 0.203125 0.7421875
vt 0.1875 0.7421875
vt 0.1875 0.7265625
vt 0 0.984375
vt 0 1
vt 0 0.984375
vt 0 1
vt 0 0.984375
vt 0 0.984375
vt 0 1
vt 0 1
vt 0 1
vt 0 1
vt 0 1
vt 0 1
vt 0 1
vt 0 1
vt 0 1
vt 0 1
vn -0.04361938736533595 0.2162336113847258 -0.9753667896506383
vn 0.04361938736533595 -0.2162336113847258 0.9753667896506383
vn 0 0 0
vn 0 0 0
vn 0 0 0
vn 0 0 0
usemtl m_2f782488-5985-7342-163e-a8a36ac958ed
f 2146/6433/1609 2145/6434/1609 2147/6435/1609 2148/6436/1609
f 2151/6437/1610 2149/6438/1610 2150/6439/1610 2152/6440/1610
f 2145/6441/1611 2146/6442/1611 2149/6443/1611 2150/6444/1611
f 2147/6445/1612 2151/6446/1612 2148/6447/1612 2152/6448/1612
f 2145/6449/1613 2149/6450/1613 2147/6451/1613 2151/6452/1613
f 2146/6453/1614 2148/6454/1614 2150/6455/1614 2152/6456/1614
o cuboid
v -0.1483745733967282 0.45679181704584465 0.4836636629881752
v -0.1483745733967282 0.334754816155853 0.4566087112459123
v -0.025273604270202178 0.45209377397893397 0.5048551658006598
v -0.025273604270202206 0.3300567730889423 0.4778002140583969
v -0.1483745733967282 0.45679181704584465 0.4836636629881752
v -0.1483745733967282 0.334754816155853 0.4566087112459123
v -0.025273604270202178 0.45209377397893397 0.5048551658006598
v -0.025273604270202206 0.3300567730889423 0.4778002140583969
vt 0.2734375 0.8125
vt 0.2578125 0.8125
vt 0.2578125 0.796875
vt 0.2734375 0.796875
vt 0.2265625 0.7265625
vt 0.2265625 0.7421875
vt 0.2109375 0.7421875
vt 0.2109375 0.7265625
vt 0 0.984375
vt 0 1
vt 0 0.984375
vt 0 1
vt 0 0.984375
vt 0 0.984375
vt 0 1
vt 0 1
vt 0 1
vt 0 1
vt 0 1
vt 0 1
vt 0 1
vt 0 1
vt 0 1
vt 0 1
vn 0.1736481776669304 0.21315140986521308 -0.9614638770465723
vn -0.1736481776669304 -0.21315140986521308 0.9614638770465723
vn 0 0 0
vn 0 0 0
vn 0 0 0
vn 0 0 0
usemtl m_2f782488-5985-7342-163e-a8a36ac958ed
f 2154/6457/1615 2153/6458/1615 2155/6459/1615 2156/6460/1615
f 2159/6461/1616 2157/6462/1616 2158/6463/1616 2160/6464/1616
f 2153/6465/1617 2154/6466/1617 2157/6467/1617 2158/6468/1617
f 2155/6469/1618 2159/6470/1618 2156/6471/1618 2160/6472/1618
f 2153/6473/1619 2157/6474/1619 2155/6475/1619 2159/6476/1619
f 2154/6477/1620 2156/6478/1620 2158/6479/1620 2160/6480/1620
o cuboid
v -0.2490841869645003 0.46621317667156736 0.4411666560083696
v -0.2490841869645003 0.3441761757815757 0.41411170426610666
v -0.13359924540058948 0.45585969487636635 0.48786819438449314
v -0.13359924540058948 0.33382269398637465 0.4608132426422302
v -0.2490841869645003 0.46621317667156736 0.4411666560083696
v -0.2490841869645003 0.3441761757815757 0.41411170426610666
v -0.13359924540058948 0.45585969487636635 0.48786819438449314
v -0.13359924540058948 0.33382269398637465 0.4608132426422302
vt 0.2734375 0.7890625
vt 0.2578125 0.7890625
vt 0.2578125 0.7734375
vt 0.2734375 0.7734375
vt 0.25 0.7265625
vt 0.25 0.7421875
vt 0.234375 0.7421875
vt 0.234375 0.7265625
vt 0 0.984375
vt 0 1
vt 0 0.984375
vt 0 1
vt 0 0.984375
vt 0 0.984375
vt 0 1
vt 0 1
vt 0 1
vt 0 1
vt 0 1
vt 0 1
vt 0 1
vt 0 1
vt 0 1
vt 0 1
vn 0.38268343236508984 0.199964129342058 -0.9019798986506
vn -0.38268343236508984 -0.199964129342058 0.9019798986506
vn 0 0 0
vn 0 0 0
vn 0 0 0
vn 0 0 0
usemtl m_2f782488-5985-7342-163e-a8a36ac958ed
f 2162/6481/1621 2161/6482/1621 2163/6483/1621 2164/6484/1621
f 2167/6485/1622 2165/6486/1622 2166/6487/1622 2168/6488/1622
f 2161/6489/1623 2162/6490/1623 2165/6491/1623 2166/6492/1623
f 2163/6493/1624 2167/6494/1624 2164/6495/1624 2168/6496/1624
f 2161/6497/1625 2165/6498/1625 2163/6499/1625 2167/6500/1625
f 2162/6501/1626 2164/6502/1626 2166/6503/1626 2168/6504/1626
o cuboid
v -0.337985220943585 0.4801290657367256 0.37839613686614276
v -0.337985220943585 0.35809206484673395 0.35134118512387985
v -0.23559121540746103 0.46461098293074893 0.4483936849395936
v -0.23559121540746103 0.3425739820407573 0.4213387331973307
v -0.337985220943585 0.4801290657367256 0.37839613686614276
v -0.337985220943585 0.35809206484673395 0.35134118512387985
v -0.23559121540746103 0.46461098293074893 0.4483936849395936
v -0.23559121540746103 0.3425739820407573 0.4213387331973307
vt 0.2734375 0.765625
vt 0.2578125 0.765625
vt 0.2578125 0.75
vt 0.2734375 0.75
vt 0.2734375 0.7265625
vt 0.2734375 0.7421875
vt 0.2578125 0.7421875
vt 0.2578125 0.7265625
vt 0 0.984375
vt 0 1
vt 0 0.984375
vt 0 1
vt 0 0.984375
vt 0 0.984375
vt 0 1
vt 0 1
vt 0 1
vt 0 1
vt 0 1
vt 0 1
vt 0 1
vt 0 1
vt 0 1
vt 0 1
vn 0.573576436351046 0.17729695222251718 -0.7997348700634734
vn -0.573576436351046 -0.17729695222251718 0.7997348700634734
vn 0 0 0
vn 0 0 0
vn 0 0 0
vn 0 0 0
usemtl m_2f782488-5985-7342-163e-a8a36ac958ed
f 2170/6505/1627 2169/6506/1627 2171/6507/1627 2172/6508/1627
f 2175/6509/1628 2173/6510/1628 2174/6511/1628 2176/6512/1628
f 2169/6513/1629 2170/6514/1629 2173/6515/1629 2174/6516/1629
f 2171/6517/1630 2175/6518/1630 2172/6519/1630 2176/6520/1630
f 2169/6521/1631 2173/6522/1631 2171/6523/1631 2175/6524/1631
f 2170/6525/1632 2172/6526/1632 2174/6527/1632 2176/6528/1632
o cuboid
v -0.41086305638104076 0.49787975997067874 0.2983279294391455
v -0.41086305638104076 0.3758427590806871 0.2712729776968826
v -0.3264142804290832 0.4779327572026167 0.38830304444761327
v -0.3264142804290832 0.35589575631262504 0.36124809270535035
v -0.41086305638104076 0.49787975997067874 0.2983279294391455
v -0.41086305638104076 0.3758427590806871 0.2712729776968826
v -0.3264142804290832 0.4779327572026167 0.38830304444761327
v -0.3264142804290832 0.35589575631262504 0.36124809270535035
vt 0.015625 0.71875
vt 0 0.71875
vt 0 0.703125
vt 0.015625 0.703125
vt 0.296875 0.984375
vt 0.296875 1
vt 0.28125 1
vt 0.28125 0.984375
vt 0 0.984375
vt 0 1
vt 0 0.984375
vt 0 1
vt 0 0.984375
vt 0 0.984375
vt 0 1
vt 0 1
vt 0 1
vt 0 1
vt 0 1
vt 0 1
vt 0 1
vt 0 1
vt 0 1
vt 0 1
vn 0.7372773368101241 0.14622448371669627 -0.659576022144496
vn -0.7372773368101241 -0.14622448371669627 0.659576022144496
vn 0 0 0
vn 0 0 0
vn 0 0 0
vn 0 0 0
usemtl m_2f782488-5985-7342-163e-a8a36ac958ed
f 2178/6529/1633 2177/6530/1633 2179/6531/1633 2180/6532/1633
f 2183/6533/1634 2181/6534/1634 2182/6535/1634 2184/6536/1634
f 2177/6537/1635 2178/6538/1635 2181/6539/1635 2182/6540/1635
f 2179/6541/1636 2183/6542/1636 2180/6543/1636 2184/6544/1636
f 2177/6545/1637 2181/6546/1637 2179/6547/1637 2183/6548/1637
f 2178/6549/1638 2180/6550/1638 2182/6551/1638 2184/6552/1638
o cuboid
v -0.4642627018922193 0.518623734713951 0.20475790616491635
v -0.4642627018922193 0.39658673382395937 0.1777029544226535
v -0.4017627018922193 0.49519345920698926 0.3104450491373133
v -0.4017627018922193 0.3731564583169976 0.2833900973950504
v -0.4642627018922193 0.518623734713951 0.20475790616491635
v -0.4642627018922193 0.39658673382395937 0.1777029544226535
v -0.4017627018922193 0.49519345920698926 0.3104450491373133
v -0.4017627018922193 0.3731564583169976 0.2833900973950504
vt 0.0390625 0.71875
vt 0.0234375 0.71875
vt 0.0234375 0.703125
vt 0.0390625 0.703125
vt 0.296875 0.9609375
vt 0.296875 0.9765625
vt 0.28125 0.9765625
vt 0.28125 0.9609375
vt 0 0.984375
vt 0 1
vt 0 0.984375
vt 0 1
vt 0 0.984375
vt 0 0.984375
vt 0 1
vt 0 1
vt 0 1
vt 0 1
vt 0 1
vt 0 1
vt 0 1
vt 0 1
vt 0 1
vt 0 1
vn 0.8660254037844386 0.10821980696905141 -0.4881480035599669
vn -0.8660254037844386 -0.10821980696905141 0.4881480035599669
vn 0 0 0
vn 0 0 0
vn 0 0 0
vn 0 0 0
usemtl m_2f782488-5985-7342-163e-a8a36ac958ed
f 2186/6553/1639 2185/6554/1639 2187/6555/1639 2188/6556/1639
f 2191/6557/1640 2189/6558/1640 2190/6559/1640 2192/6560/1640
f 2185/6561/1641 2186/6562/1641 2189/6563/1641 2190/6564/1641
f 2187/6565/1642 2191/6566/1642 2188/6567/1642 2192/6568/1642
f 2185/6569/1643 2189/6570/1643 2187/6571/1643 2191/6572/1643
f 2186/6573/1644 2188/6574/1644 2190/6575/1644 2192/6576/1644
o cuboid
v -0.49565258784313054 0.5413775599073049 0.10212203337441529
v -0.49565258784313054 0.4193405590173132 0.07506708163215241
v -0.4580643629050964 0.5155747938290335 0.21851078974167676
v -0.4580643629050964 0.3935377929390418 0.1914558379994139
v -0.49565258784313054 0.5413775599073049 0.10212203337441529
v -0.49565258784313054 0.4193405590173132 0.07506708163215241
v -0.4580643629050964 0.5155747938290335 0.21851078974167676
v -0.4580643629050964 0.3935377929390418 0.1914558379994139
vt 0.0625 0.71875
vt 0.046875 0.71875
vt 0.046875 0.703125
vt 0.0625 0.703125
vt 0.296875 0.9375
vt 0.296875 0.953125
vt 0.28125 0.953125
vt 0.28125 0.9375
vt 0 0.984375
vt 0 1
vt 0 0.984375
vt 0 1
vt 0 0.984375
vt 0 0.984375
vt 0 1
vt 0 1
vt 0 1
vt 0 1
vt 0 1
vt 0 1
vt 0 1
vt 0 1
vt 0 1
vt 0 1
vn 0.9537169507482269 0.06508464715365332 -0.29357787137382924
vn -0.9537169507482269 -0.06508464715365332 0.29357787137382924
vn 0 0 0
vn 0 0 0
vn 0 0 0
vn 0 0 0
usemtl m_2f782488-5985-7342-163e-a8a36ac958ed
f 2194/6577/1645 2193/6578/1645 2195/6579/1645 2196/6580/1645
f 2199/6581/1646 2197/6582/1646 2198/6583/1646 2200/6584/1646
f 2193/6585/1647 2194/6586/1647 2197/6587/1647 2198/6588/1647
f 2195/6589/1648 2199/6590/1648 2196/6591/1648 2200/6592/1648
f 2193/6593/1649 2197/6594/1649 2195/6595/1649 2199/6596/1649
f 2194/6597/1650 2196/6598/1650 2198/6599/1650 2200/6600/1650
o cuboid
v -0.5035445829676014 0.5650625225299852 -0.004713928936626685
v -0.5035445829676014 0.44302552163999354 -0.03176888067888957
v -0.4926501151241441 0.5381105230472149 0.11685868432100062
v -0.4926501151241441 0.4160735221572232 0.08980373257873774
v -0.5035445829676014 0.5650625225299852 -0.004713928936626685
v -0.5035445829676014 0.44302552163999354 -0.03176888067888957
v -0.4926501151241441 0.5381105230472149 0.11685868432100062
v -0.4926501151241441 0.4160735221572232 0.08980373257873774
vt 0.0859375 0.71875
vt 0.0703125 0.71875
vt 0.0703125 0.703125
vt 0.0859375 0.703125
vt 0.296875 0.9140625
vt 0.296875 0.9296875
vt 0.28125 0.9296875
vt 0.28125 0.9140625
vt 0 0.984375
vt 0 1
vt 0 0.984375
vt 0 1
vt 0 0.984375
vt 0 0.984375
vt 0 1
vt 0 1
vt 0 1
vt 0 1
vt 0 1
vt 0 1
vt 0 1
vt 0 1
vt 0 1
vt 0 1
vn 0.9961946980917454 0.01886395531279161 -0.08508980364211108
vn -0.9961946980917454 -0.01886395531279161 0.08508980364211108
vn 0 0 0
vn 0 0 0
vn 0 0 0
vn 0 0 0
usemtl m_2f782488-5985-7342-163e-a8a36ac958ed
f 2202/6601/1651 2201/6602/1651 2203/6603/1651 2204/6604/1651
f 2207/6605/1652 2205/6606/1652 2206/6607/1652 2208/6608/1652
f 2201/6609/1653 2202/6610/1653 2205/6611/1653 2206/6612/1653
f 2203/6613/1654 2207/6614/1654 2204/6615/1654 2208/6616/1654
f 2201/6617/1655 2205/6618/1655 2203/6619/1655 2207/6620/1655
f 2202/6621/1656 2204/6622/1656 2206/6623/1656 2208/6624/1656
o cuboid
v -0.487564543673152 0.5885557662112467 -0.11068510298829787
v -0.487564543673152 0.466518765321255 -0.13774005473056075
v -0.5038803177006584 0.5617322733316638 0.010307854441555492
v -0.5038803177006584 0.4396952724416721 -0.016747097300707392
v -0.487564543673152 0.5885557662112467 -0.11068510298829787
v -0.487564543673152 0.466518765321255 -0.13774005473056075
v -0.5038803177006584 0.5617322733316638 0.010307854441555492
v -0.5038803177006584 0.4396952724416721 -0.016747097300707392
vt 0.109375 0.71875
vt 0.09375 0.71875
vt 0.09375 0.703125
vt 0.109375 0.703125
vt 0.296875 0.890625
vt 0.296875 0.90625
vt 0.28125 0.90625
vt 0.28125 0.890625
vt 0 0.984375
vt 0 1
vt 0 0.984375
vt 0 1
vt 0 0.984375
vt 0 0.984375
vt 0 1
vt 0 1
vt 0 1
vt 0 1
vt 0 1
vt 0 1
vt 0 1
vt 0 1
vt 0 1
vt 0 1
vn 0.9914448613738105 -0.028251038652918822 0.12743220028900526
vn -0.9914448613738105 0.028251038652918822 -0.12743220028900526
vn 0 0 0
vn 0 0 0
vn 0 0 0
vn 0 0 0
usemtl m_2f782488-5985-7342-163e-a8a36ac958ed
f 2210/6625/1657 2209/6626/1657 2211/6627/1657 2212/6628/1657
f 2215/6629/1658 2213/6630/1658 2214/6631/1658 2216/6632/1658
f 2209/6633/1659 2210/6634/1659 2213/6635/1659 2214/6636/1659
f 2211/6637/1660 2215/6638/1660 2212/6639/1660 2216/6640/1660
f 2209/6641/1661 2213/6642/1661 2211/6643/1661 2215/6644/1661
f 2210/6645/1662 2212/6646/1662 2214/6647/1662 2216/6648/1662
o cuboid
v -0.4484700514350999 0.6107435235891887 -0.21076760887017149
v -0.4484700514350999 0.4887065226991971 -0.2378225606124344
v -0.49122256935080844 0.5853201850812655 -0.09609033967100301
v -0.49122256935080844 0.4632831841912738 -0.1231452914132659
v -0.4484700514350999 0.6107435235891887 -0.21076760887017149
v -0.4484700514350999 0.4887065226991971 -0.2378225606124344
v -0.49122256935080844 0.5853201850812655 -0.09609033967100301
v -0.49122256935080844 0.4632831841912738 -0.1231452914132659
vt 0.1328125 0.71875
vt 0.1171875 0.71875
vt 0.1171875 0.703125
vt 0.1328125 0.703125
vt 0.296875 0.8671875
vt 0.296875 0.8828125
vt 0.28125 0.8828125
vt 0.28125 0.8671875
vt 0 0.984375
vt 0 1
vt 0 0.984375
vt 0 1
vt 0 0.984375
vt 0 0.984375
vt 0 1
vt 0 1
vt 0 1
vt 0 1
vt 0 1
vt 0 1
vt 0 1
vt 0 1
vt 0 1
vt 0 1
vn 0.9396926207859084 -0.07402670778046258 0.3339129002834375
vn -0.9396926207859084 0.07402670778046258 -0.3339129002834375
vn 0 0 0
vn 0 0 0
vn 0 0 0
vn 0 0 0
usemtl m_2f782488-5985-7342-163e-a8a36ac958ed
f 2218/6649/1663 2217/6650/1663 2219/6651/1663 2220/6652/1663
f 2223/6653/1664 2221/6654/1664 2222/6655/1664 2224/6656/1664
f 2217/6657/1665 2218/6658/1665 2221/6659/1665 2222/6660/1665
f 2219/6661/1666 2223/6662/1666 2220/6663/1666 2224/6664/1666
f 2217/6665/1667 2221/6666/1667 2219/6667/1667 2223/6668/1667
f 2218/6669/1668 2220/6670/1668 2222/6671/1668 2224/6672/1668
o cuboid
v -0.38811449738476644 0.6305739177779887 -0.30021673656856185
v -0.38811449738476644 0.508536916887997 -0.32727168831082476
v -0.4552769484281194 0.6077560029116837 -0.19729177394528336
v -0.4552769484281194 0.48571900202169205 -0.2243467256875462
v -0.38811449738476644 0.6305739177779887 -0.30021673656856185
v -0.38811449738476644 0.508536916887997 -0.32727168831082476
v -0.4552769484281194 0.6077560029116837 -0.19729177394528336
v -0.4552769484281194 0.48571900202169205 -0.2243467256875462
vt 0.15625 0.71875
vt 0.140625 0.71875
vt 0.140625 0.703125
vt 0.15625 0.703125
vt 0.296875 0.84375
vt 0.296875 0.859375
vt 0.28125 0.859375
vt 0.28125 0.84375
vt 0 0.984375
vt 0 1
vt 0 0.984375
vt 0 1
vt 0 0.984375
vt 0 0.984375
vt 0 1
vt 0 1
vt 0 1
vt 0 1
vt 0 1
vt 0 1
vt 0 1
vt 0 1
vt 0 1
vt 0 1
vn 0.8433914458128858 -0.11629291979968073 0.5245634622561082
vn -0.8433914458128858 0.11629291979968073 -0.5245634622561082
vn 0 0 0
vn 0 0 0
vn 0 0 0
vn 0 0 0
usemtl m_2f782488-5985-7342-163e-a8a36ac958ed
f 2226/6673/1669 2225/6674/1669 2227/6675/1669 2228/6676/1669
f 2231/6677/1670 2229/6678/1670 2230/6679/1670 2232/6680/1670
f 2225/6681/1671 2226/6682/1671 2229/6683/1671 2230/6684/1671
f 2227/6685/1672 2231/6686/1672 2228/6687/1672 2232/6688/1672
f 2225/6689/1673 2229/6690/1673 2227/6691/1673 2231/6692/1673
f 2226/6693/1674 2228/6694/1674 2230/6695/1674 2232/6696/1674
o cuboid
v -0.3093592167691146 0.6471068297323259 -0.3747918831112868
v -0.3093592167691146 0.5250698288423342 -0.4018468348535497
v -0.3977475644174331 0.627976089890697 -0.2884986922263049
v -0.3977475644174331 0.5059390890007054 -0.31555364396856783
v -0.3093592167691146 0.6471068297323259 -0.3747918831112868
v -0.3093592167691146 0.5250698288423342 -0.4018468348535497
v -0.3977475644174331 0.627976089890697 -0.2884986922263049
v -0.3977475644174331 0.5059390890007054 -0.31555364396856783
vt 0.1796875 0.71875
vt 0.1640625 0.71875
vt 0.1640625 0.703125
vt 0.1796875 0.703125
vt 0.296875 0.8203125
vt 0.296875 0.8359375
vt 0.28125 0.8359375
vt 0.28125 0.8203125
vt 0 0.984375
vt 0 1
vt 0 0.984375
vt 0 1
vt 0 0.984375
vt 0 0.984375
vt 0 1
vt 0 1
vt 0 1
vt 0 1
vt 0 1
vt 0 1
vt 0 1
vt 0 1
vt 0 1
vt 0 1
vn 0.7071067811865476 -0.1530459187330312 0.6903455270798546
vn -0.7071067811865476 0.1530459187330312 -0.6903455270798546
vn 0 0 0
vn 0 0 0
vn 0 0 0
vn 0 0 0
usemtl m_2f782488-5985-7342-163e-a8a36ac958ed
f 2234/6697/1675 2233/6698/1675 2235/6699/1675 2236/6700/1675
f 2239/6701/1676 2237/6702/1676 2238/6703/1676 2240/6704/1676
f 2233/6705/1677 2234/6706/1677 2237/6707/1677 2238/6708/1677
f 2235/6709/1678 2239/6710/1678 2236/6711/1678 2240/6712/1678
f 2233/6713/1679 2237/6714/1679 2235/6715/1679 2239/6716/1679
f 2234/6717/1680 2236/6718/1680 2238/6719/1680 2240/6720/1680
o cuboid
v -0.21593783881010675 0.6595584673976956 -0.43095759101298914
v -0.21593783881010675 0.537521466507704 -0.45801254275525205
v -0.32136176953671747 0.6450218524227356 -0.36538715823097556
v -0.32136176953671747 0.522984851532744 -0.3924421099732385
v -0.21593783881010675 0.6595584673976956 -0.43095759101298914
v -0.21593783881010675 0.537521466507704 -0.45801254275525205
v -0.32136176953671747 0.6450218524227356 -0.36538715823097556
v -0.32136176953671747 0.522984851532744 -0.3924421099732385
vt 0.203125 0.71875
vt 0.1875 0.71875
vt 0.1875 0.703125
vt 0.203125 0.703125
vt 0.296875 0.796875
vt 0.296875 0.8125
vt 0.28125 0.8125
vt 0.28125 0.796875
vt 0 0.984375
vt 0 1
vt 0 0.984375
vt 0 1
vt 0 0.984375
vt 0 0.984375
vt 0 1
vt 0 1
vt 0 1
vt 0 1
vt 0 1
vt 0 1
vt 0 1
vt 0 1
vt 0 1
vt 0 1
vn 0.5372996083468241 -0.18254331893043965 0.8233997009862278
vn -0.5372996083468241 0.18254331893043965 -0.8233997009862278
vn 0 0 0
vn 0 0 0
vn 0 0 0
vn 0 0 0
usemtl m_2f782488-5985-7342-163e-a8a36ac958ed
f 2242/6721/1681 2241/6722/1681 2243/6723/1681 2244/6724/1681
f 2247/6725/1682 2245/6726/1682 2246/6727/1682 2248/6728/1682
f 2241/6729/1683 2242/6730/1683 2245/6731/1683 2246/6732/1683
f 2243/6733/1684 2247/6734/1684 2244/6735/1684 2248/6736/1684
f 2241/6737/1685 2245/6738/1685 2243/6739/1685 2247/6740/1685
f 2242/6741/1686 2244/6742/1686 2246/6743/1686 2248/6744/1686
o cuboid
v -0.11227928286371511 0.6673385237129679 -0.4660511571932573
v -0.11227928286371514 0.5453015228229763 -0.4931061089355202
v -0.22974086046195363 0.6580851852404102 -0.42431204465782757
v -0.22974086046195363 0.5360481843504185 -0.4513669964000905
v -0.11227928286371511 0.6673385237129679 -0.4660511571932573
v -0.11227928286371514 0.5453015228229763 -0.4931061089355202
v -0.22974086046195363 0.6580851852404102 -0.42431204465782757
v -0.22974086046195363 0.5360481843504185 -0.4513669964000905
vt 0.2265625 0.71875
vt 0.2109375 0.71875
vt 0.2109375 0.703125
vt 0.2265625 0.703125
vt 0.296875 0.7734375
vt 0.296875 0.7890625
vt 0.28125 0.7890625
vt 0.28125 0.7734375
vt 0 0.984375
vt 0 1
vt 0 0.984375
vt 0 1
vt 0 0.984375
vt 0 0.984375
vt 0 1
vt 0 1
vt 0 1
vt 0 1
vt 0 1
vt 0 1
vt 0 1
vt 0 1
vt 0 1
vt 0 1
vn 0.3420201433256688 -0.20338670806338638 0.917418153593348
vn -0.3420201433256688 0.20338670806338638 -0.917418153593348
vn 0 0 0
vn 0 0 0
vn 0 0 0
vn 0 0 0
usemtl m_2f782488-5985-7342-163e-a8a36ac958ed
f 2250/6745/1687 2249/6746/1687 2251/6747/1687 2252/6748/1687
f 2255/6749/1688 2253/6750/1688 2254/6751/1688 2256/6752/1688
f 2249/6753/1689 2250/6754/1689 2253/6755/1689 2254/6756/1689
f 2251/6757/1690 2255/6758/1690 2252/6759/1690 2256/6760/1690
f 2249/6761/1691 2253/6762/1691 2251/6763/1691 2255/6764/1691
f 2250/6765/1692 2252/6766/1692 2254/6767/1692 2256/6768/1692
o cuboid
v -0.0032977922741625897 0.670078161879135 -0.4784088663663447
v -0.0032977922741626166 0.5480411609891433 -0.5054638181086076
v -0.1272283999458889 0.6665467820475203 -0.462479841330219
v -0.1272283999458889 0.5445097811575286 -0.48953479307248193
v -0.0032977922741625897 0.670078161879135 -0.4784088663663447
v -0.0032977922741626166 0.5480411609891433 -0.5054638181086076
v -0.1272283999458889 0.6665467820475203 -0.462479841330219
v -0.1272283999458889 0.5445097811575286 -0.48953479307248193
vt 0.25 0.71875
vt 0.234375 0.71875
vt 0.234375 0.703125
vt 0.25 0.703125
vt 0.296875 0.75
vt 0.296875 0.765625
vt 0.28125 0.765625
vt 0.28125 0.75
vt 0 0.984375
vt 0 1
vt 0 0.984375
vt 0 1
vt 0 0.984375
vt 0 0.984375
vt 0 1
vt 0 1
vt 0 1
vt 0 1
vt 0 1
vt 0 1
vt 0 1
vt 0 1
vt 0 1
vt 0 1
vn 0.13052619222005152 -0.21458794303666368 0.9679436594388269
vn -0.13052619222005152 0.21458794303666368 -0.9679436594388269
vn 0 0 0
vn 0 0 0
vn 0 0 0
vn 0 0 0
usemtl m_2f782488-5985-7342-163e-a8a36ac958ed
f 2258/6769/1693 2257/6770/1693 2259/6771/1693 2260/6772/1693
f 2263/6773/1694 2261/6774/1694 2262/6775/1694 2264/6776/1694
f 2257/6777/1695 2258/6778/1695 2261/6779/1695 2262/6780/1695
f 2259/6781/1696 2263/6782/1696 2260/6783/1696 2264/6784/1696
f 2257/6785/1697 2261/6786/1697 2259/6787/1697 2263/6788/1697
f 2258/6789/1698 2260/6790/1698 2262/6791/1698 2264/6792/1698
o cuboid
v 0.10584004000456325 0.6676475011690276 -0.467444864431746
v 0.10584004000456322 0.5456105002790359 -0.4944998161740089
v -0.01868429725690498 0.6700054955831266 -0.47808108988700987
v -0.018684297256905007 0.5479684946931349 -0.5051360416292727
v 0.10584004000456325 0.6676475011690276 -0.467444864431746
v 0.10584004000456322 0.5456105002790359 -0.4944998161740089
v -0.01868429725690498 0.6700054955831266 -0.47808108988700987
v -0.018684297256905007 0.5479684946931349 -0.5051360416292727
vt 0.2734375 0.71875
vt 0.2578125 0.71875
vt 0.2578125 0.703125
vt 0.2734375 0.703125
vt 0.296875 0.7265625
vt 0.296875 0.7421875
vt 0.28125 0.7421875
vt 0.28125 0.7265625
vt 0 0.984375
vt 0 1
vt 0 0.984375
vt 0 1
vt 0 0.984375
vt 0 0.984375
vt 0 1
vt 0 1
vt 0 1
vt 0 1
vt 0 1
vt 0 1
vt 0 1
vt 0 1
vt 0 1
vt 0 1
vn -0.08715574274765824 -0.21561599586216257 0.9725809060610188
vn 0.08715574274765824 0.21561599586216257 -0.9725809060610188
vn 0 0 0
vn 0 0 0
vn 0 0 0
vn 0 0 0
usemtl m_2f782488-5985-7342-163e-a8a36ac958ed
f 2266/6793/1699 2265/6794/1699 2267/6795/1699 2268/6796/1699
f 2271/6797/1700 2269/6798/1700 2270/6799/1700 2272/6800/1700
f 2265/6801/1701 2266/6802/1701 2269/6803/1701 2270/6804/1701
f 2267/6805/1702 2271/6806/1702 2268/6807/1702 2272/6808/1702
f 2265/6809/1703 2269/6810/1703 2267/6811/1703 2271/6812/1703
f 2266/6813/1704 2268/6814/1704 2270/6815/1704 2272/6816/1704
o cuboid
v 0.20996020917390085 0.660161774310978 -0.43367893263705015
v 0.20996020917390085 0.5381247734209863 -0.46073388437931306
v 0.09074559033037251 0.6682973552051847 -0.4703761665587788
v 0.09074559033037248 0.546260354315193 -0.4974311183010417
v 0.20996020917390085 0.660161774310978 -0.43367893263705015
v 0.20996020917390085 0.5381247734209863 -0.46073388437931306
v 0.09074559033037251 0.6682973552051847 -0.4703761665587788
v 0.09074559033037248 0.546260354315193 -0.4974311183010417
vt 0.296875 0.71875
vt 0.28125 0.71875
vt 0.28125 0.703125
vt 0.296875 0.703125
vt 0.015625 0.6796875
vt 0.015625 0.6953125
vt 0 0.6953125
vt 0 0.6796875
vt 0 0.984375
vt 0 1
vt 0 0.984375
vt 0 1
vt 0 0.984375
vt 0 0.984375
vt 0 1
vt 0 1
vt 0 1
vt 0 1
vt 0 1
vt 0 1
vt 0 1
vt 0 1
vt 0 1
vt 0 1
vn -0.30070579950427334 -0.20642212862617104 0.9311100509380921
vn 0.30070579950427334 0.20642212862617104 -0.9311100509380921
vn 0 0 0
vn 0 0 0
vn 0 0 0
vn 0 0 0
usemtl m_2f782488-5985-7342-163e-a8a36ac958ed
f 2274/6817/1705 2273/6818/1705 2275/6819/1705 2276/6820/1705
f 2279/6821/1706 2277/6822/1706 2278/6823/1706 2280/6824/1706
f 2273/6825/1707 2274/6826/1707 2277/6827/1707 2278/6828/1707
f 2275/6829/1708 2279/6830/1708 2276/6831/1708 2280/6832/1708
f 2273/6833/1709 2277/6834/1709 2275/6835/1709 2279/6836/1709
f 2274/6837/1710 2276/6838/1710 2278/6839/1710 2280/6840/1710
o cuboid
v 0.30412658773652745 0.647975864537277 -0.3787118457959584
v 0.30412658773652745 0.5259388636472853 -0.4057667975382213
v 0.19587341226347257 0.6615033404084084 -0.4397303462409542
v 0.19587341226347257 0.5394663395184167 -0.4667852979832171
v 0.30412658773652745 0.647975864537277 -0.3787118457959584
v 0.30412658773652745 0.5259388636472853 -0.4057667975382213
v 0.19587341226347257 0.6615033404084084 -0.4397303462409542
v 0.19587341226347257 0.5394663395184167 -0.4667852979832171
vt 0.3203125 1
vt 0.3046875 1
vt 0.3046875 0.984375
vt 0.3203125 0.984375
vt 0.0390625 0.6796875
vt 0.0390625 0.6953125
vt 0.0234375 0.6953125
vt 0.0234375 0.6796875
vt 0 0.984375
vt 0 1
vt 0 0.984375
vt 0 1
vt 0 0.984375
vt 0 0.984375
vt 0 1
vt 0 1
vt 0 1
vt 0 1
vt 0 1
vt 0 1
vt 0 1
vt 0 1
vt 0 1
vt 0 1
vn -0.49999999999999994 -0.18744220405569365 0.8454971437791755
vn 0.49999999999999994 0.18744220405569365 -0.8454971437791755
vn 0 0 0
vn 0 0 0
vn 0 0 0
vn 0 0 0
usemtl m_2f782488-5985-7342-163e-a8a36ac958ed
f 2282/6841/1711 2281/6842/1711 2283/6843/1711 2284/6844/1711
f 2287/6845/1712 2285/6846/1712 2286/6847/1712 2288/6848/1712
f 2281/6849/1713 2282/6850/1713 2285/6851/1713 2286/6852/1713
f 2283/6853/1714 2287/6854/1714 2284/6855/1714 2288/6856/1714
f 2281/6857/1715 2285/6858/1715 2283/6859/1715 2287/6860/1715
f 2282/6861/1716 2284/6862/1716 2286/6863/1716 2288/6864/1716
o cuboid
v 0.38387493735846284 0.6316674812849502 -0.30514948277870857
v 0.38387493735846284 0.5096304803949585 -0.3322044345209715
v 0.2917152702571974 0.6499455417495372 -0.3875964855467705
v 0.2917152702571974 0.5279085408595456 -0.4146514372890334
v 0.38387493735846284 0.6316674812849502 -0.30514948277870857
v 0.38387493735846284 0.5096304803949585 -0.3322044345209715
v 0.2917152702571974 0.6499455417495372 -0.3875964855467705
v 0.2917152702571974 0.5279085408595456 -0.4146514372890334
vt 0.3203125 0.9765625
vt 0.3046875 0.9765625
vt 0.3046875 0.9609375
vt 0.3203125 0.9609375
vt 0.0625 0.6796875
vt 0.0625 0.6953125
vt 0.046875 0.6953125
vt 0.046875 0.6796875
vt 0 0.984375
vt 0 1
vt 0 0.984375
vt 0 1
vt 0 0.984375
vt 0 0.984375
vt 0 1
vt 0 1
vt 0 1
vt 0 1
vt 0 1
vt 0 1
vt 0 1
vt 0 1
vt 0 1
vt 0 1
vn -0.6755902076156605 -0.1595760221444959 0.7198009200677422
vn 0.6755902076156605 0.1595760221444959 -0.7198009200677422
vn 0 0 0
vn 0 0 0
vn 0 0 0
vn 0 0 0
usemtl m_2f782488-5985-7342-163e-a8a36ac958ed
f 2290/6865/1717 2289/6866/1717 2291/6867/1717 2292/6868/1717
f 2295/6869/1718 2293/6870/1718 2294/6871/1718 2296/6872/1718
f 2289/6873/1719 2290/6874/1719 2293/6875/1719 2294/6876/1719
f 2291/6877/1720 2295/6878/1720 2292/6879/1720 2296/6880/1720
f 2289/6881/1721 2293/6882/1721 2291/6883/1721 2295/6884/1721
f 2290/6885/1722 2292/6886/1722 2294/6887/1722 2296/6888/1722
o cuboid
v 0.4454245494164363 0.6120097721549951 -0.21647928704370484
v 0.4454245494164363 0.48997277126500344 -0.24353423878596775
v 0.3737274948725555 0.6341718911828098 -0.31644614580163904
v 0.3737274948725555 0.5121348902928181 -0.34350109754390196
v 0.4454245494164363 0.6120097721549951 -0.21647928704370484
v 0.4454245494164363 0.48997277126500344 -0.24353423878596775
v 0.3737274948725555 0.6341718911828098 -0.31644614580163904
v 0.3737274948725555 0.5121348902928181 -0.34350109754390196
vt 0.3203125 0.953125
vt 0.3046875 0.953125
vt 0.3046875 0.9375
vt 0.3203125 0.9375
vt 0.0859375 0.6796875
vt 0.0859375 0.6953125
vt 0.0703125 0.6953125
vt 0.0703125 0.6796875
vt 0 0.984375
vt 0 1
vt 0 0.984375
vt 0 1
vt 0 0.984375
vt 0 0.984375
vt 0 1
vt 0 1
vt 0 1
vt 0 1
vt 0 1
vt 0 1
vt 0 1
vt 0 1
vt 0 1
vt 0 1
vn -0.8191520442889919 -0.12414466244781322 0.5599803845876069
vn 0.8191520442889919 0.12414466244781322 -0.5599803845876069
vn 0 0 0
vn 0 0 0
vn 0 0 0
vn 0 0 0
usemtl m_2f782488-5985-7342-163e-a8a36ac958ed
f 2298/6889/1723 2297/6890/1723 2299/6891/1723 2300/6892/1723
f 2303/6893/1724 2301/6894/1724 2302/6895/1724 2304/6896/1724
f 2297/6897/1725 2298/6898/1725 2301/6899/1725 2302/6900/1725
f 2299/6901/1726 2303/6902/1726 2300/6903/1726 2304/6904/1726
f 2297/6905/1727 2301/6906/1727 2299/6907/1727 2303/6908/1727
f 2298/6909/1728 2300/6910/1728 2302/6911/1728 2304/6912/1728
o cuboid
v 0.4858574807784615 0.5899346695419212 -0.11690493396770017
v 0.4858574807784615 0.46789766865192955 -0.14395988570996304
v 0.4380220517328253 0.6149301857096785 -0.2296524212990252
v 0.4380220517328253 0.4928931848196868 -0.25670737304128805
v 0.4858574807784615 0.5899346695419212 -0.11690493396770017
v 0.4858574807784615 0.46789766865192955 -0.14395988570996304
v 0.4380220517328253 0.6149301857096785 -0.2296524212990252
v 0.4380220517328253 0.4928931848196868 -0.25670737304128805
vt 0.3203125 0.9296875
vt 0.3046875 0.9296875
vt 0.3046875 0.9140625
vt 0.3203125 0.9140625
vt 0.109375 0.6796875
vt 0.109375 0.6953125
vt 0.09375 0.6953125
vt 0.09375 0.6796875
vt 0 0.984375
vt 0 1
vt 0 0.984375
vt 0 1
vt 0 0.984375
vt 0 0.984375
vt 0 1
vt 0 1
vt 0 1
vt 0 1
vt 0 1
vt 0 1
vt 0 1
vt 0 1
vt 0 1
vt 0 1
vn -0.9238795325112867 -0.08282785436160801 0.37361230700898823
vn 0.9238795325112867 0.08282785436160801 -0.37361230700898823
vn 0 0 0
vn 0 0 0
vn 0 0 0
vn 0 0 0
usemtl m_2f782488-5985-7342-163e-a8a36ac958ed
f 2306/6913/1729 2305/6914/1729 2307/6915/1729 2308/6916/1729
f 2311/6917/1730 2309/6918/1730 2310/6919/1730 2312/6920/1730
f 2305/6921/1731 2306/6922/1731 2309/6923/1731 2310/6924/1731
f 2307/6925/1732 2311/6926/1732 2308/6927/1732 2312/6928/1732
f 2305/6929/1733 2309/6930/1733 2307/6931/1733 2311/6932/1733
f 2306/6933/1734 2308/6934/1734 2310/6935/1734 2312/6936/1734
o cuboid
v 0.5032568876102872 0.5664887095960627 -0.0111470430633962
v 0.5032568876102872 0.444451708706071 -0.038201994805659084
v 0.48155086540192094 0.5931326358292143 -0.1313300276942177
v 0.48155086540192094 0.47109563493922263 -0.1583849794364806
v 0.5032568876102872 0.5664887095960627 -0.0111470430633962
v 0.5032568876102872 0.444451708706071 -0.038201994805659084
v 0.48155086540192094 0.5931326358292143 -0.1313300276942177
v 0.48155086540192094 0.47109563493922263 -0.1583849794364806
vt 0.3203125 0.90625
vt 0.3046875 0.90625
vt 0.3046875 0.890625
vt 0.3203125 0.890625
vt 0.1328125 0.6796875
vt 0.1328125 0.6953125
vt 0.1171875 0.6953125
vt 0.1171875 0.6796875
vt 0 0.984375
vt 0 1
vt 0 0.984375
vt 0 1
vt 0 0.984375
vt 0 0.984375
vt 0 1
vt 0 1
vt 0 1
vt 0 1
vt 0 1
vt 0 1
vt 0 1
vt 0 1
vt 0 1
vt 0 1
vn -0.9848077530122082 -0.037584344535285315 0.16953202249987684
vn 0.9848077530122082 0.037584344535285315 -0.16953202249987684
vn 0 0 0
vn 0 0 0
vn 0 0 0
vn 0 0 0
usemtl m_2f782488-5985-7342-163e-a8a36ac958ed
f 2314/6937/1735 2313/6938/1735 2315/6939/1735 2316/6940/1735
f 2319/6941/1736 2317/6942/1736 2318/6943/1736 2320/6944/1736
f 2313/6945/1737 2314/6946/1737 2317/6947/1737 2318/6948/1737
f 2315/6949/1738 2319/6950/1738 2316/6951/1738 2320/6952/1738
f 2313/6953/1739 2317/6954/1739 2315/6955/1739 2319/6956/1739
f 2314/6957/1740 2316/6958/1740 2318/6959/1740 2320/6960/1740
o cuboid
v 0.5 0.5862931908849818 0.01913073984162897
v 0.5 0.48086926015837106 0.08629319088498194
v 0.5 0.5191307398416288 -0.08629319088498176
v 0.5 0.4137068091150181 -0.01913073984162879
v 0.5 0.5862931908849818 0.01913073984162897
v 0.5 0.48086926015837106 0.08629319088498194
v 0.5 0.5191307398416288 -0.08629319088498176
v 0.5 0.4137068091150181 -0.01913073984162879
vt 0.3671875 0.578125
vt 0.3515625 0.578125
vt 0.3515625 0.5625
vt 0.3671875 0.5625
vt 0.4375 0.6328125
vt 0.4375 0.6484375
vt 0.421875 0.6484375
vt 0.421875 0.6328125
vt 0 0.984375
vt 0 1
vt 0 0.984375
vt 0 1
vt 0 0.984375
vt 0 0.984375
vt 0 1
vt 0 1
vt 0 1
vt 0 1
vt 0 1
vt 0 1
vt 0 1
vt 0 1
vt 0 1
vt 0 1
vn -1 1.0274012566328679e-16 -1.8727052038267314e-16
vn 1 -1.0274012566328679e-16 1.8727052038267314e-16
vn 0 0 0
vn 0 0 0
vn 0 0 0
vn 0 0 0
usemtl m_2f782488-5985-7342-163e-a8a36ac958ed
f 2322/6961/1741 2321/6962/1741 2323/6963/1741 2324/6964/1741
f 2327/6965/1742 2325/6966/1742 2326/6967/1742 2328/6968/1742
f 2321/6969/1743 2322/6970/1743 2325/6971/1743 2326/6972/1743
f 2323/6973/1744 2327/6974/1744 2324/6975/1744 2328/6976/1744
f 2321/6977/1745 2325/6978/1745 2323/6979/1745 2327/6980/1745
f 2322/6981/1746 2324/6982/1746 2326/6983/1746 2328/6984/1746
o cuboid
v 0.47462052768883517 0.6436436416541522 0.10915291525518254
v 0.47462052768883517 0.5382197109275415 0.1763153662985355
v 0.501675479431098 0.5780732088721388 0.006227952631904066
v 0.501675479431098 0.47264927814552804 0.07339040367525704
v 0.47462052768883517 0.6436436416541522 0.10915291525518254
v 0.47462052768883517 0.5382197109275415 0.1763153662985355
v 0.501675479431098 0.5780732088721388 0.006227952631904066
v 0.501675479431098 0.47264927814552804 0.07339040367525704
vt 0.390625 0.578125
vt 0.375 0.578125
vt 0.375 0.5625
vt 0.390625 0.5625
vt 0.4375 0.609375
vt 0.4375 0.625
vt 0.421875 0.625
vt 0.421875 0.609375
vt 0 0.984375
vt 0 1
vt 0 0.984375
vt 0 1
vt 0 0.984375
vt 0 0.984375
vt 0 1
vt 0 1
vt 0 1
vt 0 1
vt 0 1
vt 0 1
vt 0 1
vt 0 1
vt 0 1
vt 0 1
vn -0.9762960071199334 -0.1162929197996803 -0.1825433189304396
vn 0.9762960071199334 0.1162929197996803 0.1825433189304396
vn 0 0 0
vn 0 0 0
vn 0 0 0
vn 0 0 0
usemtl m_2f782488-5985-7342-163e-a8a36ac958ed
f 2330/6985/1747 2329/6986/1747 2331/6987/1747 2332/6988/1747
f 2335/6989/1748 2333/6990/1748 2334/6991/1748 2336/6992/1748
f 2329/6993/1749 2330/6994/1749 2333/6995/1749 2334/6996/1749
f 2331/6997/1750 2335/6998/1750 2332/6999/1750 2336/7000/1750
f 2329/7001/1751 2333/7002/1751 2331/7003/1751 2335/7004/1751
f 2330/7005/1752 2332/7006/1752 2334/7007/1752 2336/7008/1752
o cuboid
v 0.4267402521595313 0.6966832048085811 0.1924083525553018
v 0.4267402521595313 0.5912592740819704 0.2595708035986548
v 0.47956753487711873 0.6358133524315226 0.09686182319776217
v 0.47956753487711873 0.5303894217049119 0.16402427424111515
v 0.4267402521595313 0.6966832048085811 0.1924083525553018
v 0.4267402521595313 0.5912592740819704 0.2595708035986548
v 0.47956753487711873 0.6358133524315226 0.09686182319776217
v 0.47956753487711873 0.5303894217049119 0.16402427424111515
vt 0.4140625 0.578125
vt 0.3984375 0.578125
vt 0.3984375 0.5625
vt 0.4140625 0.5625
vt 0.4375 0.5859375
vt 0.4375 0.6015625
vt 0.421875 0.6015625
vt 0.421875 0.5859375
vt 0 0.984375
vt 0 1
vt 0 0.984375
vt 0 1
vt 0 0.984375
vt 0 0.984375
vt 0 1
vt 0 1
vt 0 1
vt 0 1
vt 0 1
vt 0 1
vt 0 1
vt 0 1
vt 0 1
vt 0 1
vn -0.9063077870366503 -0.22707262651349297 -0.356432626796417
vn 0.9063077870366503 0.22707262651349297 0.356432626796417
vn 0 0 0
vn 0 0 0
vn 0 0 0
vn 0 0 0
usemtl m_2f782488-5985-7342-163e-a8a36ac958ed
f 2338/7009/1753 2337/7010/1753 2339/7011/1753 2340/7012/1753
f 2343/7013/1754 2341/7014/1754 2342/7015/1754 2344/7016/1754
f 2337/7017/1755 2338/7018/1755 2341/7019/1755 2342/7020/1755
f 2339/7021/1756 2343/7022/1756 2340/7023/1756 2344/7024/1756
f 2337/7025/1757 2341/7026/1757 2339/7027/1757 2343/7028/1757
f 2338/7029/1758 2340/7030/1758 2342/7031/1758 2344/7032/1758
o cuboid
v 0.3586290808325726 0.7428973814935198 0.26495007915600943
v 0.3586290808325726 0.6374734507669091 0.3321125301993624
v 0.43472425945866267 0.6896138266161291 0.18131165156742102
v 0.43472425945866267 0.5841898958895184 0.24847410261077396
v 0.3586290808325726 0.7428973814935198 0.26495007915600943
v 0.3586290808325726 0.6374734507669091 0.3321125301993624
v 0.43472425945866267 0.6896138266161291 0.18131165156742102
v 0.43472425945866267 0.5841898958895184 0.24847410261077396
vt 0.4375 0.578125
vt 0.421875 0.578125
vt 0.421875 0.5625
vt 0.4375 0.5625
vt 0.015625 0.5390625
vt 0.015625 0.5546875
vt 0 0.5546875
vt 0 0.5390625
vt 0 0.984375
vt 0 1
vt 0 0.984375
vt 0 1
vt 0 0.984375
vt 0 0.984375
vt 0 1
vt 0 1
vt 0 1
vt 0 1
vt 0 1
vt 0 1
vt 0 1
vt 0 1
vt 0 1
vt 0 1
vn -0.7933533402912354 -0.3270872773830382 -0.5134241817667834
vn 0.7933533402912354 0.3270872773830382 0.5134241817667834
vn 0 0 0
vn 0 0 0
vn 0 0 0
vn 0 0 0
usemtl m_2f782488-5985-7342-163e-a8a36ac958ed
f 2346/7033/1759 2345/7034/1759 2347/7035/1759 2348/7036/1759
f 2351/7037/1760 2349/7038/1760 2350/7039/1760 2352/7040/1760
f 2345/7041/1761 2346/7042/1761 2349/7043/1761 2350/7044/1761
f 2347/7045/1762 2351/7046/1762 2348/7047/1762 2352/7048/1762
f 2345/7049/1763 2349/7050/1763 2347/7051/1763 2351/7052/1763
f 2346/7053/1764 2348/7054/1764 2350/7055/1764 2352/7056/1764
o cuboid
v 0.2735160271483336 0.7800952506787722 0.3233390379156032
v 0.2735160271483336 0.6746713199521615 0.39050148895895614
v 0.36927158253820586 0.7369240593119261 0.25557384148008583
v 0.36927158253820586 0.6315001285853153 0.3227362925234388
v 0.2735160271483336 0.7800952506787722 0.3233390379156032
v 0.2735160271483336 0.6746713199521615 0.39050148895895614
v 0.36927158253820586 0.7369240593119261 0.25557384148008583
v 0.36927158253820586 0.6315001285853153 0.3227362925234388
vt 0.4609375 1
vt 0.4453125 1
vt 0.4453125 0.984375
vt 0.4609375 0.984375
vt 0.0390625 0.5390625
vt 0.0390625 0.5546875
vt 0.0234375 0.5546875
vt 0.0234375 0.5390625
vt 0 0.984375
vt 0 1
vt 0 0.984375
vt 0 1
vt 0 0.984375
vt 0 0.984375
vt 0 1
vt 0 1
vt 0 1
vt 0 1
vt 0 1
vt 0 1
vt 0 1
vt 0 1
vt 0 1
vt 0 1
vn -0.6427876096865396 -0.4115953792640875 -0.646075330439042
vn 0.6427876096865396 0.4115953792640875 0.646075330439042
vn 0 0 0
vn 0 0 0
vn 0 0 0
vn 0 0 0
usemtl m_2f782488-5985-7342-163e-a8a36ac958ed
f 2354/7057/1765 2353/7058/1765 2355/7059/1765 2356/7060/1765
f 2359/7061/1766 2357/7062/1766 2358/7063/1766 2360/7064/1766
f 2353/7065/1767 2354/7066/1767 2357/7067/1767 2358/7068/1767
f 2355/7069/1768 2359/7070/1768 2356/7071/1768 2360/7072/1768
f 2353/7073/1769 2357/7074/1769 2355/7075/1769 2359/7076/1769
f 2354/7077/1770 2356/7078/1770 2358/7079/1770 2360/7080/1770
o cuboid
v 0.17543612954387816 0.8065133363116965 0.3648071259086594
v 0.17543612954387816 0.7010894055850858 0.4319695769520123
v 0.28631248369115586 0.7755011676809624 0.31612777209386056
v 0.28631248369115586 0.6700772369543517 0.3832902231372135
v 0.17543612954387816 0.8065133363116965 0.3648071259086594
v 0.17543612954387816 0.7010894055850858 0.4319695769520123
v 0.28631248369115586 0.7755011676809624 0.31612777209386056
v 0.28631248369115586 0.6700772369543517 0.3832902231372135
vt 0.4609375 0.9765625
vt 0.4453125 0.9765625
vt 0.4453125 0.9609375
vt 0.4609375 0.9609375
vt 0.0625 0.5390625
vt 0.0625 0.5546875
vt 0.046875 0.5546875
vt 0.046875 0.5390625
vt 0 0.984375
vt 0 1
vt 0 0.984375
vt 0 1
vt 0 0.984375
vt 0 0.984375
vt 0 1
vt 0 1
vt 0 1
vt 0 1
vt 0 1
vt 0 1
vt 0 1
vt 0 1
vt 0 1
vt 0 1
vn -0.4617486132350341 -0.4765905732660483 -0.7480973490458729
vn 0.4617486132350341 0.4765905732660483 0.7480973490458729
vn 0 0 0
vn 0 0 0
vn 0 0 0
vn 0 0 0
usemtl m_2f782488-5985-7342-163e-a8a36ac958ed
f 2362/7081/1771 2361/7082/1771 2363/7083/1771 2364/7084/1771
f 2367/7085/1772 2365/7086/1772 2366/7087/1772 2368/7088/1772
f 2361/7089/1773 2362/7090/1773 2365/7091/1773 2366/7092/1773
f 2363/7093/1774 2367/7094/1774 2364/7095/1774 2368/7096/1774
f 2361/7097/1775 2365/7098/1775 2363/7099/1775 2367/7100/1775
f 2362/7101/1776 2364/7102/1776 2366/7103/1776 2368/7104/1776
o cuboid
v 0.06903915840819368 0.8208992101647973 0.3873884246101032
v 0.06903915840819365 0.7154752794381866 0.45455087565345614
v 0.1897798866943272 0.8035162887190118 0.36010270352848756
v 0.1897798866943272 0.6980923579924011 0.4272651545718405
v 0.06903915840819368 0.8208992101647973 0.3873884246101032
v 0.06903915840819365 0.7154752794381866 0.45455087565345614
v 0.1897798866943272 0.8035162887190118 0.36010270352848756
v 0.1897798866943272 0.6980923579924011 0.4272651545718405
vt 0.4609375 0.953125
vt 0.4453125 0.953125
vt 0.4453125 0.9375
vt 0.4609375 0.9375
vt 0.0859375 0.5390625
vt 0.0859375 0.5546875
vt 0.0703125 0.5546875
vt 0.0703125 0.5390625
vt 0 0.984375
vt 0 1
vt 0 0.984375
vt 0 1
vt 0 0.984375
vt 0 0.984375
vt 0 1
vt 0 1
vt 0 1
vt 0 1
vt 0 1
vt 0 1
vt 0 1
vt 0 1
vt 0 1
vt 0 1
vn -0.2588190451025209 -0.5189915681571985 -0.8146535791819437
vn 0.2588190451025209 0.5189915681571985 0.8146535791819437
vn 0 0 0
vn 0 0 0
vn 0 0 0
vn 0 0 0
usemtl m_2f782488-5985-7342-163e-a8a36ac958ed
f 2370/7105/1777 2369/7106/1777 2371/7107/1777 2372/7108/1777
f 2375/7109/1778 2373/7110/1778 2374/7111/1778 2376/7112/1778
f 2369/7113/1779 2370/7114/1779 2373/7115/1779 2374/7116/1779
f 2371/7117/1780 2375/7118/1780 2372/7119/1780 2376/7120/1780
f 2369/7121/1781 2373/7122/1781 2371/7123/1781 2375/7124/1781
f 2370/7125/1782 2372/7126/1782 2374/7127/1782 2376/7128/1782
o cuboid
v -0.04063082016619804 0.8225708669352996 0.3900124001326514
v -0.04063082016619807 0.7171469362086889 0.45717485117600437
v 0.08425020753153419 0.8196412819668342 0.385413872860711
v 0.08425020753153416 0.7142173512402235 0.45257632390406394
v -0.04063082016619804 0.8225708669352996 0.3900124001326514
v -0.04063082016619807 0.7171469362086889 0.45717485117600437
v 0.08425020753153419 0.8196412819668342 0.385413872860711
v 0.08425020753153416 0.7142173512402235 0.45257632390406394
vt 0.4609375 0.9296875
vt 0.4453125 0.9296875
vt 0.4453125 0.9140625
vt 0.4609375 0.9140625
vt 0.109375 0.5390625
vt 0.109375 0.5546875
vt 0.09375 0.5546875
vt 0.09375 0.5390625
vt 0 0.984375
vt 0 1
vt 0 0.984375
vt 0 1
vt 0 0.984375
vt 0 0.984375
vt 0 1
vt 0 1
vt 0 1
vt 0 1
vt 0 1
vt 0 1
vt 0 1
vt 0 1
vt 0 1
vt 0 1
vn -0.043619387365336125 -0.536788218175523 -0.8425887240367154
vn 0.043619387365336125 0.536788218175523 0.8425887240367154
vn 0 0 0
vn 0 0 0
vn 0 0 0
vn 0 0 0
usemtl m_2f782488-5985-7342-163e-a8a36ac958ed
f 2378/7129/1783 2377/7130/1783 2379/7131/1783 2380/7132/1783
f 2383/7133/1784 2381/7134/1784 2382/7135/1784 2384/7136/1784
f 2377/7137/1785 2378/7138/1785 2381/7139/1785 2382/7140/1785
f 2379/7141/1786 2383/7142/1786 2380/7143/1786 2384/7144/1786
f 2377/7145/1787 2381/7146/1787 2379/7147/1787 2383/7148/1787
f 2378/7149/1788 2380/7150/1788 2382/7151/1788 2384/7152/1788
o cuboid
v -0.1483745733967281 0.8114490567428315 0.37255465508209595
v -0.1483745733967281 0.7060251260162208 0.4397171061254489
v -0.0252736042702021 0.8231116939741542 0.39086132853525657
v -0.02527360427020212 0.7176877632475435 0.4580237795786095
v -0.1483745733967281 0.8114490567428315 0.37255465508209595
v -0.1483745733967281 0.7060251260162208 0.4397171061254489
v -0.0252736042702021 0.8231116939741542 0.39086132853525657
v -0.02527360427020212 0.7176877632475435 0.4580237795786095
vt 0.4609375 0.90625
vt 0.4453125 0.90625
vt 0.4453125 0.890625
vt 0.4609375 0.890625
vt 0.1328125 0.5390625
vt 0.1328125 0.5546875
vt 0.1171875 0.5546875
vt 0.1171875 0.5390625
vt 0 0.984375
vt 0 1
vt 0 0.984375
vt 0 1
vt 0 0.984375
vt 0 0.984375
vt 0 1
vt 0 1
vt 0 1
vt 0 1
vt 0 1
vt 0 1
vt 0 1
vt 0 1
vt 0 1
vt 0 1
vn 0.17364817766693022 -0.529136819990375 -0.8305784346607055
vn -0.17364817766693022 0.529136819990375 0.8305784346607055
vn 0 0 0
vn 0 0 0
vn 0 0 0
vn 0 0 0
usemtl m_2f782488-5985-7342-163e-a8a36ac958ed
f 2386/7153/1789 2385/7154/1789 2387/7155/1789 2388/7156/1789
f 2391/7157/1790 2389/7158/1790 2390/7159/1790 2392/7160/1790
f 2385/7161/1791 2386/7162/1791 2389/7163/1791 2390/7164/1791
f 2387/7165/1792 2391/7166/1792 2388/7167/1792 2392/7168/1792
f 2385/7169/1793 2389/7170/1793 2387/7171/1793 2391/7172/1793
f 2386/7173/1794 2388/7174/1794 2390/7175/1794 2392/7176/1794
o cuboid
v -0.24908418696450024 0.7880610422066247 0.3358428259871977
v -0.24908418696450024 0.6826371114800139 0.40300527703055067
v -0.13359924540058937 0.8137629994979472 0.37618681765107653
v -0.13359924540058937 0.7083390687713365 0.4433492686944295
v -0.24908418696450024 0.7880610422066247 0.3358428259871977
v -0.24908418696450024 0.6826371114800139 0.40300527703055067
v -0.13359924540058937 0.8137629994979472 0.37618681765107653
v -0.13359924540058937 0.7083390687713365 0.4433492686944295
vt 0.4609375 0.8828125
vt 0.4453125 0.8828125
vt 0.4453125 0.8671875
vt 0.4609375 0.8671875
vt 0.15625 0.5390625
vt 0.15625 0.5546875
vt 0.140625 0.5546875
vt 0.140625 0.5390625
vt 0 0.984375
vt 0 1
vt 0 0.984375
vt 0 1
vt 0 0.984375
vt 0 0.984375
vt 0 1
vt 0 1
vt 0 1
vt 0 1
vt 0 1
vt 0 1
vt 0 1
vt 0 1
vt 0 1
vt 0 1
vn 0.38268343236508967 -0.49640011097796105 -0.7791920946816272
vn -0.38268343236508967 0.49640011097796105 0.7791920946816272
vn 0 0 0
vn 0 0 0
vn 0 0 0
vn 0 0 0
usemtl m_2f782488-5985-7342-163e-a8a36ac958ed
f 2394/7177/1795 2393/7178/1795 2395/7179/1795 2396/7180/1795
f 2399/7181/1796 2397/7182/1796 2398/7183/1796 2400/7184/1796
f 2393/7185/1797 2394/7186/1797 2397/7187/1797 2398/7188/1797
f 2395/7189/1798 2399/7190/1798 2396/7191/1798 2400/7192/1798
f 2393/7193/1799 2397/7194/1799 2395/7195/1799 2399/7196/1799
f 2394/7197/1800 2396/7198/1800 2398/7199/1800 2400/7200/1800
o cuboid
v -0.33798522094358496 0.753515601986769 0.281617346718916
v -0.33798522094358496 0.6480916712601583 0.3487797977622689
v -0.23559121540746097 0.792038401312817 0.34208602921120496
v -0.23559121540746097 0.6866144705862063 0.4092484802545579
v -0.33798522094358496 0.753515601986769 0.281617346718916
v -0.33798522094358496 0.6480916712601583 0.3487797977622689
v -0.23559121540746097 0.792038401312817 0.34208602921120496
v -0.23559121540746097 0.6866144705862063 0.4092484802545579
vt 0.4609375 0.859375
vt 0.4453125 0.859375
vt 0.4453125 0.84375
vt 0.4609375 0.84375
vt 0.1796875 0.5390625
vt 0.1796875 0.5546875
vt 0.1640625 0.5546875
vt 0.1640625 0.5390625
vt 0 0.984375
vt 0 1
vt 0 0.984375
vt 0 1
vt 0 0.984375
vt 0 0.984375
vt 0 1
vt 0 1
vt 0 1
vt 0 1
vt 0 1
vt 0 1
vt 0 1
vt 0 1
vt 0 1
vt 0 1
vn 0.573576436351046 -0.4401300725729755 -0.6908658269734739
vn -0.573576436351046 0.4401300725729755 0.6908658269734739
vn 0 0 0
vn 0 0 0
vn 0 0 0
vn 0 0 0
usemtl m_2f782488-5985-7342-163e-a8a36ac958ed
f 2402/7201/1801 2401/7202/1801 2403/7203/1801 2404/7204/1801
f 2407/7205/1802 2405/7206/1802 2406/7207/1802 2408/7208/1802
f 2401/7209/1803 2402/7210/1803 2405/7211/1803 2406/7212/1803
f 2403/7213/1804 2407/7214/1804 2404/7215/1804 2408/7216/1804
f 2401/7217/1805 2405/7218/1805 2403/7219/1805 2407/7220/1805
f 2402/7221/1806 2404/7222/1806 2406/7223/1806 2408/7224/1806
o cuboid
v -0.4108630563810407 0.7094504658212855 0.21244893802623793
v -0.4108630563810407 0.6040265350946747 0.2796113890695909
v -0.32641428042908316 0.7589678188601691 0.2901756129084085
v -0.32641428042908316 0.6535438881335583 0.35733806395176143
v -0.4108630563810407 0.7094504658212855 0.21244893802623793
v -0.4108630563810407 0.6040265350946747 0.2796113890695909
v -0.32641428042908316 0.7589678188601691 0.2901756129084085
v -0.32641428042908316 0.6535438881335583 0.35733806395176143
vt 0.4609375 0.8359375
vt 0.4453125 0.8359375
vt 0.4453125 0.8203125
vt 0.4609375 0.8203125
vt 0.203125 0.5390625
vt 0.203125 0.5546875
vt 0.1875 0.5546875
vt 0.1875 0.5390625
vt 0 0.984375
vt 0 1
vt 0 0.984375
vt 0 1
vt 0 0.984375
vt 0 0.984375
vt 0 1
vt 0 1
vt 0 1
vt 0 1
vt 0 1
vt 0 1
vt 0 1
vt 0 1
vt 0 1
vt 0 1
vn 0.737277336810124 -0.3629943539548438 -0.5697870019779994
vn -0.737277336810124 0.3629943539548438 0.5697870019779994
vn 0 0 0
vn 0 0 0
vn 0 0 0
vn 0 0 0
usemtl m_2f782488-5985-7342-163e-a8a36ac958ed
f 2410/7225/1807 2409/7226/1807 2411/7227/1807 2412/7228/1807
f 2415/7229/1808 2413/7230/1808 2414/7231/1808 2416/7232/1808
f 2409/7233/1809 2410/7234/1809 2413/7235/1809 2414/7236/1809
f 2411/7237/1810 2415/7238/1810 2412/7239/1810 2416/7240/1810
f 2409/7241/1811 2413/7242/1811 2411/7243/1811 2415/7244/1811
f 2410/7245/1812 2412/7246/1812 2414/7247/1812 2416/7248/1812
o cuboid
v -0.46426270189221924 0.6579546730580252 0.13161673484351716
v -0.46426270189221924 0.5525307423314145 0.1987791858868701
v -0.40176270189221924 0.7161190618419976 0.22291653701957292
v -0.40176270189221924 0.6106951311153869 0.29007898806292587
v -0.46426270189221924 0.6579546730580252 0.13161673484351716
v -0.46426270189221924 0.5525307423314145 0.1987791858868701
v -0.40176270189221924 0.7161190618419976 0.22291653701957292
v -0.40176270189221924 0.6106951311153869 0.29007898806292587
vt 0.4609375 0.8125
vt 0.4453125 0.8125
vt 0.4453125 0.796875
vt 0.4609375 0.796875
vt 0.2265625 0.5390625
vt 0.2265625 0.5546875
vt 0.2109375 0.5546875
vt 0.2109375 0.5390625
vt 0 0.984375
vt 0 1
vt 0 0.984375
vt 0 1
vt 0 0.984375
vt 0 0.984375
vt 0 1
vt 0 1
vt 0 1
vt 0 1
vt 0 1
vt 0 1
vt 0 1
vt 0 1
vt 0 1
vt 0 1
vn 0.8660254037844386 -0.2686498041734121 -0.42169572290644297
vn -0.8660254037844386 0.2686498041734121 0.42169572290644297
vn 0 0 0
vn 0 0 0
vn 0 0 0
vn 0 0 0
usemtl m_2f782488-5985-7342-163e-a8a36ac958ed
f 2418/7249/1813 2417/7250/1813 2419/7251/1813 2420/7252/1813
f 2423/7253/1814 2421/7254/1814 2422/7255/1814 2424/7256/1814
f 2417/7257/1815 2418/7258/1815 2421/7259/1815 2422/7260/1815
f 2419/7261/1816 2423/7262/1816 2420/7263/1816 2424/7264/1816
f 2417/7265/1817 2421/7266/1817 2419/7267/1817 2423/7268/1817
f 2418/7269/1818 2420/7270/1818 2422/7271/1818 2424/7272/1818
o cuboid
v -0.49565258784313054 0.6014695355070159 0.04295282910820014
v -0.49565258784313054 0.49604560478040516 0.11011528015155311
v -0.4580643629050964 0.6655235035208595 0.14349741885667566
v -0.4580643629050964 0.5600995727942488 0.2106598699000286
v -0.49565258784313054 0.6014695355070159 0.04295282910820014
v -0.49565258784313054 0.49604560478040516 0.11011528015155311
v -0.4580643629050964 0.6655235035208595 0.14349741885667566
v -0.4580643629050964 0.5600995727942488 0.2106598699000286
vt 0.4609375 0.7890625
vt 0.4453125 0.7890625
vt 0.4453125 0.7734375
vt 0.4609375 0.7734375
vt 0.25 0.5390625
vt 0.25 0.5546875
vt 0.234375 0.5546875
vt 0.234375 0.5390625
vt 0 0.984375
vt 0 1
vt 0 0.984375
vt 0 1
vt 0 0.984375
vt 0 0.984375
vt 0 1
vt 0 1
vt 0 1
vt 0 1
vt 0 1
vt 0 1
vt 0 1
vt 0 1
vt 0 1
vt 0 1
vn 0.953716950748227 -0.16156910830126472 -0.25361269900822875
vn -0.953716950748227 0.16156910830126472 0.25361269900822875
vn 0 0 0
vn 0 0 0
vn 0 0 0
vn 0 0 0
usemtl m_2f782488-5985-7342-163e-a8a36ac958ed
f 2426/7273/1819 2425/7274/1819 2427/7275/1819 2428/7276/1819
f 2431/7277/1820 2429/7278/1820 2430/7279/1820 2432/7280/1820
f 2425/7281/1821 2426/7282/1821 2429/7283/1821 2430/7284/1821
f 2427/7285/1822 2431/7286/1822 2428/7287/1822 2432/7288/1822
f 2425/7289/1823 2429/7290/1823 2427/7291/1823 2431/7292/1823
f 2426/7293/1824 2428/7294/1824 2430/7295/1824 2432/7296/1824
o cuboid
v -0.5035445829676014 0.5426728997649348 -0.049339401999175206
v -0.5035445829676014 0.4372489690383241 0.017823049044177766
v -0.49265011512414403 0.6095797774051694 0.055683358842665856
v -0.49265011512414403 0.5041558466785587 0.12284580988601883
v -0.5035445829676014 0.5426728997649348 -0.049339401999175206
v -0.5035445829676014 0.4372489690383241 0.017823049044177766
v -0.49265011512414403 0.6095797774051694 0.055683358842665856
v -0.49265011512414403 0.5041558466785587 0.12284580988601883
vt 0.4609375 0.765625
vt 0.4453125 0.765625
vt 0.4453125 0.75
vt 0.4609375 0.75
vt 0.2734375 0.5390625
vt 0.2734375 0.5546875
vt 0.2578125 0.5546875
vt 0.2578125 0.5390625
vt 0 0.984375
vt 0 1
vt 0 0.984375
vt 0 1
vt 0 0.984375
vt 0 0.984375
vt 0 1
vt 0 1
vt 0 1
vt 0 1
vt 0 1
vt 0 1
vt 0 1
vt 0 1
vt 0 1
vt 0 1
vn 0.9961946980917455 -0.04682874644349365 -0.07350640788684362
vn -0.9961946980917455 0.04682874644349365 0.07350640788684362
vn 0 0 0
vn 0 0 0
vn 0 0 0
vn 0 0 0
usemtl m_2f782488-5985-7342-163e-a8a36ac958ed
f 2434/7297/1825 2433/7298/1825 2435/7299/1825 2436/7300/1825
f 2439/7301/1826 2437/7302/1826 2438/7303/1826 2440/7304/1826
f 2433/7305/1827 2434/7306/1827 2437/7307/1827 2438/7308/1827
f 2435/7309/1828 2439/7310/1828 2436/7311/1828 2440/7312/1828
f 2433/7313/1829 2437/7314/1829 2435/7315/1829 2439/7316/1829
f 2434/7317/1830 2436/7318/1830 2438/7319/1830 2440/7320/1830
o cuboid
v -0.48756454367315205 0.4843521959017863 -0.14088456970049984
v -0.48756454367315205 0.3789282651751755 -0.07372211865714688
v -0.5038803177006584 0.5509400628659887 -0.03636255531577307
v -0.5038803177006584 0.44551613213937796 0.0307998957275799
v -0.48756454367315205 0.4843521959017863 -0.14088456970049984
v -0.48756454367315205 0.3789282651751755 -0.07372211865714688
v -0.5038803177006584 0.5509400628659887 -0.03636255531577307
v -0.5038803177006584 0.44551613213937796 0.0307998957275799
vt 0.4609375 0.7421875
vt 0.4453125 0.7421875
vt 0.4453125 0.7265625
vt 0.4609375 0.7265625
vt 0.296875 0.5390625
vt 0.296875 0.5546875
vt 0.28125 0.5546875
vt 0.28125 0.5390625
vt 0 0.984375
vt 0 1
vt 0 0.984375
vt 0 1
vt 0 0.984375
vt 0 0.984375
vt 0 1
vt 0 1
vt 0 1
vt 0 1
vt 0 1
vt 0 1
vt 0 1
vt 0 1
vt 0 1
vt 0 1
vn 0.9914448613738106 0.07013167195883574 0.11008467397291995
vn -0.9914448613738106 -0.07013167195883574 -0.11008467397291995
vn 0 0 0
vn 0 0 0
vn 0 0 0
vn 0 0 0
usemtl m_2f782488-5985-7342-163e-a8a36ac958ed
f 2442/7321/1831 2441/7322/1831 2443/7323/1831 2444/7324/1831
f 2447/7325/1832 2445/7326/1832 2446/7327/1832 2448/7328/1832
f 2441/7329/1833 2442/7330/1833 2445/7331/1833 2446/7332/1833
f 2443/7333/1834 2447/7334/1834 2444/7335/1834 2448/7336/1834
f 2441/7337/1835 2445/7338/1835 2443/7339/1835 2447/7340/1835
f 2442/7341/1836 2444/7342/1836 2446/7343/1836 2448/7344/1836
o cuboid
v -0.4484700514350999 0.4292722910158355 -0.22734270198897988
v -0.4484700514350999 0.3238483602892248 -0.16018025094562693
v -0.49122256935080844 0.49238435065516917 -0.128276612230939
v -0.49122256935080844 0.38696041992855845 -0.061114161187586044
v -0.4484700514350999 0.4292722910158355 -0.22734270198897988
v -0.4484700514350999 0.3238483602892248 -0.16018025094562693
v -0.49122256935080844 0.49238435065516917 -0.128276612230939
v -0.49122256935080844 0.38696041992855845 -0.061114161187586044
vt 0.4609375 0.71875
vt 0.4453125 0.71875
vt 0.4453125 0.703125
vt 0.4609375 0.703125
vt 0.3203125 0.5390625
vt 0.3203125 0.5546875
vt 0.3046875 0.5546875
vt 0.3046875 0.5390625
vt 0 0.984375
vt 0 1
vt 0 0.984375
vt 0 1
vt 0 0.984375
vt 0 0.984375
vt 0 1
vt 0 1
vt 0 1
vt 0 1
vt 0 1
vt 0 1
vt 0 1
vt 0 1
vt 0 1
vt 0 1
vn 0.9396926207859086 0.183767289055606 0.28845686317656594
vn -0.9396926207859086 -0.183767289055606 -0.28845686317656594
vn 0 0 0
vn 0 0 0
vn 0 0 0
vn 0 0 0
usemtl m_2f782488-5985-7342-163e-a8a36ac958ed
f 2450/7345/1837 2449/7346/1837 2451/7347/1837 2452/7348/1837
f 2455/7349/1838 2453/7350/1838 2454/7351/1838 2456/7352/1838
f 2449/7353/1839 2450/7354/1839 2453/7355/1839 2454/7356/1839
f 2451/7357/1840 2455/7358/1840 2452/7359/1840 2456/7360/1840
f 2449/7361/1841 2453/7362/1841 2451/7363/1841 2455/7364/1841
f 2450/7365/1842 2452/7366/1842 2454/7367/1842 2456/7368/1842
o cuboid
v -0.3881144973847665 0.380044412453585 -0.30461499296023586
v -0.3881144973847665 0.2746204817269743 -0.23745254191688292
v -0.45527694842811944 0.4366886491433757 -0.2157013516014421
v -0.45527694842811944 0.33126471841676497 -0.14853890055808916
v -0.3881144973847665 0.380044412453585 -0.30461499296023586
v -0.3881144973847665 0.2746204817269743 -0.23745254191688292
v -0.45527694842811944 0.4366886491433757 -0.2157013516014421
v -0.45527694842811944 0.33126471841676497 -0.14853890055808916
vt 0.4609375 0.6953125
vt 0.4453125 0.6953125
vt 0.4453125 0.6796875
vt 0.4609375 0.6796875
vt 0.34375 0.5390625
vt 0.34375 0.5546875
vt 0.328125 0.5546875
vt 0.328125 0.5390625
vt 0 0.984375
vt 0 1
vt 0 0.984375
vt 0 1
vt 0 0.984375
vt 0 0.984375
vt 0 1
vt 0 1
vt 0 1
vt 0 1
vt 0 1
vt 0 1
vt 0 1
vt 0 1
vt 0 1
vt 0 1
vn 0.843391445812886 0.28869086912965 0.4531538935183249
vn -0.843391445812886 -0.28869086912965 -0.4531538935183249
vn 0 0 0
vn 0 0 0
vn 0 0 0
vn 0 0 0
usemtl m_2f782488-5985-7342-163e-a8a36ac958ed
f 2458/7369/1843 2457/7370/1843 2459/7371/1843 2460/7372/1843
f 2463/7373/1844 2461/7374/1844 2462/7375/1844 2464/7376/1844
f 2457/7377/1845 2458/7378/1845 2461/7379/1845 2462/7380/1845
f 2459/7381/1846 2463/7382/1846 2460/7383/1846 2464/7384/1846
f 2457/7385/1847 2461/7386/1847 2459/7387/1847 2463/7388/1847
f 2458/7389/1848 2460/7390/1848 2462/7391/1848 2464/7392/1848
o cuboid
v -0.3093592167691147 0.33900235478091567 -0.3690381189442492
v -0.3093592167691147 0.2335784240543049 -0.30187566790089626
v -0.3977475644174331 0.3864933793547801 -0.29449214262812196
v -0.3977475644174331 0.2810694486281694 -0.227329691584769
v -0.3093592167691147 0.33900235478091567 -0.3690381189442492
v -0.3093592167691147 0.2335784240543049 -0.30187566790089626
v -0.3977475644174331 0.3864933793547801 -0.29449214262812196
v -0.3977475644174331 0.2810694486281694 -0.227329691584769
vt 0.4609375 0.671875
vt 0.4453125 0.671875
vt 0.4453125 0.65625
vt 0.4609375 0.65625
vt 0.3671875 0.5390625
vt 0.3671875 0.5546875
vt 0.3515625 0.5546875
vt 0.3515625 0.5390625
vt 0 0.984375
vt 0 1
vt 0 0.984375
vt 0 1
vt 0 0.984375
vt 0 0.984375
vt 0 1
vt 0 1
vt 0 1
vt 0 1
vt 0 1
vt 0 1
vt 0 1
vt 0 1
vt 0 1
vt 0 1
vn 0.7071067811865477 0.3799281965909149 0.5963678105290181
vn -0.7071067811865477 -0.3799281965909149 -0.5963678105290181
vn 0 0 0
vn 0 0 0
vn 0 0 0
vn 0 0 0
usemtl m_2f782488-5985-7342-163e-a8a36ac958ed
f 2466/7393/1849 2465/7394/1849 2467/7395/1849 2468/7396/1849
f 2471/7397/1850 2469/7398/1850 2470/7399/1850 2472/7400/1850
f 2465/7401/1851 2466/7402/1851 2469/7403/1851 2470/7404/1851
f 2467/7405/1852 2471/7406/1852 2468/7407/1852 2472/7408/1852
f 2465/7409/1853 2469/7410/1853 2467/7411/1853 2471/7412/1853
f 2466/7413/1854 2468/7414/1854 2470/7415/1854 2472/7416/1854
o cuboid
v -0.21593783881010684 0.30809183928353984 -0.41755790930174663
v -0.21593783881010684 0.20266790855692912 -0.3503954582583937
v -0.3213617695367175 0.3441781979247462 -0.36091367261195595
v -0.3213617695367175 0.23875426719813547 -0.293751221568603
v -0.21593783881010684 0.30809183928353984 -0.41755790930174663
v -0.21593783881010684 0.20266790855692912 -0.3503954582583937
v -0.3213617695367175 0.3441781979247462 -0.36091367261195595
v -0.3213617695367175 0.23875426719813547 -0.293751221568603
vt 0.4609375 0.6484375
vt 0.4453125 0.6484375
vt 0.4453125 0.6328125
vt 0.4609375 0.6328125
vt 0.390625 0.5390625
vt 0.390625 0.5546875
vt 0.375 0.5546875
vt 0.375 0.5390625
vt 0 0.984375
vt 0 1
vt 0 0.984375
vt 0 1
vt 0 0.984375
vt 0 0.984375
vt 0 1
vt 0 1
vt 0 1
vt 0 1
vt 0 1
vt 0 1
vt 0 1
vt 0 1
vt 0 1
vt 0 1
vn 0.5372996083468244 0.45315389351832464 0.7113091308703495
vn -0.5372996083468244 -0.45315389351832464 -0.7113091308703495
vn 0 0 0
vn 0 0 0
vn 0 0 0
vn 0 0 0
usemtl m_2f782488-5985-7342-163e-a8a36ac958ed
f 2474/7417/1855 2473/7418/1855 2475/7419/1855 2476/7420/1855
f 2479/7421/1856 2477/7422/1856 2478/7423/1856 2480/7424/1856
f 2473/7425/1857 2474/7426/1857 2477/7427/1857 2478/7428/1857
f 2475/7429/1858 2479/7430/1858 2476/7431/1858 2480/7432/1858
f 2473/7433/1859 2477/7434/1859 2475/7435/1859 2479/7436/1859
f 2474/7437/1860 2476/7438/1860 2478/7439/1860 2480/7440/1860
o cuboid
v -0.11227928286371519 0.28877827123999555 -0.4478741385023754
v -0.11227928286371522 0.18335434051338484 -0.38071168745902245
v -0.22974086046195374 0.3117491823719464 -0.41181703060530456
v -0.22974086046195374 0.20632525164533566 -0.3446545795619516
v -0.11227928286371519 0.28877827123999555 -0.4478741385023754
v -0.11227928286371522 0.18335434051338484 -0.38071168745902245
v -0.22974086046195374 0.3117491823719464 -0.41181703060530456
v -0.22974086046195374 0.20632525164533566 -0.3446545795619516
vt 0.4609375 0.625
vt 0.4453125 0.625
vt 0.4453125 0.609375
vt 0.4609375 0.609375
vt 0.4140625 0.5390625
vt 0.4140625 0.5546875
vt 0.3984375 0.5546875
vt 0.3984375 0.5390625
vt 0 0.984375
vt 0 1
vt 0 0.984375
vt 0 1
vt 0 0.984375
vt 0 0.984375
vt 0 1
vt 0 1
vt 0 1
vt 0 1
vt 0 1
vt 0 1
vt 0 1
vt 0 1
vt 0 1
vt 0 1
vn 0.342020143325669 0.5048964771146689 0.792528718064327
vn -0.342020143325669 -0.5048964771146689 -0.792528718064327
vn 0 0 0
vn 0 0 0
vn 0 0 0
vn 0 0 0
usemtl m_2f782488-5985-7342-163e-a8a36ac958ed
f 2482/7441/1861 2481/7442/1861 2483/7443/1861 2484/7444/1861
f 2487/7445/1862 2485/7446/1862 2486/7447/1862 2488/7448/1862
f 2481/7449/1863 2482/7450/1863 2485/7451/1863 2486/7452/1863
f 2483/7453/1864 2487/7454/1864 2484/7455/1864 2488/7456/1864
f 2481/7457/1865 2485/7458/1865 2483/7459/1865 2487/7460/1865
f 2482/7461/1866 2484/7462/1866 2486/7463/1866 2488/7464/1866
o cuboid
v -0.0032977922741626747 0.28197726800906847 -0.45854957518389095
v -0.003297792274162698 0.17655333728245776 -0.391387124140538
v -0.12722839994588897 0.290743727003923 -0.444788990937276
v -0.12722839994588897 0.18531979627731227 -0.37762653989392303
v -0.0032977922741626747 0.28197726800906847 -0.45854957518389095
v -0.003297792274162698 0.17655333728245776 -0.391387124140538
v -0.12722839994588897 0.290743727003923 -0.444788990937276
v -0.12722839994588897 0.18531979627731227 -0.37762653989392303
vt 0.4609375 0.6015625
vt 0.4453125 0.6015625
vt 0.4453125 0.5859375
vt 0.4609375 0.5859375
vt 0.4375 0.5390625
vt 0.4375 0.5546875
vt 0.421875 0.5546875
vt 0.421875 0.5390625
vt 0 0.984375
vt 0 1
vt 0 0.984375
vt 0 1
vt 0 0.984375
vt 0 0.984375
vt 0 1
vt 0 1
vt 0 1
vt 0 1
vt 0 1
vt 0 1
vt 0 1
vt 0 1
vt 0 1
vt 0 1
vn 0.13052619222005168 0.5327029357136193 0.836176115077814
vn -0.13052619222005168 -0.5327029357136193 -0.836176115077814
vn 0 0 0
vn 0 0 0
vn 0 0 0
vn 0 0 0
usemtl m_2f782488-5985-7342-163e-a8a36ac958ed
f 2490/7465/1867 2489/7466/1867 2491/7467/1867 2492/7468/1867
f 2495/7469/1868 2493/7470/1868 2494/7471/1868 2496/7472/1868
f 2489/7473/1869 2490/7474/1869 2493/7475/1869 2494/7476/1869
f 2491/7477/1870 2495/7478/1870 2492/7479/1870 2496/7480/1870
f 2489/7481/1871 2493/7482/1871 2491/7483/1871 2495/7484/1871
f 2490/7485/1872 2492/7486/1872 2494/7487/1872 2496/7488/1872
o cuboid
v 0.10584004000456317 0.288011251455085 -0.4490781183961131
v 0.10584004000456314 0.18258732072847428 -0.38191566735276017
v -0.018684297256905066 0.2821576581496483 -0.45826641938196855
v -0.018684297256905086 0.1767337274230376 -0.3911039683386156
v 0.10584004000456317 0.288011251455085 -0.4490781183961131
v 0.10584004000456314 0.18258732072847428 -0.38191566735276017
v -0.018684297256905066 0.2821576581496483 -0.45826641938196855
v -0.018684297256905086 0.1767337274230376 -0.3911039683386156
vt 0.4609375 0.578125
vt 0.4453125 0.578125
vt 0.4453125 0.5625
vt 0.4609375 0.5625
vt 0.4609375 0.5390625
vt 0.4609375 0.5546875
vt 0.4453125 0.5546875
vt 0.4453125 0.5390625
vt 0 0.984375
vt 0 1
vt 0 0.984375
vt 0 1
vt 0 0.984375
vt 0 0.984375
vt 0 1
vt 0 1
vt 0 1
vt 0 1
vt 0 1
vt 0 1
vt 0 1
vt 0 1
vt 0 1
vt 0 1
vn -0.08715574274765807 0.5352550211218773 0.8401820867347285
vn 0.08715574274765807 -0.5352550211218773 -0.8401820867347285
vn 0 0 0
vn 0 0 0
vn 0 0 0
vn 0 0 0
usemtl m_2f782488-5985-7342-163e-a8a36ac958ed
f 2498/7489/1873 2497/7490/1873 2499/7491/1873 2500/7492/1873
f 2503/7493/1874 2501/7494/1874 2502/7495/1874 2504/7496/1874
f 2497/7497/1875 2498/7498/1875 2501/7499/1875 2502/7500/1875
f 2499/7501/1876 2503/7502/1876 2500/7503/1876 2504/7504/1876
f 2497/7505/1877 2501/7506/1877 2499/7507/1877 2503/7508/1877
f 2498/7509/1878 2500/7510/1878 2502/7511/1878 2504/7512/1878
o cuboid
v 0.20996020917390076 0.30659416257675964 -0.4199087908275641
v 0.20996020917390076 0.20117023185014893 -0.35274633978421116
v 0.09074559033037242 0.28639802403910164 -0.4516103782035927
v 0.0907455903303724 0.18097409331249092 -0.38444792716023973
v 0.20996020917390076 0.30659416257675964 -0.4199087908275641
v 0.20996020917390076 0.20117023185014893 -0.35274633978421116
v 0.09074559033037242 0.28639802403910164 -0.4516103782035927
v 0.0907455903303724 0.18097409331249092 -0.38444792716023973
vt 0.015625 0.53125
vt 0 0.53125
vt 0 0.515625
vt 0.015625 0.515625
vt 0.484375 0.984375
vt 0.484375 1
vt 0.46875 1
vt 0.46875 0.984375
vt 0 0.984375
vt 0 1
vt 0 0.984375
vt 0 1
vt 0 0.984375
vt 0 0.984375
vt 0 1
vt 0 1
vt 0 1
vt 0 1
vt 0 1
vt 0 1
vt 0 1
vt 0 1
vt 0 1
vt 0 1
vn -0.30070579950427323 0.5124317441107493 0.8043567179878038
vn 0.30070579950427323 -0.5124317441107493 -0.8043567179878038
vn 0 0 0
vn 0 0 0
vn 0 0 0
vn 0 0 0
usemtl m_2f782488-5985-7342-163e-a8a36ac958ed
f 2506/7513/1879 2505/7514/1879 2507/7515/1879 2508/7516/1879
f 2511/7517/1880 2509/7518/1880 2510/7519/1880 2512/7520/1880
f 2505/7521/1881 2506/7522/1881 2509/7523/1881 2510/7524/1881
f 2507/7525/1882 2511/7526/1882 2508/7527/1882 2512/7528/1882
f 2505/7529/1883 2509/7530/1883 2507/7531/1883 2511/7532/1883
f 2506/7533/1884 2508/7534/1884 2510/7535/1884 2512/7536/1884
o cuboid
v 0.30412658773652734 0.3368450229882541 -0.37242445154424686
v 0.30412658773652734 0.23142109226164337 -0.3052620005008939
v 0.1958734122634725 0.3032637974665776 -0.4251364169075522
v 0.1958734122634725 0.1978398667399669 -0.3579739658641993
v 0.30412658773652734 0.3368450229882541 -0.37242445154424686
v 0.30412658773652734 0.23142109226164337 -0.3052620005008939
v 0.1958734122634725 0.3032637974665776 -0.4251364169075522
v 0.1958734122634725 0.1978398667399669 -0.3579739658641993
vt 0.0390625 0.53125
vt 0.0234375 0.53125
vt 0.0234375 0.515625
vt 0.0390625 0.515625
vt 0.484375 0.9609375
vt 0.484375 0.9765625
vt 0.46875 0.9765625
vt 0.46875 0.9609375
vt 0 0.984375
vt 0 1
vt 0 0.984375
vt 0 1
vt 0 0.984375
vt 0 0.984375
vt 0 1
vt 0 1
vt 0 1
vt 0 1
vt 0 1
vt 0 1
vt 0 1
vt 0 1
vt 0 1
vt 0 1
vn -0.4999999999999998 0.4653151102717789 0.730398417408446
vn 0.4999999999999998 -0.4653151102717789 -0.730398417408446
vn 0 0 0
vn 0 0 0
vn 0 0 0
vn 0 0 0
usemtl m_2f782488-5985-7342-163e-a8a36ac958ed
f 2514/7537/1885 2513/7538/1885 2515/7539/1885 2516/7540/1885
f 2519/7541/1886 2517/7542/1886 2518/7543/1886 2520/7544/1886
f 2513/7545/1887 2514/7546/1887 2517/7547/1887 2518/7548/1887
f 2515/7549/1888 2519/7550/1888 2516/7551/1888 2520/7552/1888
f 2513/7553/1889 2517/7554/1889 2515/7555/1889 2519/7556/1889
f 2514/7557/1890 2516/7558/1890 2518/7559/1890 2520/7560/1890
o cuboid
v 0.3838749373584628 0.3773297003299486 -0.3088762374267336
v 0.3838749373584628 0.2719057696033379 -0.24171378638338065
v 0.29171527025719735 0.33195540608559315 -0.38009961267398357
v 0.29171527025719735 0.22653147535898244 -0.3129371616306306
v 0.3838749373584628 0.3773297003299486 -0.3088762374267336
v 0.3838749373584628 0.2719057696033379 -0.24171378638338065
v 0.29171527025719735 0.33195540608559315 -0.38009961267398357
v 0.29171527025719735 0.22653147535898244 -0.3129371616306306
vt 0.0625 0.53125
vt 0.046875 0.53125
vt 0.046875 0.515625
vt 0.0625 0.515625
vt 0.484375 0.9375
vt 0.484375 0.953125
vt 0.46875 0.953125
vt 0.46875 0.9375
vt 0 0.984375
vt 0 1
vt 0 0.984375
vt 0 1
vt 0 0.984375
vt 0 0.984375
vt 0 1
vt 0 1
vt 0 1
vt 0 1
vt 0 1
vt 0 1
vt 0 1
vt 0 1
vt 0 1
vt 0 1
vn -0.6755902076156605 0.396138824311069 0.6218133990573643
vn 0.6755902076156605 -0.396138824311069 -0.6218133990573643
vn 0 0 0
vn 0 0 0
vn 0 0 0
vn 0 0 0
usemtl m_2f782488-5985-7342-163e-a8a36ac958ed
f 2522/7561/1891 2521/7562/1891 2523/7563/1891 2524/7564/1891
f 2527/7565/1892 2525/7566/1892 2526/7567/1892 2528/7568/1892
f 2521/7569/1893 2522/7570/1893 2525/7571/1893 2526/7572/1893
f 2523/7573/1894 2527/7574/1894 2524/7575/1894 2528/7576/1894
f 2521/7577/1895 2525/7578/1895 2523/7579/1895 2527/7580/1895
f 2522/7581/1896 2524/7582/1896 2526/7583/1896 2528/7584/1896
o cuboid
v 0.4454245494164362 0.4261288975949242 -0.2322768413049901
v 0.4454245494164362 0.3207049668683135 -0.1651143902616371
v 0.37372749487255547 0.37111263852330234 -0.3186350696766743
v 0.37372749487255547 0.2656887077966916 -0.2514726186333214
v 0.4454245494164362 0.4261288975949242 -0.2322768413049901
v 0.4454245494164362 0.3207049668683135 -0.1651143902616371
v 0.37372749487255547 0.37111263852330234 -0.3186350696766743
v 0.37372749487255547 0.2656887077966916 -0.2514726186333214
vt 0.0859375 0.53125
vt 0.0703125 0.53125
vt 0.0703125 0.515625
vt 0.0859375 0.515625
vt 0.484375 0.9140625
vt 0.484375 0.9296875
vt 0.46875 0.9296875
vt 0.46875 0.9140625
vt 0 0.984375
vt 0 1
vt 0 0.984375
vt 0 1
vt 0 0.984375
vt 0 0.984375
vt 0 1
vt 0 1
vt 0 1
vt 0 1
vt 0 1
vt 0 1
vt 0 1
vt 0 1
vt 0 1
vt 0 1
vn -0.8191520442889917 0.30818239460838404 0.48374945993831137
vn 0.8191520442889917 -0.30818239460838404 -0.48374945993831137
vn 0 0 0
vn 0 0 0
vn 0 0 0
vn 0 0 0
usemtl m_2f782488-5985-7342-163e-a8a36ac958ed
f 2530/7585/1897 2529/7586/1897 2531/7587/1897 2532/7588/1897
f 2535/7589/1898 2533/7590/1898 2534/7591/1898 2536/7592/1898
f 2529/7593/1899 2530/7594/1899 2533/7595/1899 2534/7596/1899
f 2531/7597/1900 2535/7598/1900 2532/7599/1900 2536/7600/1900
f 2529/7601/1901 2533/7602/1901 2531/7603/1901 2535/7604/1901
f 2530/7605/1902 2532/7606/1902 2534/7607/1902 2536/7608/1902
o cuboid
v 0.4858574807784615 0.4809291431341373 -0.14625768625959018
v 0.4858574807784615 0.3755052124075266 -0.07909523521623721
v 0.4380220517328253 0.4188791292618922 -0.24365669809479357
v 0.4380220517328253 0.3134551985352815 -0.17649424705144062
v 0.4858574807784615 0.4809291431341373 -0.14625768625959018
v 0.4858574807784615 0.3755052124075266 -0.07909523521623721
v 0.4380220517328253 0.4188791292618922 -0.24365669809479357
v 0.4380220517328253 0.3134551985352815 -0.17649424705144062
vt 0.109375 0.53125
vt 0.09375 0.53125
vt 0.09375 0.515625
vt 0.109375 0.515625
vt 0.484375 0.890625
vt 0.484375 0.90625
vt 0.46875 0.90625
vt 0.46875 0.890625
vt 0 0.984375
vt 0 1
vt 0 0.984375
vt 0 1
vt 0 0.984375
vt 0 0.984375
vt 0 1
vt 0 1
vt 0 1
vt 0 1
vt 0 1
vt 0 1
vt 0 1
vt 0 1
vt 0 1
vt 0 1
vn -0.9238795325112867 0.20561565833058115 0.3227519333110307
vn 0.9238795325112867 -0.20561565833058115 -0.3227519333110307
vn 0 0 0
vn 0 0 0
vn 0 0 0
vn 0 0 0
usemtl m_2f782488-5985-7342-163e-a8a36ac958ed
f 2538/7609/1903 2537/7610/1903 2539/7611/1903 2540/7612/1903
f 2543/7613/1904 2541/7614/1904 2542/7615/1904 2544/7616/1904
f 2537/7617/1905 2538/7618/1905 2541/7619/1905 2542/7620/1905
f 2539/7621/1906 2543/7622/1906 2540/7623/1906 2544/7624/1906
f 2537/7625/1907 2541/7626/1907 2539/7627/1907 2543/7628/1907
f 2538/7629/1908 2540/7630/1908 2542/7631/1908 2544/7632/1908
o cuboid
v 0.5032568876102872 0.5391324676874131 -0.054896767168025
v 0.5032568876102872 0.4337085369608023 0.01226568387532797
v 0.48155086540192094 0.47299036518861615 -0.1587190715006132
v 0.48155086540192094 0.36756643446200543 -0.09155662045726022
v 0.5032568876102872 0.5391324676874131 -0.054896767168025
v 0.5032568876102872 0.4337085369608023 0.01226568387532797
v 0.48155086540192094 0.47299036518861615 -0.1587190715006132
v 0.48155086540192094 0.36756643446200543 -0.09155662045726022
vt 0.1328125 0.53125
vt 0.1171875 0.53125
vt 0.1171875 0.515625
vt 0.1328125 0.515625
vt 0.484375 0.8671875
vt 0.484375 0.8828125
vt 0.46875 0.8828125
vt 0.46875 0.8671875
vt 0 0.984375
vt 0 1
vt 0 0.984375
vt 0 1
vt 0 0.984375
vt 0 0.984375
vt 0 1
vt 0 1
vt 0 1
vt 0 1
vt 0 1
vt 0 1
vt 0 1
vt 0 1
vt 0 1
vt 0 1
vn -0.984807753012208 0.09330109785058152 0.14645338762528518
vn 0.984807753012208 -0.09330109785058152 -0.14645338762528518
vn 0 0 0
vn 0 0 0
vn 0 0 0
vn 0 0 0
usemtl m_2f782488-5985-7342-163e-a8a36ac958ed
f 2546/7633/1909 2545/7634/1909 2547/7635/1909 2548/7636/1909
f 2551/7637/1910 2549/7638/1910 2550/7639/1910 2552/7640/1910
f 2545/7641/1911 2546/7642/1911 2549/7643/1911 2550/7644/1911
f 2547/7645/1912 2551/7646/1912 2548/7647/1912 2552/7648/1912
f 2545/7649/1913 2549/7650/1913 2547/7651/1913 2551/7652/1913
f 2546/7653/1914 2548/7654/1914 2550/7655/1914 2552/7656/1914
o cuboid
v 0.5 0.5862931908849818 -0.019130739841628767
v 0.5 0.5191307398416288 0.08629319088498191
v 0.5 0.48086926015837117 -0.0862931908849818
v 0.5 0.4137068091150181 0.019130739841628892
v 0.5 0.5862931908849818 -0.019130739841628767
v 0.5 0.5191307398416288 0.08629319088498191
v 0.5 0.48086926015837117 -0.0862931908849818
v 0.5 0.4137068091150181 0.019130739841628892
vt 0.4140625 0.9296875
vt 0.3984375 0.9296875
vt 0.3984375 0.9140625
vt 0.4140625 0.9140625
vt 0.109375 0.5859375
vt 0.109375 0.6015625
vt 0.09375 0.6015625
vt 0.09375 0.5859375
vt 0 0.984375
vt 0 1
vt 0 0.984375
vt 0 1
vt 0 0.984375
vt 0 0.984375
vt 0 1
vt 0 1
vt 0 1
vt 0 1
vt 0 1
vt 0 1
vt 0 1
vt 0 1
vt 0 1
vt 0 1
vn -1 3.4774084542358216e-17 -1.1930447926174464e-16
vn 1 -3.4774084542358216e-17 1.1930447926174464e-16
vn 0 0 0
vn 0 0 0
vn 0 0 0
vn 0 0 0
usemtl m_2f782488-5985-7342-163e-a8a36ac958ed
f 2554/7657/1915 2553/7658/1915 2555/7659/1915 2556/7660/1915
f 2559/7661/1916 2557/7662/1916 2558/7663/1916 2560/7664/1916
f 2553/7665/1917 2554/7666/1917 2557/7667/1917 2558/7668/1917
f 2555/7669/1918 2559/7670/1918 2556/7671/1918 2560/7672/1918
f 2553/7673/1919 2557/7674/1919 2555/7675/1919 2559/7676/1919
f 2554/7677/1920 2556/7678/1920 2558/7679/1920 2560/7680/1920
o cuboid
v 0.47462052768883517 0.6763153662985354 0.03821971092754174
v 0.47462052768883517 0.6091529152551823 0.14364364165415244
v 0.501675479431098 0.573390403675257 -0.027350721854471807
v 0.501675479431098 0.5062279526319039 0.07807320887213888
v 0.47462052768883517 0.6763153662985354 0.03821971092754174
v 0.47462052768883517 0.6091529152551823 0.14364364165415244
v 0.501675479431098 0.573390403675257 -0.027350721854471807
v 0.501675479431098 0.5062279526319039 0.07807320887213888
vt 0.4140625 0.90625
vt 0.3984375 0.90625
vt 0.3984375 0.890625
vt 0.4140625 0.890625
vt 0.1328125 0.5859375
vt 0.1328125 0.6015625
vt 0.1171875 0.6015625
vt 0.1171875 0.5859375
vt 0 0.984375
vt 0 1
vt 0 0.984375
vt 0 1
vt 0 0.984375
vt 0 0.984375
vt 0 1
vt 0 1
vt 0 1
vt 0 1
vt 0 1
vt 0 1
vt 0 1
vt 0 1
vt 0 1
vt 0 1
vn -0.9762960071199334 -0.18254331893043935 -0.11629291979968064
vn 0.9762960071199334 0.18254331893043935 0.11629291979968064
vn 0 0 0
vn 0 0 0
vn 0 0 0
vn 0 0 0
usemtl m_2f782488-5985-7342-163e-a8a36ac958ed
f 2562/7681/1921 2561/7682/1921 2563/7683/1921 2564/7684/1921
f 2567/7685/1922 2565/7686/1922 2566/7687/1922 2568/7688/1922
f 2561/7689/1923 2562/7690/1923 2565/7691/1923 2566/7692/1923
f 2563/7693/1924 2567/7694/1924 2564/7695/1924 2568/7696/1924
f 2561/7697/1925 2565/7698/1925 2563/7699/1925 2567/7700/1925
f 2562/7701/1926 2564/7702/1926 2566/7703/1926 2568/7704/1926
o cuboid
v 0.4267402521595314 0.7595708035986546 0.09125927408197064
v 0.4267402521595314 0.6924083525553016 0.1966832048085813
v 0.4795675348771188 0.664024274241115 0.030389421704912017
v 0.4795675348771188 0.5968618231977619 0.1358133524315227
v 0.4267402521595314 0.7595708035986546 0.09125927408197064
v 0.4267402521595314 0.6924083525553016 0.1966832048085813
v 0.4795675348771188 0.664024274241115 0.030389421704912017
v 0.4795675348771188 0.5968618231977619 0.1358133524315227
vt 0.4140625 0.8828125
vt 0.3984375 0.8828125
vt 0.3984375 0.8671875
vt 0.4140625 0.8671875
vt 0.15625 0.5859375
vt 0.15625 0.6015625
vt 0.140625 0.6015625
vt 0.140625 0.5859375
vt 0 0.984375
vt 0 1
vt 0 0.984375
vt 0 1
vt 0 0.984375
vt 0 0.984375
vt 0 1
vt 0 1
vt 0 1
vt 0 1
vt 0 1
vt 0 1
vt 0 1
vt 0 1
vt 0 1
vt 0 1
vn -0.9063077870366503 -0.35643262679641663 -0.22707262651349336
vn 0.9063077870366503 0.35643262679641663 0.22707262651349336
vn 0 0 0
vn 0 0 0
vn 0 0 0
vn 0 0 0
usemtl m_2f782488-5985-7342-163e-a8a36ac958ed
f 2570/7705/1927 2569/7706/1927 2571/7707/1927 2572/7708/1927
f 2575/7709/1928 2573/7710/1928 2574/7711/1928 2576/7712/1928
f 2569/7713/1929 2570/7714/1929 2573/7715/1929 2574/7716/1929
f 2571/7717/1930 2575/7718/1930 2572/7719/1930 2576/7720/1930
f 2569/7721/1931 2573/7722/1931 2571/7723/1931 2575/7724/1931
f 2570/7725/1932 2572/7726/1932 2574/7727/1932 2576/7728/1932
o cuboid
v 0.3586290808325726 0.8321125301993622 0.1374734507669093
v 0.3586290808325726 0.7649500791560091 0.24289738149352003
v 0.43472425945866267 0.7484741026107737 0.08418989588951865
v 0.43472425945866267 0.6813116515674207 0.18961382661612936
v 0.3586290808325726 0.8321125301993622 0.1374734507669093
v 0.3586290808325726 0.7649500791560091 0.24289738149352003
v 0.43472425945866267 0.7484741026107737 0.08418989588951865
v 0.43472425945866267 0.6813116515674207 0.18961382661612936
vt 0.4140625 0.859375
vt 0.3984375 0.859375
vt 0.3984375 0.84375
vt 0.4140625 0.84375
vt 0.1796875 0.5859375
vt 0.1796875 0.6015625
vt 0.1640625 0.6015625
vt 0.1640625 0.5859375
vt 0 0.984375
vt 0 1
vt 0 0.984375
vt 0 1
vt 0 0.984375
vt 0 0.984375
vt 0 1
vt 0 1
vt 0 1
vt 0 1
vt 0 1
vt 0 1
vt 0 1
vt 0 1
vt 0 1
vt 0 1
vn -0.7933533402912354 -0.5134241817667831 -0.32708727738303867
vn 0.7933533402912354 0.5134241817667831 0.32708727738303867
vn 0 0 0
vn 0 0 0
vn 0 0 0
vn 0 0 0
usemtl m_2f782488-5985-7342-163e-a8a36ac958ed
f 2578/7729/1933 2577/7730/1933 2579/7731/1933 2580/7732/1933
f 2583/7733/1934 2581/7734/1934 2582/7735/1934 2584/7736/1934
f 2577/7737/1935 2578/7738/1935 2581/7739/1935 2582/7740/1935
f 2579/7741/1936 2583/7742/1936 2580/7743/1936 2584/7744/1936
f 2577/7745/1937 2581/7746/1937 2579/7747/1937 2583/7748/1937
f 2578/7749/1938 2580/7750/1938 2582/7751/1938 2584/7752/1938
o cuboid
v 0.2735160271483336 0.890501488958956 0.17467131995216173
v 0.2735160271483336 0.8233390379156029 0.2800952506787724
v 0.36927158253820586 0.8227362925234386 0.13150012858531562
v 0.36927158253820586 0.7555738414800856 0.23692405931192628
v 0.2735160271483336 0.890501488958956 0.17467131995216173
v 0.2735160271483336 0.8233390379156029 0.2800952506787724
v 0.36927158253820586 0.8227362925234386 0.13150012858531562
v 0.36927158253820586 0.7555738414800856 0.23692405931192628
vt 0.4140625 0.8359375
vt 0.3984375 0.8359375
vt 0.3984375 0.8203125
vt 0.4140625 0.8203125
vt 0.203125 0.5859375
vt 0.203125 0.6015625
vt 0.1875 0.6015625
vt 0.1875 0.5859375
vt 0 0.984375
vt 0 1
vt 0 0.984375
vt 0 1
vt 0 0.984375
vt 0 0.984375
vt 0 1
vt 0 1
vt 0 1
vt 0 1
vt 0 1
vt 0 1
vt 0 1
vt 0 1
vt 0 1
vt 0 1
vn -0.6427876096865395 -0.6460753304390414 -0.41159537926408796
vn 0.6427876096865395 0.6460753304390414 0.41159537926408796
vn 0 0 0
vn 0 0 0
vn 0 0 0
vn 0 0 0
usemtl m_2f782488-5985-7342-163e-a8a36ac958ed
f 2586/7753/1939 2585/7754/1939 2587/7755/1939 2588/7756/1939
f 2591/7757/1940 2589/7758/1940 2590/7759/1940 2592/7760/1940
f 2585/7761/1941 2586/7762/1941 2589/7763/1941 2590/7764/1941
f 2587/7765/1942 2591/7766/1942 2588/7767/1942 2592/7768/1942
f 2585/7769/1943 2589/7770/1943 2587/7771/1943 2591/7772/1943
f 2586/7773/1944 2588/7774/1944 2590/7775/1944 2592/7776/1944
o cuboid
v 0.1754361295438782 0.9319695769520122 0.2010894055850861
v 0.1754361295438782 0.8648071259086592 0.3065133363116968
v 0.2863124836911559 0.8832902231372133 0.17007723695435195
v 0.2863124836911559 0.8161277720938602 0.27550116768096267
v 0.1754361295438782 0.9319695769520122 0.2010894055850861
v 0.1754361295438782 0.8648071259086592 0.3065133363116968
v 0.2863124836911559 0.8832902231372133 0.17007723695435195
v 0.2863124836911559 0.8161277720938602 0.27550116768096267
vt 0.4140625 0.8125
vt 0.3984375 0.8125
vt 0.3984375 0.796875
vt 0.4140625 0.796875
vt 0.2265625 0.5859375
vt 0.2265625 0.6015625
vt 0.2109375 0.6015625
vt 0.2109375 0.5859375
vt 0 0.984375
vt 0 1
vt 0 0.984375
vt 0 1
vt 0 0.984375
vt 0 0.984375
vt 0 1
vt 0 1
vt 0 1
vt 0 1
vt 0 1
vt 0 1
vt 0 1
vt 0 1
vt 0 1
vt 0 1
vn -0.46174861323503413 -0.7480973490458726 -0.47659057326604876
vn 0.46174861323503413 0.7480973490458726 0.47659057326604876
vn 0 0 0
vn 0 0 0
vn 0 0 0
vn 0 0 0
usemtl m_2f782488-5985-7342-163e-a8a36ac958ed
f 2594/7777/1945 2593/7778/1945 2595/7779/1945 2596/7780/1945
f 2599/7781/1946 2597/7782/1946 2598/7783/1946 2600/7784/1946
f 2593/7785/1947 2594/7786/1947 2597/7787/1947 2598/7788/1947
f 2595/7789/1948 2599/7790/1948 2596/7791/1948 2600/7792/1948
f 2593/7793/1949 2597/7794/1949 2595/7795/1949 2599/7796/1949
f 2594/7797/1950 2596/7798/1950 2598/7799/1950 2600/7800/1950
o cuboid
v 0.0690391584081937 0.954550875653456 0.21547527943818684
v 0.06903915840819368 0.8873884246101029 0.32089921016479755
v 0.18977988669432722 0.9272651545718402 0.19809235799240138
v 0.18977988669432722 0.8601027035284872 0.3035162887190121
v 0.0690391584081937 0.954550875653456 0.21547527943818684
v 0.06903915840819368 0.8873884246101029 0.32089921016479755
v 0.18977988669432722 0.9272651545718402 0.19809235799240138
v 0.18977988669432722 0.8601027035284872 0.3035162887190121
vt 0.4140625 0.7890625
vt 0.3984375 0.7890625
vt 0.3984375 0.7734375
vt 0.4140625 0.7734375
vt 0.25 0.5859375
vt 0.25 0.6015625
vt 0.234375 0.6015625
vt 0.234375 0.5859375
vt 0 0.984375
vt 0 1
vt 0 0.984375
vt 0 1
vt 0 0.984375
vt 0 0.984375
vt 0 1
vt 0 1
vt 0 1
vt 0 1
vt 0 1
vt 0 1
vt 0 1
vt 0 1
vt 0 1
vt 0 1
vn -0.25881904510252096 -0.8146535791819434 -0.5189915681571989
vn 0.25881904510252096 0.8146535791819434 0.5189915681571989
vn 0 0 0
vn 0 0 0
vn 0 0 0
vn 0 0 0
usemtl m_2f782488-5985-7342-163e-a8a36ac958ed
f 2602/7801/1951 2601/7802/1951 2603/7803/1951 2604/7804/1951
f 2607/7805/1952 2605/7806/1952 2606/7807/1952 2608/7808/1952
f 2601/7809/1953 2602/7810/1953 2605/7811/1953 2606/7812/1953
f 2603/7813/1954 2607/7814/1954 2604/7815/1954 2608/7816/1954
f 2601/7817/1955 2605/7818/1955 2603/7819/1955 2607/7820/1955
f 2602/7821/1956 2604/7822/1956 2606/7823/1956 2608/7824/1956
o cuboid
v -0.04063082016619801 0.9571748511760043 0.21714693620868908
v -0.040630820166198026 0.8900124001326513 0.3225708669352998
v 0.08425020753153421 0.9525763239040639 0.21421735124022367
v 0.08425020753153419 0.8854138728607108 0.3196412819668344
v -0.04063082016619801 0.9571748511760043 0.21714693620868908
v -0.040630820166198026 0.8900124001326513 0.3225708669352998
v 0.08425020753153421 0.9525763239040639 0.21421735124022367
v 0.08425020753153419 0.8854138728607108 0.3196412819668344
vt 0.4140625 0.765625
vt 0.3984375 0.765625
vt 0.3984375 0.75
vt 0.4140625 0.75
vt 0.2734375 0.5859375
vt 0.2734375 0.6015625
vt 0.2578125 0.6015625
vt 0.2578125 0.5859375
vt 0 0.984375
vt 0 1
vt 0 0.984375
vt 0 1
vt 0 0.984375
vt 0 0.984375
vt 0 1
vt 0 1
vt 0 1
vt 0 1
vt 0 1
vt 0 1
vt 0 1
vt 0 1
vt 0 1
vt 0 1
vn -0.04361938736533619 -0.842588724036715 -0.5367882181755235
vn 0.04361938736533619 0.842588724036715 0.5367882181755235
vn 0 0 0
vn 0 0 0
vn 0 0 0
vn 0 0 0
usemtl m_2f782488-5985-7342-163e-a8a36ac958ed
f 2610/7825/1957 2609/7826/1957 2611/7827/1957 2612/7828/1957
f 2615/7829/1958 2613/7830/1958 2614/7831/1958 2616/7832/1958
f 2609/7833/1959 2610/7834/1959 2613/7835/1959 2614/7836/1959
f 2611/7837/1960 2615/7838/1960 2612/7839/1960 2616/7840/1960
f 2609/7841/1961 2613/7842/1961 2611/7843/1961 2615/7844/1961
f 2610/7845/1962 2612/7846/1962 2614/7847/1962 2616/7848/1962
o cuboid
v -0.14837457339672808 0.9397171061254488 0.20602512601622097
v -0.14837457339672808 0.8725546550820957 0.3114490567428317
v -0.02527360427020206 0.9580237795786094 0.21768776324754363
v -0.025273604270202074 0.8908613285352563 0.32311169397415435
v -0.14837457339672808 0.9397171061254488 0.20602512601622097
v -0.14837457339672808 0.8725546550820957 0.3114490567428317
v -0.02527360427020206 0.9580237795786094 0.21768776324754363
v -0.025273604270202074 0.8908613285352563 0.32311169397415435
vt 0.4140625 0.7421875
vt 0.3984375 0.7421875
vt 0.3984375 0.7265625
vt 0.4140625 0.7265625
vt 0.296875 0.5859375
vt 0.296875 0.6015625
vt 0.28125 0.6015625
vt 0.28125 0.5859375
vt 0 0.984375
vt 0 1
vt 0 0.984375
vt 0 1
vt 0 0.984375
vt 0 0.984375
vt 0 1
vt 0 1
vt 0 1
vt 0 1
vt 0 1
vt 0 1
vt 0 1
vt 0 1
vt 0 1
vt 0 1
vn 0.17364817766693014 -0.8305784346607051 -0.5291368199903753
vn -0.17364817766693014 0.8305784346607051 0.5291368199903753
vn 0 0 0
vn 0 0 0
vn 0 0 0
vn 0 0 0
usemtl m_2f782488-5985-7342-163e-a8a36ac958ed
f 2618/7849/1963 2617/7850/1963 2619/7851/1963 2620/7852/1963
f 2623/7853/1964 2621/7854/1964 2622/7855/1964 2624/7856/1964
f 2617/7857/1965 2618/7858/1965 2621/7859/1965 2622/7860/1965
f 2619/7861/1966 2623/7862/1966 2620/7863/1966 2624/7864/1966
f 2617/7865/1967 2621/7866/1967 2619/7867/1967 2623/7868/1967
f 2618/7869/1968 2620/7870/1968 2622/7871/1968 2624/7872/1968
o cuboid
v -0.24908418696450021 0.9030052770305506 0.18263711148001405
v -0.24908418696450021 0.8358428259871975 0.28806104220662476
v -0.13359924540058934 0.9433492686944294 0.20833906877133668
v -0.13359924540058934 0.8761868176510763 0.3137629994979474
v -0.24908418696450021 0.9030052770305506 0.18263711148001405
v -0.24908418696450021 0.8358428259871975 0.28806104220662476
v -0.13359924540058934 0.9433492686944294 0.20833906877133668
v -0.13359924540058934 0.8761868176510763 0.3137629994979474
vt 0.4140625 0.71875
vt 0.3984375 0.71875
vt 0.3984375 0.703125
vt 0.4140625 0.703125
vt 0.3203125 0.5859375
vt 0.3203125 0.6015625
vt 0.3046875 0.6015625
vt 0.3046875 0.5859375
vt 0 0.984375
vt 0 1
vt 0 0.984375
vt 0 1
vt 0 0.984375
vt 0 0.984375
vt 0 1
vt 0 1
vt 0 1
vt 0 1
vt 0 1
vt 0 1
vt 0 1
vt 0 1
vt 0 1
vt 0 1
vn 0.38268343236508956 -0.779192094681627 -0.49640011097796144
vn -0.38268343236508956 0.779192094681627 0.49640011097796144
vn 0 0 0
vn 0 0 0
vn 0 0 0
vn 0 0 0
usemtl m_2f782488-5985-7342-163e-a8a36ac958ed
f 2626/7873/1969 2625/7874/1969 2627/7875/1969 2628/7876/1969
f 2631/7877/1970 2629/7878/1970 2630/7879/1970 2632/7880/1970
f 2625/7881/1971 2626/7882/1971 2629/7883/1971 2630/7884/1971
f 2627/7885/1972 2631/7886/1972 2628/7887/1972 2632/7888/1972
f 2625/7889/1973 2629/7890/1973 2627/7891/1973 2631/7892/1973
f 2626/7893/1974 2628/7894/1974 2630/7895/1974 2632/7896/1974
o cuboid
v -0.33798522094358496 0.848779797762269 0.1480916712601585
v -0.33798522094358496 0.7816173467189159 0.2535156019867692
v -0.23559121540746097 0.9092484802545578 0.1866144705862065
v -0.23559121540746097 0.8420860292112048 0.2920384013128172
v -0.33798522094358496 0.848779797762269 0.1480916712601585
v -0.33798522094358496 0.7816173467189159 0.2535156019867692
v -0.23559121540746097 0.9092484802545578 0.1866144705862065
v -0.23559121540746097 0.8420860292112048 0.2920384013128172
vt 0.4140625 0.6953125
vt 0.3984375 0.6953125
vt 0.3984375 0.6796875
vt 0.4140625 0.6796875
vt 0.34375 0.5859375
vt 0.34375 0.6015625
vt 0.328125 0.6015625
vt 0.328125 0.5859375
vt 0 0.984375
vt 0 1
vt 0 0.984375
vt 0 1
vt 0 0.984375
vt 0 0.984375
vt 0 1
vt 0 1
vt 0 1
vt 0 1
vt 0 1
vt 0 1
vt 0 1
vt 0 1
vt 0 1
vt 0 1
vn 0.5735764363510459 -0.6908658269734737 -0.4401300725729757
vn -0.5735764363510459 0.6908658269734737 0.4401300725729757
vn 0 0 0
vn 0 0 0
vn 0 0 0
vn 0 0 0
usemtl m_2f782488-5985-7342-163e-a8a36ac958ed
f 2634/7897/1975 2633/7898/1975 2635/7899/1975 2636/7900/1975
f 2639/7901/1976 2637/7902/1976 2638/7903/1976 2640/7904/1976
f 2633/7905/1977 2634/7906/1977 2637/7907/1977 2638/7908/1977
f 2635/7909/1978 2639/7910/1978 2636/7911/1978 2640/7912/1978
f 2633/7913/1979 2637/7914/1979 2635/7915/1979 2639/7916/1979
f 2634/7917/1980 2636/7918/1980 2638/7919/1980 2640/7920/1980
o cuboid
v -0.4108630563810407 0.7796113890695908 0.10402653509467479
v -0.4108630563810407 0.7124489380262379 0.20945046582128546
v -0.32641428042908316 0.8573380639517614 0.15354388813355846
v -0.32641428042908316 0.7901756129084083 0.2589678188601691
v -0.4108630563810407 0.7796113890695908 0.10402653509467479
v -0.4108630563810407 0.7124489380262379 0.20945046582128546
v -0.32641428042908316 0.8573380639517614 0.15354388813355846
v -0.32641428042908316 0.7901756129084083 0.2589678188601691
vt 0.4140625 0.671875
vt 0.3984375 0.671875
vt 0.3984375 0.65625
vt 0.4140625 0.65625
vt 0.3671875 0.5859375
vt 0.3671875 0.6015625
vt 0.3515625 0.6015625
vt 0.3515625 0.5859375
vt 0 0.984375
vt 0 1
vt 0 0.984375
vt 0 1
vt 0 0.984375
vt 0 0.984375
vt 0 1
vt 0 1
vt 0 1
vt 0 1
vt 0 1
vt 0 1
vt 0 1
vt 0 1
vt 0 1
vt 0 1
vn 0.737277336810124 -0.5697870019779993 -0.3629943539548439
vn -0.737277336810124 0.5697870019779993 0.3629943539548439
vn 0 0 0
vn 0 0 0
vn 0 0 0
vn 0 0 0
usemtl m_2f782488-5985-7342-163e-a8a36ac958ed
f 2642/7921/1981 2641/7922/1981 2643/7923/1981 2644/7924/1981
f 2647/7925/1982 2645/7926/1982 2646/7927/1982 2648/7928/1982
f 2641/7929/1983 2642/7930/1983 2645/7931/1983 2646/7932/1983
f 2643/7933/1984 2647/7934/1984 2644/7935/1984 2648/7936/1984
f 2641/7937/1985 2645/7938/1985 2643/7939/1985 2647/7940/1985
f 2642/7941/1986 2644/7942/1986 2646/7943/1986 2648/7944/1986
o cuboid
v -0.46426270189221924 0.6987791858868702 0.05253074233141454
v -0.46426270189221924 0.6316167348435171 0.15795467305802524
v -0.40176270189221924 0.7900789880629259 0.11069513111538694
v -0.40176270189221924 0.7229165370195728 0.21611906184199764
v -0.46426270189221924 0.6987791858868702 0.05253074233141454
v -0.46426270189221924 0.6316167348435171 0.15795467305802524
v -0.40176270189221924 0.7900789880629259 0.11069513111538694
v -0.40176270189221924 0.7229165370195728 0.21611906184199764
vt 0.4140625 0.6484375
vt 0.3984375 0.6484375
vt 0.3984375 0.6328125
vt 0.4140625 0.6328125
vt 0.390625 0.5859375
vt 0.390625 0.6015625
vt 0.375 0.6015625
vt 0.375 0.5859375
vt 0 0.984375
vt 0 1
vt 0 0.984375
vt 0 1
vt 0 0.984375
vt 0 0.984375
vt 0 1
vt 0 1
vt 0 1
vt 0 1
vt 0 1
vt 0 1
vt 0 1
vt 0 1
vt 0 1
vt 0 1
vn 0.8660254037844386 -0.42169572290644297 -0.2686498041734121
vn -0.8660254037844386 0.42169572290644297 0.2686498041734121
vn 0 0 0
vn 0 0 0
vn 0 0 0
vn 0 0 0
usemtl m_2f782488-5985-7342-163e-a8a36ac958ed
f 2650/7945/1987 2649/7946/1987 2651/7947/1987 2652/7948/1987
f 2655/7949/1988 2653/7950/1988 2654/7951/1988 2656/7952/1988
f 2649/7953/1989 2650/7954/1989 2653/7955/1989 2654/7956/1989
f 2651/7957/1990 2655/7958/1990 2652/7959/1990 2656/7960/1990
f 2649/7961/1991 2653/7962/1991 2651/7963/1991 2655/7964/1991
f 2650/7965/1992 2652/7966/1992 2654/7967/1992 2656/7968/1992
o cuboid
v -0.4956525878431305 0.6101152801515533 -0.0039543952195948695
v -0.4956525878431305 0.5429528291082002 0.10146953550701582
v -0.45806436290509633 0.7106598699000287 0.06009957279424885
v -0.45806436290509633 0.6434974188566757 0.16552350352085954
v -0.4956525878431305 0.6101152801515533 -0.0039543952195948695
v -0.4956525878431305 0.5429528291082002 0.10146953550701582
v -0.45806436290509633 0.7106598699000287 0.06009957279424885
v -0.45806436290509633 0.6434974188566757 0.16552350352085954
vt 0.4140625 0.625
vt 0.3984375 0.625
vt 0.3984375 0.609375
vt 0.4140625 0.609375
vt 0.4140625 0.5859375
vt 0.4140625 0.6015625
vt 0.3984375 0.6015625
vt 0.3984375 0.5859375
vt 0 0.984375
vt 0 1
vt 0 0.984375
vt 0 1
vt 0 0.984375
vt 0 0.984375
vt 0 1
vt 0 1
vt 0 1
vt 0 1
vt 0 1
vt 0 1
vt 0 1
vt 0 1
vt 0 1
vt 0 1
vn 0.9537169507482268 -0.25361269900822886 -0.16156910830126467
vn -0.9537169507482268 0.25361269900822886 0.16156910830126467
vn 0 0 0
vn 0 0 0
vn 0 0 0
vn 0 0 0
usemtl m_2f782488-5985-7342-163e-a8a36ac958ed
f 2658/7969/1993 2657/7970/1993 2659/7971/1993 2660/7972/1993
f 2663/7973/1994 2661/7974/1994 2662/7975/1994 2664/7976/1994
f 2657/7977/1995 2658/7978/1995 2661/7979/1995 2662/7980/1995
f 2659/7981/1996 2663/7982/1996 2660/7983/1996 2664/7984/1996
f 2657/7985/1997 2661/7986/1997 2659/7987/1997 2663/7988/1997
f 2658/7989/1998 2660/7990/1998 2662/7991/1998 2664/7992/1998
o cuboid
v -0.5035445829676014 0.5178230490441779 -0.06275103096167596
v -0.5035445829676014 0.45066059800082486 0.04267289976493473
v -0.49265011512414403 0.6228458098860189 0.004155846678558742
v -0.49265011512414403 0.555683358842666 0.10957977740516943
v -0.5035445829676014 0.5178230490441779 -0.06275103096167596
v -0.5035445829676014 0.45066059800082486 0.04267289976493473
v -0.49265011512414403 0.6228458098860189 0.004155846678558742
v -0.49265011512414403 0.555683358842666 0.10957977740516943
vt 0.015625 0.578125
vt 0 0.578125
vt 0 0.5625
vt 0.015625 0.5625
vt 0.4375 0.984375
vt 0.4375 1
vt 0.421875 1
vt 0.421875 0.984375
vt 0 0.984375
vt 0 1
vt 0 0.984375
vt 0 1
vt 0 0.984375
vt 0 0.984375
vt 0 1
vt 0 1
vt 0 1
vt 0 1
vt 0 1
vt 0 1
vt 0 1
vt 0 1
vt 0 1
vt 0 1
vn 0.9961946980917455 -0.0735064078868438 -0.04682874644349346
vn -0.9961946980917455 0.0735064078868438 0.04682874644349346
vn 0 0 0
vn 0 0 0
vn 0 0 0
vn 0 0 0
usemtl m_2f782488-5985-7342-163e-a8a36ac958ed
f 2666/7993/1999 2665/7994/1999 2667/7995/1999 2668/7996/1999
f 2671/7997/2000 2669/7998/2000 2670/7999/2000 2672/8000/2000
f 2665/8001/2001 2666/8002/2001 2669/8003/2001 2670/8004/2001
f 2667/8005/2002 2671/8006/2002 2668/8007/2002 2672/8008/2002
f 2665/8009/2003 2669/8010/2003 2667/8011/2003 2671/8012/2003
f 2666/8013/2004 2668/8014/2004 2670/8015/2004 2672/8016/2004
o cuboid
v -0.48756454367315205 0.4262778813428533 -0.12107173482482458
v -0.48756454367315205 0.35911543029950027 -0.015647804098213897
v -0.5038803177006584 0.53079989572758 -0.05448386786062211
v -0.5038803177006584 0.463637444684227 0.05094006286598858
v -0.48756454367315205 0.4262778813428533 -0.12107173482482458
v -0.48756454367315205 0.35911543029950027 -0.015647804098213897
v -0.5038803177006584 0.53079989572758 -0.05448386786062211
v -0.5038803177006584 0.463637444684227 0.05094006286598858
vt 0.0390625 0.578125
vt 0.0234375 0.578125
vt 0.0234375 0.5625
vt 0.0390625 0.5625
vt 0.4375 0.9609375
vt 0.4375 0.9765625
vt 0.421875 0.9765625
vt 0.421875 0.9609375
vt 0 0.984375
vt 0 1
vt 0 0.984375
vt 0 1
vt 0 0.984375
vt 0 0.984375
vt 0 1
vt 0 1
vt 0 1
vt 0 1
vt 0 1
vt 0 1
vt 0 1
vt 0 1
vt 0 1
vt 0 1
vn 0.9914448613738105 0.11008467397291967 0.070131671958836
vn -0.9914448613738105 -0.11008467397291967 -0.070131671958836
vn 0 0 0
vn 0 0 0
vn 0 0 0
vn 0 0 0
usemtl m_2f782488-5985-7342-163e-a8a36ac958ed
f 2674/8017/2005 2673/8018/2005 2675/8019/2005 2676/8020/2005
f 2679/8021/2006 2677/8022/2006 2678/8023/2006 2680/8024/2006
f 2673/8025/2007 2674/8026/2007 2677/8027/2007 2678/8028/2007
f 2675/8029/2008 2679/8030/2008 2676/8031/2008 2680/8032/2008
f 2673/8033/2009 2677/8034/2009 2675/8035/2009 2679/8036/2009
f 2674/8037/2010 2676/8038/2010 2678/8039/2010 2680/8040/2010
o cuboid
v -0.44847005143509994 0.3398197490543733 -0.17615163971077535
v -0.44847005143509994 0.27265729801102023 -0.07072770898416465
v -0.4912225693508085 0.43888583881241416 -0.11303958007144167
v -0.4912225693508085 0.3717233877690611 -0.007615649344830985
v -0.44847005143509994 0.3398197490543733 -0.17615163971077535
v -0.44847005143509994 0.27265729801102023 -0.07072770898416465
v -0.4912225693508085 0.43888583881241416 -0.11303958007144167
v -0.4912225693508085 0.3717233877690611 -0.007615649344830985
vt 0.0625 0.578125
vt 0.046875 0.578125
vt 0.046875 0.5625
vt 0.0625 0.5625
vt 0.4375 0.9375
vt 0.4375 0.953125
vt 0.421875 0.953125
vt 0.421875 0.9375
vt 0 0.984375
vt 0 1
vt 0 0.984375
vt 0 1
vt 0 0.984375
vt 0 0.984375
vt 0 1
vt 0 1
vt 0 1
vt 0 1
vt 0 1
vt 0 1
vt 0 1
vt 0 1
vt 0 1
vt 0 1
vn 0.9396926207859085 0.2884568631765656 0.18376728905560633
vn -0.9396926207859085 -0.2884568631765656 -0.18376728905560633
vn 0 0 0
vn 0 0 0
vn 0 0 0
vn 0 0 0
usemtl m_2f782488-5985-7342-163e-a8a36ac958ed
f 2682/8041/2011 2681/8042/2011 2683/8043/2011 2684/8044/2011
f 2687/8045/2012 2685/8046/2012 2686/8047/2012 2688/8048/2012
f 2681/8049/2013 2682/8050/2013 2685/8051/2013 2686/8052/2013
f 2683/8053/2014 2687/8054/2014 2684/8055/2014 2688/8056/2014
f 2681/8057/2015 2685/8058/2015 2683/8059/2015 2687/8060/2015
f 2682/8061/2016 2684/8062/2016 2686/8063/2016 2688/8064/2016
o cuboid
v -0.3881144973847665 0.26254745808311736 -0.22537951827302594
v -0.3881144973847665 0.1953850070397643 -0.11995558754641523
v -0.45527694842811944 0.35146109944191106 -0.16873528158323525
v -0.45527694842811944 0.284298648398558 -0.06331135085662455
v -0.3881144973847665 0.26254745808311736 -0.22537951827302594
v -0.3881144973847665 0.1953850070397643 -0.11995558754641523
v -0.45527694842811944 0.35146109944191106 -0.16873528158323525
v -0.45527694842811944 0.284298648398558 -0.06331135085662455
vt 0.0859375 0.578125
vt 0.0703125 0.578125
vt 0.0703125 0.5625
vt 0.0859375 0.5625
vt 0.4375 0.9140625
vt 0.4375 0.9296875
vt 0.421875 0.9296875
vt 0.421875 0.9140625
vt 0 0.984375
vt 0 1
vt 0 0.984375
vt 0 1
vt 0 0.984375
vt 0 0.984375
vt 0 1
vt 0 1
vt 0 1
vt 0 1
vt 0 1
vt 0 1
vt 0 1
vt 0 1
vt 0 1
vt 0 1
vn 0.8433914458128859 0.4531538935183247 0.28869086912965053
vn -0.8433914458128859 -0.4531538935183247 -0.28869086912965053
vn 0 0 0
vn 0 0 0
vn 0 0 0
vn 0 0 0
usemtl m_2f782488-5985-7342-163e-a8a36ac958ed
f 2690/8065/2017 2689/8066/2017 2691/8067/2017 2692/8068/2017
f 2695/8069/2018 2693/8070/2018 2694/8071/2018 2696/8072/2018
f 2689/8073/2019 2690/8074/2019 2693/8075/2019 2694/8076/2019
f 2691/8077/2020 2695/8078/2020 2692/8079/2020 2696/8080/2020
f 2689/8081/2021 2693/8082/2021 2691/8083/2021 2695/8084/2021
f 2690/8085/2022 2692/8086/2022 2694/8087/2022 2696/8088/2022
o cuboid
v -0.3093592167691147 0.19812433209910402 -0.2664215759456953
v -0.3093592167691147 0.13096188105575096 -0.1609976452190846
v -0.3977475644174331 0.27267030841523127 -0.21893055137183087
v -0.3977475644174331 0.2055078573718782 -0.11350662064522017
v -0.3093592167691147 0.19812433209910402 -0.2664215759456953
v -0.3093592167691147 0.13096188105575096 -0.1609976452190846
v -0.3977475644174331 0.27267030841523127 -0.21893055137183087
v -0.3977475644174331 0.2055078573718782 -0.11350662064522017
vt 0.109375 0.578125
vt 0.09375 0.578125
vt 0.09375 0.5625
vt 0.109375 0.5625
vt 0.4375 0.890625
vt 0.4375 0.90625
vt 0.421875 0.90625
vt 0.421875 0.890625
vt 0 0.984375
vt 0 1
vt 0 0.984375
vt 0 1
vt 0 0.984375
vt 0 0.984375
vt 0 1
vt 0 1
vt 0 1
vt 0 1
vt 0 1
vt 0 1
vt 0 1
vt 0 1
vt 0 1
vt 0 1
vn 0.7071067811865478 0.5963678105290179 0.3799281965909155
vn -0.7071067811865478 -0.5963678105290179 -0.3799281965909155
vn 0 0 0
vn 0 0 0
vn 0 0 0
vn 0 0 0
usemtl m_2f782488-5985-7342-163e-a8a36ac958ed
f 2698/8089/2023 2697/8090/2023 2699/8091/2023 2700/8092/2023
f 2703/8093/2024 2701/8094/2024 2702/8095/2024 2704/8096/2024
f 2697/8097/2025 2698/8098/2025 2701/8099/2025 2702/8100/2025
f 2699/8101/2026 2703/8102/2026 2700/8103/2026 2704/8104/2026
f 2697/8105/2027 2701/8106/2027 2699/8107/2027 2703/8108/2027
f 2698/8109/2028 2700/8110/2028 2702/8111/2028 2704/8112/2028
o cuboid
v -0.21593783881010684 0.14960454174160653 -0.2973320914430711
v -0.21593783881010684 0.08244209069825348 -0.19190816071646044
v -0.3213617695367175 0.20624877843139722 -0.26124573280186475
v -0.3213617695367175 0.13908632738804416 -0.1558218020752541
v -0.21593783881010684 0.14960454174160653 -0.2973320914430711
v -0.21593783881010684 0.08244209069825348 -0.19190816071646044
v -0.3213617695367175 0.20624877843139722 -0.26124573280186475
v -0.3213617695367175 0.13908632738804416 -0.1558218020752541
vt 0.1328125 0.578125
vt 0.1171875 0.578125
vt 0.1171875 0.5625
vt 0.1328125 0.5625
vt 0.4375 0.8671875
vt 0.4375 0.8828125
vt 0.421875 0.8828125
vt 0.421875 0.8671875
vt 0 0.984375
vt 0 1
vt 0 0.984375
vt 0 1
vt 0 0.984375
vt 0 0.984375
vt 0 1
vt 0 1
vt 0 1
vt 0 1
vt 0 1
vt 0 1
vt 0 1
vt 0 1
vt 0 1
vt 0 1
vn 0.5372996083468244 0.7113091308703493 0.4531538935183252
vn -0.5372996083468244 -0.7113091308703493 -0.4531538935183252
vn 0 0 0
vn 0 0 0
vn 0 0 0
vn 0 0 0
usemtl m_2f782488-5985-7342-163e-a8a36ac958ed
f 2706/8113/2029 2705/8114/2029 2707/8115/2029 2708/8116/2029
f 2711/8117/2030 2709/8118/2030 2710/8119/2030 2712/8120/2030
f 2705/8121/2031 2706/8122/2031 2709/8123/2031 2710/8124/2031
f 2707/8125/2032 2711/8126/2032 2708/8127/2032 2712/8128/2032
f 2705/8129/2033 2709/8130/2033 2707/8131/2033 2711/8132/2033
f 2706/8133/2034 2708/8134/2034 2710/8135/2034 2712/8136/2034
o cuboid
v -0.11227928286371523 0.11928831254097783 -0.31664565948661544
v -0.11227928286371526 0.05212586149762477 -0.21122172876000472
v -0.22974086046195374 0.15534542043804866 -0.2936747483546646
v -0.22974086046195374 0.08818296939469561 -0.1882508176280539
v -0.11227928286371523 0.11928831254097783 -0.31664565948661544
v -0.11227928286371526 0.05212586149762477 -0.21122172876000472
v -0.22974086046195374 0.15534542043804866 -0.2936747483546646
v -0.22974086046195374 0.08818296939469561 -0.1882508176280539
vt 0.15625 0.578125
vt 0.140625 0.578125
vt 0.140625 0.5625
vt 0.15625 0.5625
vt 0.4375 0.84375
vt 0.4375 0.859375
vt 0.421875 0.859375
vt 0.421875 0.84375
vt 0 0.984375
vt 0 1
vt 0 0.984375
vt 0 1
vt 0 0.984375
vt 0 0.984375
vt 0 1
vt 0 1
vt 0 1
vt 0 1
vt 0 1
vt 0 1
vt 0 1
vt 0 1
vt 0 1
vt 0 1
vn 0.3420201433256691 0.7925287180643268 0.5048964771146693
vn -0.3420201433256691 -0.7925287180643268 -0.5048964771146693
vn 0 0 0
vn 0 0 0
vn 0 0 0
vn 0 0 0
usemtl m_2f782488-5985-7342-163e-a8a36ac958ed
f 2714/8137/2035 2713/8138/2035 2715/8139/2035 2716/8140/2035
f 2719/8141/2036 2717/8142/2036 2718/8143/2036 2720/8144/2036
f 2713/8145/2037 2714/8146/2037 2717/8147/2037 2718/8148/2037
f 2715/8149/2038 2719/8150/2038 2716/8151/2038 2720/8152/2038
f 2713/8153/2039 2717/8154/2039 2715/8155/2039 2719/8156/2039
f 2714/8157/2040 2716/8158/2040 2718/8159/2040 2720/8160/2040
o cuboid
v -0.0032977922741627206 0.10861287585946222 -0.32344666271754247
v -0.0032977922741627354 0.041450424816109166 -0.21802273199093175
v -0.12722839994588903 0.12237346010607719 -0.31468020372268796
v -0.12722839994588903 0.05521100906272414 -0.20925627299607724
v -0.0032977922741627206 0.10861287585946222 -0.32344666271754247
v -0.0032977922741627354 0.041450424816109166 -0.21802273199093175
v -0.12722839994588903 0.12237346010607719 -0.31468020372268796
v -0.12722839994588903 0.05521100906272414 -0.20925627299607724
vt 0.1796875 0.578125
vt 0.1640625 0.578125
vt 0.1640625 0.5625
vt 0.1796875 0.5625
vt 0.4375 0.8203125
vt 0.4375 0.8359375
vt 0.421875 0.8359375
vt 0.421875 0.8203125
vt 0 0.984375
vt 0 1
vt 0 0.984375
vt 0 1
vt 0 0.984375
vt 0 0.984375
vt 0 1
vt 0 1
vt 0 1
vt 0 1
vt 0 1
vt 0 1
vt 0 1
vt 0 1
vt 0 1
vt 0 1
vn 0.13052619222005177 0.8361761150778139 0.5327029357136198
vn -0.13052619222005177 -0.8361761150778139 -0.5327029357136198
vn 0 0 0
vn 0 0 0
vn 0 0 0
vn 0 0 0
usemtl m_2f782488-5985-7342-163e-a8a36ac958ed
f 2722/8161/2041 2721/8162/2041 2723/8163/2041 2724/8164/2041
f 2727/8165/2042 2725/8166/2042 2726/8167/2042 2728/8168/2042
f 2721/8169/2043 2722/8170/2043 2725/8171/2043 2726/8172/2043
f 2723/8173/2044 2727/8174/2044 2724/8175/2044 2728/8176/2044
f 2721/8177/2045 2725/8178/2045 2723/8179/2045 2727/8180/2045
f 2722/8181/2046 2724/8182/2046 2726/8183/2046 2728/8184/2046
o cuboid
v 0.10584004000456314 0.11808433264724005 -0.31741267927152594
v 0.10584004000456311 0.050921881603887 -0.21198874854491523
v -0.018684297256905097 0.10889603166138462 -0.3232662725769626
v -0.01868429725690511 0.04173358061803156 -0.2178423418503519
v 0.10584004000456314 0.11808433264724005 -0.31741267927152594
v 0.10584004000456311 0.050921881603887 -0.21198874854491523
v -0.018684297256905097 0.10889603166138462 -0.3232662725769626
v -0.01868429725690511 0.04173358061803156 -0.2178423418503519
vt 0.203125 0.578125
vt 0.1875 0.578125
vt 0.1875 0.5625
vt 0.203125 0.5625
vt 0.4375 0.796875
vt 0.4375 0.8125
vt 0.421875 0.8125
vt 0.421875 0.796875
vt 0 0.984375
vt 0 1
vt 0 0.984375
vt 0 1
vt 0 0.984375
vt 0 0.984375
vt 0 1
vt 0 1
vt 0 1
vt 0 1
vt 0 1
vt 0 1
vt 0 1
vt 0 1
vt 0 1
vt 0 1
vn -0.087155742747658 0.8401820867347283 0.5352550211218777
vn 0.087155742747658 -0.8401820867347283 -0.5352550211218777
vn 0 0 0
vn 0 0 0
vn 0 0 0
vn 0 0 0
usemtl m_2f782488-5985-7342-163e-a8a36ac958ed
f 2730/8185/2047 2729/8186/2047 2731/8187/2047 2732/8188/2047
f 2735/8189/2048 2733/8190/2048 2734/8191/2048 2736/8192/2048
f 2729/8193/2049 2730/8194/2049 2733/8195/2049 2734/8196/2049
f 2731/8197/2050 2735/8198/2050 2732/8199/2050 2736/8200/2050
f 2729/8201/2051 2733/8202/2051 2731/8203/2051 2735/8204/2051
f 2730/8205/2052 2732/8206/2052 2734/8207/2052 2736/8208/2052
o cuboid
v 0.20996020917390074 0.147253660215789 -0.2988297681498512
v 0.20996020917390074 0.08009120917243595 -0.19340583742324047
v 0.0907455903303724 0.11555207283976043 -0.3190259066875093
v 0.09074559033037237 0.04838962179640738 -0.21360197596089858
v 0.20996020917390074 0.147253660215789 -0.2988297681498512
v 0.20996020917390074 0.08009120917243595 -0.19340583742324047
v 0.0907455903303724 0.11555207283976043 -0.3190259066875093
v 0.09074559033037237 0.04838962179640738 -0.21360197596089858
vt 0.2265625 0.578125
vt 0.2109375 0.578125
vt 0.2109375 0.5625
vt 0.2265625 0.5625
vt 0.4375 0.7734375
vt 0.4375 0.7890625
vt 0.421875 0.7890625
vt 0.421875 0.7734375
vt 0 0.984375
vt 0 1
vt 0 0.984375
vt 0 1
vt 0 0.984375
vt 0 0.984375
vt 0 1
vt 0 1
vt 0 1
vt 0 1
vt 0 1
vt 0 1
vt 0 1
vt 0 1
vt 0 1
vt 0 1
vn -0.3007057995042731 0.8043567179878036 0.5124317441107498
vn 0.3007057995042731 -0.8043567179878036 -0.5124317441107498
vn 0 0 0
vn 0 0 0
vn 0 0 0
vn 0 0 0
usemtl m_2f782488-5985-7342-163e-a8a36ac958ed
f 2738/8209/2053 2737/8210/2053 2739/8211/2053 2740/8212/2053
f 2743/8213/2054 2741/8214/2054 2742/8215/2054 2744/8216/2054
f 2737/8217/2055 2738/8218/2055 2741/8219/2055 2742/8220/2055
f 2739/8221/2056 2743/8222/2056 2740/8223/2056 2744/8224/2056
f 2737/8225/2057 2741/8226/2057 2739/8227/2057 2743/8228/2057
f 2738/8229/2058 2740/8230/2058 2742/8231/2058 2744/8232/2058
o cuboid
v 0.30412658773652734 0.19473799949910625 -0.26857890773835674
v 0.30412658773652734 0.1275755484557532 -0.16315497701174603
v 0.19587341226347246 0.1420260341358009 -0.30216013326003327
v 0.19587341226347246 0.07486358309244784 -0.19673620253342256
v 0.30412658773652734 0.19473799949910625 -0.26857890773835674
v 0.30412658773652734 0.1275755484557532 -0.16315497701174603
v 0.19587341226347246 0.1420260341358009 -0.30216013326003327
v 0.19587341226347246 0.07486358309244784 -0.19673620253342256
vt 0.25 0.578125
vt 0.234375 0.578125
vt 0.234375 0.5625
vt 0.25 0.5625
vt 0.4375 0.75
vt 0.4375 0.765625
vt 0.421875 0.765625
vt 0.421875 0.75
vt 0 0.984375
vt 0 1
vt 0 0.984375
vt 0 1
vt 0 0.984375
vt 0 0.984375
vt 0 1
vt 0 1
vt 0 1
vt 0 1
vt 0 1
vt 0 1
vt 0 1
vt 0 1
vt 0 1
vt 0 1
vn -0.4999999999999998 0.7303984174084459 0.4653151102717793
vn 0.4999999999999998 -0.7303984174084459 -0.4653151102717793
vn 0 0 0
vn 0 0 0
vn 0 0 0
vn 0 0 0
usemtl m_2f782488-5985-7342-163e-a8a36ac958ed
f 2746/8233/2059 2745/8234/2059 2747/8235/2059 2748/8236/2059
f 2751/8237/2060 2749/8238/2060 2750/8239/2060 2752/8240/2060
f 2745/8241/2061 2746/8242/2061 2749/8243/2061 2750/8244/2061
f 2747/8245/2062 2751/8246/2062 2748/8247/2062 2752/8248/2062
f 2745/8249/2063 2749/8250/2063 2747/8251/2063 2751/8252/2063
f 2746/8253/2064 2748/8254/2064 2750/8255/2064 2752/8256/2064
o cuboid
v 0.3838749373584628 0.2582862136166194 -0.22809423039666216
v 0.3838749373584628 0.19112376257326635 -0.12267029967005146
v 0.29171527025719735 0.18706283836936954 -0.2734685246410177
v 0.29171527025719735 0.11990038732601649 -0.16804459391440696
v 0.3838749373584628 0.2582862136166194 -0.22809423039666216
v 0.3838749373584628 0.19112376257326635 -0.12267029967005146
v 0.29171527025719735 0.18706283836936954 -0.2734685246410177
v 0.29171527025719735 0.11990038732601649 -0.16804459391440696
vt 0.2734375 0.578125
vt 0.2578125 0.578125
vt 0.2578125 0.5625
vt 0.2734375 0.5625
vt 0.4375 0.7265625
vt 0.4375 0.7421875
vt 0.421875 0.7421875
vt 0.421875 0.7265625
vt 0 0.984375
vt 0 1
vt 0 0.984375
vt 0 1
vt 0 0.984375
vt 0 0.984375
vt 0 1
vt 0 1
vt 0 1
vt 0 1
vt 0 1
vt 0 1
vt 0 1
vt 0 1
vt 0 1
vt 0 1
vn -0.6755902076156604 0.6218133990573642 0.39613882431106917
vn 0.6755902076156604 -0.6218133990573642 -0.39613882431106917
vn 0 0 0
vn 0 0 0
vn 0 0 0
vn 0 0 0
usemtl m_2f782488-5985-7342-163e-a8a36ac958ed
f 2754/8257/2065 2753/8258/2065 2755/8259/2065 2756/8260/2065
f 2759/8261/2066 2757/8262/2066 2758/8263/2066 2760/8264/2066
f 2753/8265/2067 2754/8266/2067 2757/8267/2067 2758/8268/2067
f 2755/8269/2068 2759/8270/2068 2756/8271/2068 2760/8272/2068
f 2753/8273/2069 2757/8274/2069 2755/8275/2069 2759/8276/2069
f 2754/8277/2070 2756/8278/2070 2758/8279/2070 2760/8280/2070
o cuboid
v 0.4454245494164362 0.33488560973836295 -0.1792950331316865
v 0.4454245494164362 0.2677231586950099 -0.07387110240507579
v 0.37372749487255547 0.24852738136667873 -0.23431129220330843
v 0.37372749487255547 0.18136493032332568 -0.12888736147669771
v 0.4454245494164362 0.33488560973836295 -0.1792950331316865
v 0.4454245494164362 0.2677231586950099 -0.07387110240507579
v 0.37372749487255547 0.24852738136667873 -0.23431129220330843
v 0.37372749487255547 0.18136493032332568 -0.12888736147669771
vt 0.296875 0.578125
vt 0.28125 0.578125
vt 0.28125 0.5625
vt 0.296875 0.5625
vt 0.4375 0.703125
vt 0.4375 0.71875
vt 0.421875 0.71875
vt 0.421875 0.703125
vt 0 0.984375
vt 0 1
vt 0 0.984375
vt 0 1
vt 0 0.984375
vt 0 0.984375
vt 0 1
vt 0 1
vt 0 1
vt 0 1
vt 0 1
vt 0 1
vt 0 1
vt 0 1
vt 0 1
vt 0 1
vn -0.8191520442889917 0.48374945993831137 0.3081823946083842
vn 0.8191520442889917 -0.48374945993831137 -0.3081823946083842
vn 0 0 0
vn 0 0 0
vn 0 0 0
vn 0 0 0
usemtl m_2f782488-5985-7342-163e-a8a36ac958ed
f 2762/8281/2071 2761/8282/2071 2763/8283/2071 2764/8284/2071
f 2767/8285/2072 2765/8286/2072 2766/8287/2072 2768/8288/2072
f 2761/8289/2073 2762/8290/2073 2765/8291/2073 2766/8292/2073
f 2763/8293/2074 2767/8294/2074 2764/8295/2074 2768/8296/2074
f 2761/8297/2075 2765/8298/2075 2763/8299/2075 2767/8300/2075
f 2762/8301/2076 2764/8302/2076 2766/8303/2076 2768/8304/2076
o cuboid
v 0.48585748077846147 0.4209047647837627 -0.12449478759247333
v 0.48585748077846147 0.3537423137404097 -0.019070856865862643
v 0.43802205173282527 0.3235057529485594 -0.18654480146471852
v 0.43802205173282527 0.2563433019052063 -0.08112087073810782
v 0.48585748077846147 0.4209047647837627 -0.12449478759247333
v 0.48585748077846147 0.3537423137404097 -0.019070856865862643
v 0.43802205173282527 0.3235057529485594 -0.18654480146471852
v 0.43802205173282527 0.2563433019052063 -0.08112087073810782
vt 0.3203125 0.578125
vt 0.3046875 0.578125
vt 0.3046875 0.5625
vt 0.3203125 0.5625
vt 0.4375 0.6796875
vt 0.4375 0.6953125
vt 0.421875 0.6953125
vt 0.421875 0.6796875
vt 0 0.984375
vt 0 1
vt 0 0.984375
vt 0 1
vt 0 0.984375
vt 0 0.984375
vt 0 1
vt 0 1
vt 0 1
vt 0 1
vt 0 1
vt 0 1
vt 0 1
vt 0 1
vt 0 1
vt 0 1
vn -0.9238795325112867 0.3227519333110309 0.20561565833058118
vn 0.9238795325112867 -0.3227519333110309 -0.20561565833058118
vn 0 0 0
vn 0 0 0
vn 0 0 0
vn 0 0 0
usemtl m_2f782488-5985-7342-163e-a8a36ac958ed
f 2770/8305/2077 2769/8306/2077 2771/8307/2077 2772/8308/2077
f 2775/8309/2078 2773/8310/2078 2774/8311/2078 2776/8312/2078
f 2769/8313/2079 2770/8314/2079 2773/8315/2079 2774/8316/2079
f 2771/8317/2080 2775/8318/2080 2772/8319/2080 2776/8320/2080
f 2769/8321/2081 2773/8322/2081 2771/8323/2081 2775/8324/2081
f 2770/8325/2082 2772/8326/2082 2774/8327/2082 2776/8328/2082
o cuboid
v 0.5032568876102872 0.5122656838753279 -0.06629146303919758
v 0.5032568876102872 0.44510323283197484 0.03913246768741311
v 0.48155086540192094 0.40844337954273974 -0.1324335655379945
v 0.48155086540192094 0.3412809284993867 -0.027009634811383812
v 0.5032568876102872 0.5122656838753279 -0.06629146303919758
v 0.5032568876102872 0.44510323283197484 0.03913246768741311
v 0.48155086540192094 0.40844337954273974 -0.1324335655379945
v 0.48155086540192094 0.3412809284993867 -0.027009634811383812
vt 0.34375 0.578125
vt 0.328125 0.578125
vt 0.328125 0.5625
vt 0.34375 0.5625
vt 0.4375 0.65625
vt 0.4375 0.671875
vt 0.421875 0.671875
vt 0.421875 0.65625
vt 0 0.984375
vt 0 1
vt 0 0.984375
vt 0 1
vt 0 0.984375
vt 0 0.984375
vt 0 1
vt 0 1
vt 0 1
vt 0 1
vt 0 1
vt 0 1
vt 0 1
vt 0 1
vt 0 1
vt 0 1
vn -0.9848077530122081 0.14645338762528537 0.09330109785058141
vn 0.9848077530122081 -0.14645338762528537 -0.09330109785058141
vn 0 0 0
vn 0 0 0
vn 0 0 0
vn 0 0 0
usemtl m_2f782488-5985-7342-163e-a8a36ac958ed
f 2778/8329/2083 2777/8330/2083 2779/8331/2083 2780/8332/2083
f 2783/8333/2084 2781/8334/2084 2782/8335/2084 2784/8336/2084
f 2777/8337/2085 2778/8338/2085 2781/8339/2085 2782/8340/2085
f 2779/8341/2086 2783/8342/2086 2780/8343/2086 2784/8344/2086
f 2777/8345/2087 2781/8346/2087 2779/8347/2087 2783/8348/2087
f 2778/8349/2088 2780/8350/2088 2782/8351/2088 2784/8352/2088
o cuboid
v 0.5 0.48086926015837095 0.08629319088498191
v 0.5 0.41370680911501795 -0.019130739841628802
v 0.5 0.5862931908849817 0.019130739841628927
v 0.5 0.5191307398416287 -0.08629319088498179
v 0.5 0.48086926015837095 0.08629319088498191
v 0.5 0.41370680911501795 -0.019130739841628802
v 0.5 0.5862931908849817 0.019130739841628927
v 0.5 0.5191307398416287 -0.08629319088498179
vt 0.6015625 0.7890625
vt 0.5859375 0.7890625
vt 0.5859375 0.7734375
vt 0.6015625 0.7734375
vt 0.25 0.3984375
vt 0.25 0.4140625
vt 0.234375 0.4140625
vt 0.234375 0.3984375
vt 0 0.984375
vt 0 1
vt 0 0.984375
vt 0 1
vt 0 0.984375
vt 0 0.984375
vt 0 1
vt 0 1
vt 0 1
vt 0 1
vt 0 1
vt 0 1
vt 0 1
vt 0 1
vt 0 1
vt 0 1
vn -1 4.093151253077045e-16 -1.1930447926174456e-16
vn 1 -4.093151253077045e-16 1.1930447926174456e-16
vn 0 0 0
vn 0 0 0
vn 0 0 0
vn 0 0 0
usemtl m_2f782488-5985-7342-163e-a8a36ac958ed
f 2786/8353/2089 2785/8354/2089 2787/8355/2089 2788/8356/2089
f 2791/8357/2090 2789/8358/2090 2790/8359/2090 2792/8360/2090
f 2785/8361/2091 2786/8362/2091 2789/8363/2091 2790/8364/2091
f 2787/8365/2092 2791/8366/2092 2788/8367/2092 2792/8368/2092
f 2785/8369/2093 2789/8370/2093 2787/8371/2093 2791/8372/2093
f 2786/8373/2094 2788/8374/2094 2790/8375/2094 2792/8376/2094
o cuboid
v 0.47462052768883517 0.39084708474481733 0.1436436416541524
v 0.47462052768883517 0.3236846337014644 0.03821971092754167
v 0.501675479431098 0.4937720473680958 0.07807320887213887
v 0.501675479431098 0.4266095963247428 -0.02735072185447185
v 0.47462052768883517 0.39084708474481733 0.1436436416541524
v 0.47462052768883517 0.3236846337014644 0.03821971092754167
v 0.501675479431098 0.4937720473680958 0.07807320887213887
v 0.501675479431098 0.4266095963247428 -0.02735072185447185
vt 0.6015625 0.765625
vt 0.5859375 0.765625
vt 0.5859375 0.75
vt 0.6015625 0.75
vt 0.2734375 0.3984375
vt 0.2734375 0.4140625
vt 0.2578125 0.4140625
vt 0.2578125 0.3984375
vt 0 0.984375
vt 0 1
vt 0 0.984375
vt 0 1
vt 0 0.984375
vt 0 0.984375
vt 0 1
vt 0 1
vt 0 1
vt 0 1
vt 0 1
vt 0 1
vt 0 1
vt 0 1
vt 0 1
vt 0 1
vn -0.9762960071199334 0.1825433189304398 -0.11629291979968055
vn 0.9762960071199334 -0.1825433189304398 0.11629291979968055
vn 0 0 0
vn 0 0 0
vn 0 0 0
vn 0 0 0
usemtl m_2f782488-5985-7342-163e-a8a36ac958ed
f 2794/8377/2095 2793/8378/2095 2795/8379/2095 2796/8380/2095
f 2799/8381/2096 2797/8382/2096 2798/8383/2096 2800/8384/2096
f 2793/8385/2097 2794/8386/2097 2797/8387/2097 2798/8388/2097
f 2795/8389/2098 2799/8390/2098 2796/8391/2098 2800/8392/2098
f 2793/8393/2099 2797/8394/2099 2795/8395/2099 2799/8396/2099
f 2794/8397/2100 2796/8398/2100 2798/8399/2100 2800/8400/2100
o cuboid
v 0.42674025215953126 0.30759164744469814 0.19668320480858126
v 0.42674025215953126 0.24042919640134514 0.09125927408197054
v 0.4795675348771187 0.40313817680223774 0.13581335243152268
v 0.4795675348771187 0.3359757257588848 0.030389421704911962
v 0.42674025215953126 0.30759164744469814 0.19668320480858126
v 0.42674025215953126 0.24042919640134514 0.09125927408197054
v 0.4795675348771187 0.40313817680223774 0.13581335243152268
v 0.4795675348771187 0.3359757257588848 0.030389421704911962
vt 0.6015625 0.7421875
vt 0.5859375 0.7421875
vt 0.5859375 0.7265625
vt 0.6015625 0.7265625
vt 0.296875 0.3984375
vt 0.296875 0.4140625
vt 0.28125 0.4140625
vt 0.28125 0.3984375
vt 0 0.984375
vt 0 1
vt 0 0.984375
vt 0 1
vt 0 0.984375
vt 0 0.984375
vt 0 1
vt 0 1
vt 0 1
vt 0 1
vt 0 1
vt 0 1
vt 0 1
vt 0 1
vt 0 1
vt 0 1
vn -0.90630778703665 0.35643262679641713 -0.22707262651349322
vn 0.90630778703665 -0.35643262679641713 0.22707262651349322
vn 0 0 0
vn 0 0 0
vn 0 0 0
vn 0 0 0
usemtl m_2f782488-5985-7342-163e-a8a36ac958ed
f 2802/8401/2101 2801/8402/2101 2803/8403/2101 2804/8404/2101
f 2807/8405/2102 2805/8406/2102 2806/8407/2102 2808/8408/2102
f 2801/8409/2103 2802/8410/2103 2805/8411/2103 2806/8412/2103
f 2803/8413/2104 2807/8414/2104 2804/8415/2104 2808/8416/2104
f 2801/8417/2105 2805/8418/2105 2803/8419/2105 2807/8420/2105
f 2802/8421/2106 2804/8422/2106 2806/8423/2106 2808/8424/2106
o cuboid
v 0.3586290808325725 0.2350499208439905 0.24289738149351991
v 0.3586290808325725 0.16788746980063757 0.1374734507669092
v 0.43472425945866255 0.3186883484325789 0.18961382661612924
v 0.43472425945866255 0.2515258973892259 0.08418989588951853
v 0.3586290808325725 0.2350499208439905 0.24289738149351991
v 0.3586290808325725 0.16788746980063757 0.1374734507669092
v 0.43472425945866255 0.3186883484325789 0.18961382661612924
v 0.43472425945866255 0.2515258973892259 0.08418989588951853
vt 0.6015625 0.71875
vt 0.5859375 0.71875
vt 0.5859375 0.703125
vt 0.6015625 0.703125
vt 0.3203125 0.3984375
vt 0.3203125 0.4140625
vt 0.3046875 0.4140625
vt 0.3046875 0.3984375
vt 0 0.984375
vt 0 1
vt 0 0.984375
vt 0 1
vt 0 0.984375
vt 0 0.984375
vt 0 1
vt 0 1
vt 0 1
vt 0 1
vt 0 1
vt 0 1
vt 0 1
vt 0 1
vt 0 1
vt 0 1
vn -0.793353340291235 0.5134241817667834 -0.32708727738303844
vn 0.793353340291235 -0.5134241817667834 0.32708727738303844
vn 0 0 0
vn 0 0 0
vn 0 0 0
vn 0 0 0
usemtl m_2f782488-5985-7342-163e-a8a36ac958ed
f 2810/8425/2107 2809/8426/2107 2811/8427/2107 2812/8428/2107
f 2815/8429/2108 2813/8430/2108 2814/8431/2108 2816/8432/2108
f 2809/8433/2109 2810/8434/2109 2813/8435/2109 2814/8436/2109
f 2811/8437/2110 2815/8438/2110 2812/8439/2110 2816/8440/2110
f 2809/8441/2111 2813/8442/2111 2811/8443/2111 2815/8444/2111
f 2810/8445/2112 2812/8446/2112 2814/8447/2112 2816/8448/2112
o cuboid
v 0.2735160271483335 0.1766609620843968 0.2800952506787723
v 0.2735160271483335 0.10949851104104386 0.17467131995216156
v 0.36927158253820574 0.24442615851991417 0.23692405931192617
v 0.36927158253820574 0.17726370747656123 0.13150012858531546
v 0.2735160271483335 0.1766609620843968 0.2800952506787723
v 0.2735160271483335 0.10949851104104386 0.17467131995216156
v 0.36927158253820574 0.24442615851991417 0.23692405931192617
v 0.36927158253820574 0.17726370747656123 0.13150012858531546
vt 0.6015625 0.6953125
vt 0.5859375 0.6953125
vt 0.5859375 0.6796875
vt 0.6015625 0.6796875
vt 0.34375 0.3984375
vt 0.34375 0.4140625
vt 0.328125 0.4140625
vt 0.328125 0.3984375
vt 0 0.984375
vt 0 1
vt 0 0.984375
vt 0 1
vt 0 0.984375
vt 0 0.984375
vt 0 1
vt 0 1
vt 0 1
vt 0 1
vt 0 1
vt 0 1
vt 0 1
vt 0 1
vt 0 1
vt 0 1
vn -0.6427876096865393 0.646075330439042 -0.41159537926408774
vn 0.6427876096865393 -0.646075330439042 0.41159537926408774
vn 0 0 0
vn 0 0 0
vn 0 0 0
vn 0 0 0
usemtl m_2f782488-5985-7342-163e-a8a36ac958ed
f 2818/8449/2113 2817/8450/2113 2819/8451/2113 2820/8452/2113
f 2823/8453/2114 2821/8454/2114 2822/8455/2114 2824/8456/2114
f 2817/8457/2115 2818/8458/2115 2821/8459/2115 2822/8460/2115
f 2819/8461/2116 2823/8462/2116 2820/8463/2116 2824/8464/2116
f 2817/8465/2117 2821/8466/2117 2819/8467/2117 2823/8468/2117
f 2818/8469/2118 2820/8470/2118 2822/8471/2118 2824/8472/2118
o cuboid
v 0.175436129543878 0.13519287409134068 0.30651333631169664
v 0.175436129543878 0.06803042304798773 0.20108940558508592
v 0.28631248369115575 0.18387222790613938 0.27550116768096256
v 0.28631248369115575 0.11670977686278644 0.17007723695435184
v 0.175436129543878 0.13519287409134068 0.30651333631169664
v 0.175436129543878 0.06803042304798773 0.20108940558508592
v 0.28631248369115575 0.18387222790613938 0.27550116768096256
v 0.28631248369115575 0.11670977686278644 0.17007723695435184
vt 0.6015625 0.671875
vt 0.5859375 0.671875
vt 0.5859375 0.65625
vt 0.6015625 0.65625
vt 0.3671875 0.3984375
vt 0.3671875 0.4140625
vt 0.3515625 0.4140625
vt 0.3515625 0.3984375
vt 0 0.984375
vt 0 1
vt 0 0.984375
vt 0 1
vt 0 0.984375
vt 0 0.984375
vt 0 1
vt 0 1
vt 0 1
vt 0 1
vt 0 1
vt 0 1
vt 0 1
vt 0 1
vt 0 1
vt 0 1
vn -0.46174861323503374 0.7480973490458729 -0.4765905732660485
vn 0.46174861323503374 -0.7480973490458729 0.4765905732660485
vn 0 0 0
vn 0 0 0
vn 0 0 0
vn 0 0 0
usemtl m_2f782488-5985-7342-163e-a8a36ac958ed
f 2826/8473/2119 2825/8474/2119 2827/8475/2119 2828/8476/2119
f 2831/8477/2120 2829/8478/2120 2830/8479/2120 2832/8480/2120
f 2825/8481/2121 2826/8482/2121 2829/8483/2121 2830/8484/2121
f 2827/8485/2122 2831/8486/2122 2828/8487/2122 2832/8488/2122
f 2825/8489/2123 2829/8490/2123 2827/8491/2123 2831/8492/2123
f 2826/8493/2124 2828/8494/2124 2830/8495/2124 2832/8496/2124
o cuboid
v 0.06903915840819354 0.1126115753898968 0.3208992101647974
v 0.06903915840819351 0.04544912434654386 0.21547527943818667
v 0.18977988669432705 0.13989729647151244 0.30351628871901193
v 0.18977988669432705 0.0727348454281595 0.1980923579924012
v 0.06903915840819354 0.1126115753898968 0.3208992101647974
v 0.06903915840819351 0.04544912434654386 0.21547527943818667
v 0.18977988669432705 0.13989729647151244 0.30351628871901193
v 0.18977988669432705 0.0727348454281595 0.1980923579924012
vt 0.6015625 0.6484375
vt 0.5859375 0.6484375
vt 0.5859375 0.6328125
vt 0.6015625 0.6328125
vt 0.390625 0.3984375
vt 0.390625 0.4140625
vt 0.375 0.4140625
vt 0.375 0.3984375
vt 0 0.984375
vt 0 1
vt 0 0.984375
vt 0 1
vt 0 0.984375
vt 0 0.984375
vt 0 1
vt 0 1
vt 0 1
vt 0 1
vt 0 1
vt 0 1
vt 0 1
vt 0 1
vt 0 1
vt 0 1
vn -0.2588190451025206 0.8146535791819436 -0.5189915681571986
vn 0.2588190451025206 -0.8146535791819436 0.5189915681571986
vn 0 0 0
vn 0 0 0
vn 0 0 0
vn 0 0 0
usemtl m_2f782488-5985-7342-163e-a8a36ac958ed
f 2834/8497/2125 2833/8498/2125 2835/8499/2125 2836/8500/2125
f 2839/8501/2126 2837/8502/2126 2838/8503/2126 2840/8504/2126
f 2833/8505/2127 2834/8506/2127 2837/8507/2127 2838/8508/2127
f 2835/8509/2128 2839/8510/2128 2836/8511/2128 2840/8512/2128
f 2833/8513/2129 2837/8514/2129 2835/8515/2129 2839/8516/2129
f 2834/8517/2130 2836/8518/2130 2838/8519/2130 2840/8520/2130
o cuboid
v -0.0406308201661982 0.10998759986734868 0.3225708669352996
v -0.04063082016619821 0.04282514882399574 0.2171469362086889
v 0.08425020753153403 0.114586127139289 0.3196412819668342
v 0.084250207531534 0.04742367609593606 0.2142173512402235
v -0.0406308201661982 0.10998759986734868 0.3225708669352996
v -0.04063082016619821 0.04282514882399574 0.2171469362086889
v 0.08425020753153403 0.114586127139289 0.3196412819668342
v 0.084250207531534 0.04742367609593606 0.2142173512402235
vt 0.6015625 0.625
vt 0.5859375 0.625
vt 0.5859375 0.609375
vt 0.6015625 0.609375
vt 0.4140625 0.3984375
vt 0.4140625 0.4140625
vt 0.3984375 0.4140625
vt 0.3984375 0.3984375
vt 0 0.984375
vt 0 1
vt 0 0.984375
vt 0 1
vt 0 0.984375
vt 0 0.984375
vt 0 1
vt 0 1
vt 0 1
vt 0 1
vt 0 1
vt 0 1
vt 0 1
vt 0 1
vt 0 1
vt 0 1
vn -0.04361938736533582 0.8425887240367153 -0.5367882181755231
vn 0.04361938736533582 -0.8425887240367153 0.5367882181755231
vn 0 0 0
vn 0 0 0
vn 0 0 0
vn 0 0 0
usemtl m_2f782488-5985-7342-163e-a8a36ac958ed
f 2842/8521/2131 2841/8522/2131 2843/8523/2131 2844/8524/2131
f 2847/8525/2132 2845/8526/2132 2846/8527/2132 2848/8528/2132
f 2841/8529/2133 2842/8530/2133 2845/8531/2133 2846/8532/2133
f 2843/8533/2134 2847/8534/2134 2844/8535/2134 2848/8536/2134
f 2841/8537/2135 2845/8538/2135 2843/8539/2135 2847/8540/2135
f 2842/8541/2136 2844/8542/2136 2846/8543/2136 2848/8544/2136
o cuboid
v -0.14837457339672827 0.12744534491790416 0.3114490567428316
v -0.14837457339672827 0.06028289387455121 0.20602512601622086
v -0.025273604270202255 0.10913867146474343 0.32311169397415423
v -0.02527360427020227 0.04197622042139049 0.21768776324754352
v -0.14837457339672827 0.12744534491790416 0.3114490567428316
v -0.14837457339672827 0.06028289387455121 0.20602512601622086
v -0.025273604270202255 0.10913867146474343 0.32311169397415423
v -0.02527360427020227 0.04197622042139049 0.21768776324754352
vt 0.6015625 0.6015625
vt 0.5859375 0.6015625
vt 0.5859375 0.5859375
vt 0.6015625 0.5859375
vt 0.4375 0.3984375
vt 0.4375 0.4140625
vt 0.421875 0.4140625
vt 0.421875 0.3984375
vt 0 0.984375
vt 0 1
vt 0 0.984375
vt 0 1
vt 0 0.984375
vt 0 0.984375
vt 0 1
vt 0 1
vt 0 1
vt 0 1
vt 0 1
vt 0 1
vt 0 1
vt 0 1
vt 0 1
vt 0 1
vn 0.17364817766693053 0.8305784346607054 -0.5291368199903751
vn -0.17364817766693053 -0.8305784346607054 0.5291368199903751
vn 0 0 0
vn 0 0 0
vn 0 0 0
vn 0 0 0
usemtl m_2f782488-5985-7342-163e-a8a36ac958ed
f 2850/8545/2137 2849/8546/2137 2851/8547/2137 2852/8548/2137
f 2855/8549/2138 2853/8550/2138 2854/8551/2138 2856/8552/2138
f 2849/8553/2139 2850/8554/2139 2853/8555/2139 2854/8556/2139
f 2851/8557/2140 2855/8558/2140 2852/8559/2140 2856/8560/2140
f 2849/8561/2141 2853/8562/2141 2851/8563/2141 2855/8564/2141
f 2850/8565/2142 2852/8566/2142 2854/8567/2142 2856/8568/2142
o cuboid
v -0.24908418696450035 0.16415717401280244 0.2880610422066246
v -0.24908418696450035 0.0969947229694495 0.18263711148001388
v -0.13359924540058954 0.12381318234892352 0.3137629994979472
v -0.13359924540058954 0.05665073130557058 0.2083390687713365
v -0.24908418696450035 0.16415717401280244 0.2880610422066246
v -0.24908418696450035 0.0969947229694495 0.18263711148001388
v -0.13359924540058954 0.12381318234892352 0.3137629994979472
v -0.13359924540058954 0.05665073130557058 0.2083390687713365
vt 0.6015625 0.578125
vt 0.5859375 0.578125
vt 0.5859375 0.5625
vt 0.6015625 0.5625
vt 0.4609375 0.3984375
vt 0.4609375 0.4140625
vt 0.4453125 0.4140625
vt 0.4453125 0.3984375
vt 0 0.984375
vt 0 1
vt 0 0.984375
vt 0 1
vt 0 0.984375
vt 0 0.984375
vt 0 1
vt 0 1
vt 0 1
vt 0 1
vt 0 1
vt 0 1
vt 0 1
vt 0 1
vt 0 1
vt 0 1
vn 0.38268343236508995 0.779192094681627 -0.4964001109779611
vn -0.38268343236508995 -0.779192094681627 0.4964001109779611
vn 0 0 0
vn 0 0 0
vn 0 0 0
vn 0 0 0
usemtl m_2f782488-5985-7342-163e-a8a36ac958ed
f 2858/8569/2143 2857/8570/2143 2859/8571/2143 2860/8572/2143
f 2863/8573/2144 2861/8574/2144 2862/8575/2144 2864/8576/2144
f 2857/8577/2145 2858/8578/2145 2861/8579/2145 2862/8580/2145
f 2859/8581/2146 2863/8582/2146 2860/8583/2146 2864/8584/2146
f 2857/8585/2147 2861/8586/2147 2859/8587/2147 2863/8588/2147
f 2858/8589/2148 2860/8590/2148 2862/8591/2148 2864/8592/2148
o cuboid
v -0.3379852209435851 0.21838265328108414 0.25351560198676903
v -0.3379852209435851 0.1512202022377312 0.14809167126015835
v -0.23559121540746109 0.15791397078879515 0.2920384013128171
v -0.23559121540746109 0.09075151974544221 0.18661447058620637
v -0.3379852209435851 0.21838265328108414 0.25351560198676903
v -0.3379852209435851 0.1512202022377312 0.14809167126015835
v -0.23559121540746109 0.15791397078879515 0.2920384013128171
v -0.23559121540746109 0.09075151974544221 0.18661447058620637
vt 0.6015625 0.5546875
vt 0.5859375 0.5546875
vt 0.5859375 0.5390625
vt 0.6015625 0.5390625
vt 0.484375 0.3984375
vt 0.484375 0.4140625
vt 0.46875 0.4140625
vt 0.46875 0.3984375
vt 0 0.984375
vt 0 1
vt 0 0.984375
vt 0 1
vt 0 0.984375
vt 0 0.984375
vt 0 1
vt 0 1
vt 0 1
vt 0 1
vt 0 1
vt 0 1
vt 0 1
vt 0 1
vt 0 1
vt 0 1
vn 0.5735764363510463 0.6908658269734737 -0.44013007257297543
vn -0.5735764363510463 -0.6908658269734737 0.44013007257297543
vn 0 0 0
vn 0 0 0
vn 0 0 0
vn 0 0 0
usemtl m_2f782488-5985-7342-163e-a8a36ac958ed
f 2866/8593/2149 2865/8594/2149 2867/8595/2149 2868/8596/2149
f 2871/8597/2150 2869/8598/2150 2870/8599/2150 2872/8600/2150
f 2865/8601/2151 2866/8602/2151 2869/8603/2151 2870/8604/2151
f 2867/8605/2152 2871/8606/2152 2868/8607/2152 2872/8608/2152
f 2865/8609/2153 2869/8610/2153 2867/8611/2153 2871/8612/2153
f 2866/8613/2154 2868/8614/2154 2870/8615/2154 2872/8616/2154
o cuboid
v -0.4108630563810408 0.2875510619737621 0.2094504658212854
v -0.4108630563810408 0.22038861093040918 0.10402653509467469
v -0.32641428042908327 0.20982438709159157 0.258967818860169
v -0.32641428042908327 0.14266193604823862 0.1535438881335583
v -0.4108630563810408 0.2875510619737621 0.2094504658212854
v -0.4108630563810408 0.22038861093040918 0.10402653509467469
v -0.32641428042908327 0.20982438709159157 0.258967818860169
v -0.32641428042908327 0.14266193604823862 0.1535438881335583
vt 0.6015625 0.53125
vt 0.5859375 0.53125
vt 0.5859375 0.515625
vt 0.6015625 0.515625
vt 0.5078125 0.3984375
vt 0.5078125 0.4140625
vt 0.4921875 0.4140625
vt 0.4921875 0.3984375
vt 0 0.984375
vt 0 1
vt 0 0.984375
vt 0 1
vt 0 0.984375
vt 0 0.984375
vt 0 1
vt 0 1
vt 0 1
vt 0 1
vt 0 1
vt 0 1
vt 0 1
vt 0 1
vt 0 1
vt 0 1
vn 0.7372773368101241 0.5697870019779994 -0.36299435395484375
vn -0.7372773368101241 -0.5697870019779994 0.36299435395484375
vn 0 0 0
vn 0 0 0
vn 0 0 0
vn 0 0 0
usemtl m_2f782488-5985-7342-163e-a8a36ac958ed
f 2874/8617/2155 2873/8618/2155 2875/8619/2155 2876/8620/2155
f 2879/8621/2156 2877/8622/2156 2878/8623/2156 2880/8624/2156
f 2873/8625/2157 2874/8626/2157 2877/8627/2157 2878/8628/2157
f 2875/8629/2158 2879/8630/2158 2876/8631/2158 2880/8632/2158
f 2873/8633/2159 2877/8634/2159 2875/8635/2159 2879/8636/2159
f 2874/8637/2160 2876/8638/2160 2878/8639/2160 2880/8640/2160
o cuboid
v -0.46426270189221935 0.368383265156483 0.15795467305802519
v -0.46426270189221935 0.30122081411312995 0.05253074233141447
v -0.40176270189221935 0.2770834629804272 0.21611906184199753
v -0.40176270189221935 0.20992101193707424 0.11069513111538681
v -0.46426270189221935 0.368383265156483 0.15795467305802519
v -0.46426270189221935 0.30122081411312995 0.05253074233141447
v -0.40176270189221935 0.2770834629804272 0.21611906184199753
v -0.40176270189221935 0.20992101193707424 0.11069513111538681
vt 0.6015625 0.5078125
vt 0.5859375 0.5078125
vt 0.5859375 0.4921875
vt 0.6015625 0.4921875
vt 0.53125 0.3984375
vt 0.53125 0.4140625
vt 0.515625 0.4140625
vt 0.515625 0.3984375
vt 0 0.984375
vt 0 1
vt 0 0.984375
vt 0 1
vt 0 0.984375
vt 0 0.984375
vt 0 1
vt 0 1
vt 0 1
vt 0 1
vt 0 1
vt 0 1
vt 0 1
vt 0 1
vt 0 1
vt 0 1
vn 0.8660254037844388 0.4216957229064428 -0.26864980417341205
vn -0.8660254037844388 -0.4216957229064428 0.26864980417341205
vn 0 0 0
vn 0 0 0
vn 0 0 0
vn 0 0 0
usemtl m_2f782488-5985-7342-163e-a8a36ac958ed
f 2882/8641/2161 2881/8642/2161 2883/8643/2161 2884/8644/2161
f 2887/8645/2162 2885/8646/2162 2886/8647/2162 2888/8648/2162
f 2881/8649/2163 2882/8650/2163 2885/8651/2163 2886/8652/2163
f 2883/8653/2164 2887/8654/2164 2884/8655/2164 2888/8656/2164
f 2881/8657/2165 2885/8658/2165 2883/8659/2165 2887/8660/2165
f 2882/8661/2166 2884/8662/2166 2886/8663/2166 2888/8664/2166
o cuboid
v -0.4956525878431306 0.45704717089179997 0.10146953550701579
v -0.4956525878431306 0.38988471984844697 -0.003954395219594918
v -0.45806436290509644 0.35650258114332445 0.16552350352085948
v -0.45806436290509644 0.2893401300999715 0.06009957279424877
v -0.4956525878431306 0.45704717089179997 0.10146953550701579
v -0.4956525878431306 0.38988471984844697 -0.003954395219594918
v -0.45806436290509644 0.35650258114332445 0.16552350352085948
v -0.45806436290509644 0.2893401300999715 0.06009957279424877
vt 0.6015625 0.484375
vt 0.5859375 0.484375
vt 0.5859375 0.46875
vt 0.6015625 0.46875
vt 0.5546875 0.3984375
vt 0.5546875 0.4140625
vt 0.5390625 0.4140625
vt 0.5390625 0.3984375
vt 0 0.984375
vt 0 1
vt 0 0.984375
vt 0 1
vt 0 0.984375
vt 0 0.984375
vt 0 1
vt 0 1
vt 0 1
vt 0 1
vt 0 1
vt 0 1
vt 0 1
vt 0 1
vt 0 1
vt 0 1
vn 0.953716950748227 0.2536126990082285 -0.16156910830126456
vn -0.953716950748227 -0.2536126990082285 0.16156910830126456
vn 0 0 0
vn 0 0 0
vn 0 0 0
vn 0 0 0
usemtl m_2f782488-5985-7342-163e-a8a36ac958ed
f 2890/8665/2167 2889/8666/2167 2891/8667/2167 2892/8668/2167
f 2895/8669/2168 2893/8670/2168 2894/8671/2168 2896/8672/2168
f 2889/8673/2169 2890/8674/2169 2893/8675/2169 2894/8676/2169
f 2891/8677/2170 2895/8678/2170 2892/8679/2170 2896/8680/2170
f 2889/8681/2171 2893/8682/2171 2891/8683/2171 2895/8684/2171
f 2890/8685/2172 2892/8686/2172 2894/8687/2172 2896/8688/2172
o cuboid
v -0.5035445829676014 0.5493394019991753 0.04267289976493474
v -0.5035445829676014 0.48217695095582236 -0.06275103096167597
v -0.4926501151241441 0.44431664115733427 0.1095797774051694
v -0.4926501151241441 0.3771541901139813 0.004155846678558686
v -0.5035445829676014 0.5493394019991753 0.04267289976493474
v -0.5035445829676014 0.48217695095582236 -0.06275103096167597
v -0.4926501151241441 0.44431664115733427 0.1095797774051694
v -0.4926501151241441 0.3771541901139813 0.004155846678558686
vt 0.6015625 0.4609375
vt 0.5859375 0.4609375
vt 0.5859375 0.4453125
vt 0.6015625 0.4453125
vt 0.578125 0.3984375
vt 0.578125 0.4140625
vt 0.5625 0.4140625
vt 0.5625 0.3984375
vt 0 0.984375
vt 0 1
vt 0 0.984375
vt 0 1
vt 0 0.984375
vt 0 0.984375
vt 0 1
vt 0 1
vt 0 1
vt 0 1
vt 0 1
vt 0 1
vt 0 1
vt 0 1
vt 0 1
vt 0 1
vn 0.9961946980917455 0.07350640788684339 -0.046828746443493434
vn -0.9961946980917455 -0.07350640788684339 0.046828746443493434
vn 0 0 0
vn 0 0 0
vn 0 0 0
vn 0 0 0
usemtl m_2f782488-5985-7342-163e-a8a36ac958ed
f 2898/8689/2173 2897/8690/2173 2899/8691/2173 2900/8692/2173
f 2903/8693/2174 2901/8694/2174 2902/8695/2174 2904/8696/2174
f 2897/8697/2175 2898/8698/2175 2901/8699/2175 2902/8700/2175
f 2899/8701/2176 2903/8702/2176 2900/8703/2176 2904/8704/2176
f 2897/8705/2177 2901/8706/2177 2899/8707/2177 2903/8708/2177
f 2898/8709/2178 2900/8710/2178 2902/8711/2178 2904/8712/2178
o cuboid
v -0.487564543673152 0.6408845697004999 -0.01564780409821384
v -0.487564543673152 0.573722118657147 -0.12107173482482456
v -0.5038803177006584 0.5363625553157731 0.050940062865988595
v -0.5038803177006584 0.4692001042724202 -0.05448386786062212
v -0.487564543673152 0.6408845697004999 -0.01564780409821384
v -0.487564543673152 0.573722118657147 -0.12107173482482456
v -0.5038803177006584 0.5363625553157731 0.050940062865988595
v -0.5038803177006584 0.4692001042724202 -0.05448386786062212
vt 0.6015625 0.4375
vt 0.5859375 0.4375
vt 0.5859375 0.421875
vt 0.6015625 0.421875
vt 0.6015625 0.3984375
vt 0.6015625 0.4140625
vt 0.5859375 0.4140625
vt 0.5859375 0.3984375
vt 0 0.984375
vt 0 1
vt 0 0.984375
vt 0 1
vt 0 0.984375
vt 0 0.984375
vt 0 1
vt 0 1
vt 0 1
vt 0 1
vt 0 1
vt 0 1
vt 0 1
vt 0 1
vt 0 1
vt 0 1
vn 0.9914448613738104 -0.11008467397292014 0.07013167195883596
vn -0.9914448613738104 0.11008467397292014 -0.07013167195883596
vn 0 0 0
vn 0 0 0
vn 0 0 0
vn 0 0 0
usemtl m_2f782488-5985-7342-163e-a8a36ac958ed
f 2906/8713/2179 2905/8714/2179 2907/8715/2179 2908/8716/2179
f 2911/8717/2180 2909/8718/2180 2910/8719/2180 2912/8720/2180
f 2905/8721/2181 2906/8722/2181 2909/8723/2181 2910/8724/2181
f 2907/8725/2182 2911/8726/2182 2908/8727/2182 2912/8728/2182
f 2905/8729/2183 2909/8730/2183 2907/8731/2183 2911/8732/2183
f 2906/8733/2184 2908/8734/2184 2910/8735/2184 2912/8736/2184
o cuboid
v -0.4484700514350998 0.72734270198898 -0.07072770898416456
v -0.4484700514350998 0.6601802509456269 -0.17615163971077527
v -0.4912225693508084 0.6282766122309391 -0.007615649344830937
v -0.4912225693508084 0.5611141611875862 -0.11303958007144166
v -0.4484700514350998 0.72734270198898 -0.07072770898416456
v -0.4484700514350998 0.6601802509456269 -0.17615163971077527
v -0.4912225693508084 0.6282766122309391 -0.007615649344830937
v -0.4912225693508084 0.5611141611875862 -0.11303958007144166
vt 0.015625 0.390625
vt 0 0.390625
vt 0 0.375
vt 0.015625 0.375
vt 0.625 0.984375
vt 0.625 1
vt 0.609375 1
vt 0.609375 0.984375
vt 0 0.984375
vt 0 1
vt 0 0.984375
vt 0 1
vt 0 0.984375
vt 0 0.984375
vt 0 1
vt 0 1
vt 0 1
vt 0 1
vt 0 1
vt 0 1
vt 0 1
vt 0 1
vt 0 1
vt 0 1
vn 0.9396926207859085 -0.28845686317656616 0.18376728905560627
vn -0.9396926207859085 0.28845686317656616 -0.18376728905560627
vn 0 0 0
vn 0 0 0
vn 0 0 0
vn 0 0 0
usemtl m_2f782488-5985-7342-163e-a8a36ac958ed
f 2914/8737/2185 2913/8738/2185 2915/8739/2185 2916/8740/2185
f 2919/8741/2186 2917/8742/2186 2918/8743/2186 2920/8744/2186
f 2913/8745/2187 2914/8746/2187 2917/8747/2187 2918/8748/2187
f 2915/8749/2188 2919/8750/2188 2916/8751/2188 2920/8752/2188
f 2913/8753/2189 2917/8754/2189 2915/8755/2189 2919/8756/2189
f 2914/8757/2190 2916/8758/2190 2918/8759/2190 2920/8760/2190
o cuboid
v -0.3881144973847664 0.804614992960236 -0.11995558754641511
v -0.3881144973847664 0.7374525419168829 -0.22537951827302583
v -0.45527694842811933 0.7157013516014422 -0.06331135085662448
v -0.45527694842811933 0.6485389005580893 -0.1687352815832352
v -0.3881144973847664 0.804614992960236 -0.11995558754641511
v -0.3881144973847664 0.7374525419168829 -0.22537951827302583
v -0.45527694842811933 0.7157013516014422 -0.06331135085662448
v -0.45527694842811933 0.6485389005580893 -0.1687352815832352
vt 0.0390625 0.390625
vt 0.0234375 0.390625
vt 0.0234375 0.375
vt 0.0390625 0.375
vt 0.625 0.9609375
vt 0.625 0.9765625
vt 0.609375 0.9765625
vt 0.609375 0.9609375
vt 0 0.984375
vt 0 1
vt 0 0.984375
vt 0 1
vt 0 0.984375
vt 0 0.984375
vt 0 1
vt 0 1
vt 0 1
vt 0 1
vt 0 1
vt 0 1
vt 0 1
vt 0 1
vt 0 1
vt 0 1
vn 0.8433914458128858 -0.4531538935183251 0.28869086912965025
vn -0.8433914458128858 0.4531538935183251 -0.28869086912965025
vn 0 0 0
vn 0 0 0
vn 0 0 0
vn 0 0 0
usemtl m_2f782488-5985-7342-163e-a8a36ac958ed
f 2922/8761/2191 2921/8762/2191 2923/8763/2191 2924/8764/2191
f 2927/8765/2192 2925/8766/2192 2926/8767/2192 2928/8768/2192
f 2921/8769/2193 2922/8770/2193 2925/8771/2193 2926/8772/2193
f 2923/8773/2194 2927/8774/2194 2924/8775/2194 2928/8776/2194
f 2921/8777/2195 2925/8778/2195 2923/8779/2195 2927/8780/2195
f 2922/8781/2196 2924/8782/2196 2926/8783/2196 2928/8784/2196
o cuboid
v -0.30935921676911454 0.8690381189442492 -0.1609976452190845
v -0.30935921676911454 0.8018756679008963 -0.2664215759456952
v -0.39774756441743303 0.794492142628122 -0.11350662064522005
v -0.39774756441743303 0.727329691584769 -0.21893055137183076
v -0.30935921676911454 0.8690381189442492 -0.1609976452190845
v -0.30935921676911454 0.8018756679008963 -0.2664215759456952
v -0.39774756441743303 0.794492142628122 -0.11350662064522005
v -0.39774756441743303 0.727329691584769 -0.21893055137183076
vt 0.0625 0.390625
vt 0.046875 0.390625
vt 0.046875 0.375
vt 0.0625 0.375
vt 0.625 0.9375
vt 0.625 0.953125
vt 0.609375 0.953125
vt 0.609375 0.9375
vt 0 0.984375
vt 0 1
vt 0 0.984375
vt 0 1
vt 0 0.984375
vt 0 0.984375
vt 0 1
vt 0 1
vt 0 1
vt 0 1
vt 0 1
vt 0 1
vt 0 1
vt 0 1
vt 0 1
vt 0 1
vn 0.7071067811865476 -0.5963678105290182 0.37992819659091526
vn -0.7071067811865476 0.5963678105290182 -0.37992819659091526
vn 0 0 0
vn 0 0 0
vn 0 0 0
vn 0 0 0
usemtl m_2f782488-5985-7342-163e-a8a36ac958ed
f 2930/8785/2197 2929/8786/2197 2931/8787/2197 2932/8788/2197
f 2935/8789/2198 2933/8790/2198 2934/8791/2198 2936/8792/2198
f 2929/8793/2199 2930/8794/2199 2933/8795/2199 2934/8796/2199
f 2931/8797/2200 2935/8798/2200 2932/8799/2200 2936/8800/2200
f 2929/8801/2201 2933/8802/2201 2931/8803/2201 2935/8804/2201
f 2930/8805/2202 2932/8806/2202 2934/8807/2202 2936/8808/2202
o cuboid
v -0.2159378388101067 0.9175579093017466 -0.19190816071646025
v -0.2159378388101067 0.8503954582583937 -0.29733209144307093
v -0.3213617695367174 0.860913672611956 -0.15582180207525395
v -0.3213617695367174 0.793751221568603 -0.2612457328018647
v -0.2159378388101067 0.9175579093017466 -0.19190816071646025
v -0.2159378388101067 0.8503954582583937 -0.29733209144307093
v -0.3213617695367174 0.860913672611956 -0.15582180207525395
v -0.3213617695367174 0.793751221568603 -0.2612457328018647
vt 0.0859375 0.390625
vt 0.0703125 0.390625
vt 0.0703125 0.375
vt 0.0859375 0.375
vt 0.625 0.9140625
vt 0.625 0.9296875
vt 0.609375 0.9296875
vt 0.609375 0.9140625
vt 0 0.984375
vt 0 1
vt 0 0.984375
vt 0 1
vt 0 0.984375
vt 0 0.984375
vt 0 1
vt 0 1
vt 0 1
vt 0 1
vt 0 1
vt 0 1
vt 0 1
vt 0 1
vt 0 1
vt 0 1
vn 0.5372996083468241 -0.7113091308703496 0.4531538935183249
vn -0.5372996083468241 0.7113091308703496 -0.4531538935183249
vn 0 0 0
vn 0 0 0
vn 0 0 0
vn 0 0 0
usemtl m_2f782488-5985-7342-163e-a8a36ac958ed
f 2938/8809/2203 2937/8810/2203 2939/8811/2203 2940/8812/2203
f 2943/8813/2204 2941/8814/2204 2942/8815/2204 2944/8816/2204
f 2937/8817/2205 2938/8818/2205 2941/8819/2205 2942/8820/2205
f 2939/8821/2206 2943/8822/2206 2940/8823/2206 2944/8824/2206
f 2937/8825/2207 2941/8826/2207 2939/8827/2207 2943/8828/2207
f 2938/8829/2208 2940/8830/2208 2942/8831/2208 2944/8832/2208
o cuboid
v -0.11227928286371504 0.9478741385023753 -0.21122172876000456
v -0.11227928286371507 0.8807116874590224 -0.31664565948661527
v -0.2297408604619536 0.9118170306053046 -0.18825081762805373
v -0.2297408604619536 0.8446545795619517 -0.29367474835466445
v -0.11227928286371504 0.9478741385023753 -0.21122172876000456
v -0.11227928286371507 0.8807116874590224 -0.31664565948661527
v -0.2297408604619536 0.9118170306053046 -0.18825081762805373
v -0.2297408604619536 0.8446545795619517 -0.29367474835466445
vt 0.109375 0.390625
vt 0.09375 0.390625
vt 0.09375 0.375
vt 0.109375 0.375
vt 0.625 0.890625
vt 0.625 0.90625
vt 0.609375 0.90625
vt 0.609375 0.890625
vt 0 0.984375
vt 0 1
vt 0 0.984375
vt 0 1
vt 0 0.984375
vt 0 0.984375
vt 0 1
vt 0 1
vt 0 1
vt 0 1
vt 0 1
vt 0 1
vt 0 1
vt 0 1
vt 0 1
vt 0 1
vn 0.34202014332566866 -0.792528718064327 0.504896477114669
vn -0.34202014332566866 0.792528718064327 -0.504896477114669
vn 0 0 0
vn 0 0 0
vn 0 0 0
vn 0 0 0
usemtl m_2f782488-5985-7342-163e-a8a36ac958ed
f 2946/8833/2209 2945/8834/2209 2947/8835/2209 2948/8836/2209
f 2951/8837/2210 2949/8838/2210 2950/8839/2210 2952/8840/2210
f 2945/8841/2211 2946/8842/2211 2949/8843/2211 2950/8844/2211
f 2947/8845/2212 2951/8846/2212 2948/8847/2212 2952/8848/2212
f 2945/8849/2213 2949/8850/2213 2947/8851/2213 2951/8852/2213
f 2946/8853/2214 2948/8854/2214 2950/8855/2214 2952/8856/2214
o cuboid
v -0.0032977922741625264 0.9585495751838908 -0.21802273199093158
v -0.003297792274162541 0.891387124140538 -0.3234466627175423
v -0.1272283999458888 0.944788990937276 -0.20925627299607708
v -0.1272283999458888 0.8776265398939229 -0.3146802037226878
v -0.0032977922741625264 0.9585495751838908 -0.21802273199093158
v -0.003297792274162541 0.891387124140538 -0.3234466627175423
v -0.1272283999458888 0.944788990937276 -0.20925627299607708
v -0.1272283999458888 0.8776265398939229 -0.3146802037226878
vt 0.1328125 0.390625
vt 0.1171875 0.390625
vt 0.1171875 0.375
vt 0.1328125 0.375
vt 0.625 0.8671875
vt 0.625 0.8828125
vt 0.609375 0.8828125
vt 0.609375 0.8671875
vt 0 0.984375
vt 0 1
vt 0 0.984375
vt 0 1
vt 0 0.984375
vt 0 0.984375
vt 0 1
vt 0 1
vt 0 1
vt 0 1
vt 0 1
vt 0 1
vt 0 1
vt 0 1
vt 0 1
vt 0 1
vn 0.13052619222005138 -0.836176115077814 0.5327029357136195
vn -0.13052619222005138 0.836176115077814 -0.5327029357136195
vn 0 0 0
vn 0 0 0
vn 0 0 0
vn 0 0 0
usemtl m_2f782488-5985-7342-163e-a8a36ac958ed
f 2954/8857/2215 2953/8858/2215 2955/8859/2215 2956/8860/2215
f 2959/8861/2216 2957/8862/2216 2958/8863/2216 2960/8864/2216
f 2953/8865/2217 2954/8866/2217 2957/8867/2217 2958/8868/2217
f 2955/8869/2218 2959/8870/2218 2956/8871/2218 2960/8872/2218
f 2953/8873/2219 2957/8874/2219 2955/8875/2219 2959/8876/2219
f 2954/8877/2220 2956/8878/2220 2958/8879/2220 2960/8880/2220
o cuboid
v 0.1058400400045633 0.949078118396113 -0.21198874854491506
v 0.10584004000456328 0.8819156673527602 -0.3174126792715258
v -0.018684297256904916 0.9582664193819685 -0.21784234185035173
v -0.01868429725690493 0.8911039683386155 -0.32326627257696244
v 0.1058400400045633 0.949078118396113 -0.21198874854491506
v 0.10584004000456328 0.8819156673527602 -0.3174126792715258
v -0.018684297256904916 0.9582664193819685 -0.21784234185035173
v -0.01868429725690493 0.8911039683386155 -0.32326627257696244
vt 0.15625 0.390625
vt 0.140625 0.390625
vt 0.140625 0.375
vt 0.15625 0.375
vt 0.625 0.84375
vt 0.625 0.859375
vt 0.609375 0.859375
vt 0.609375 0.84375
vt 0 0.984375
vt 0 1
vt 0 0.984375
vt 0 1
vt 0 0.984375
vt 0 0.984375
vt 0 1
vt 0 1
vt 0 1
vt 0 1
vt 0 1
vt 0 1
vt 0 1
vt 0 1
vt 0 1
vt 0 1
vn -0.08715574274765837 -0.8401820867347284 0.5352550211218774
vn 0.08715574274765837 0.8401820867347284 -0.5352550211218774
vn 0 0 0
vn 0 0 0
vn 0 0 0
vn 0 0 0
usemtl m_2f782488-5985-7342-163e-a8a36ac958ed
f 2962/8881/2221 2961/8882/2221 2963/8883/2221 2964/8884/2221
f 2967/8885/2222 2965/8886/2222 2966/8887/2222 2968/8888/2222
f 2961/8889/2223 2962/8890/2223 2965/8891/2223 2966/8892/2223
f 2963/8893/2224 2967/8894/2224 2964/8895/2224 2968/8896/2224
f 2961/8897/2225 2965/8898/2225 2963/8899/2225 2967/8900/2225
f 2962/8901/2226 2964/8902/2226 2966/8903/2226 2968/8904/2226
o cuboid
v 0.2099602091739009 0.919908790827564 -0.19340583742324033
v 0.2099602091739009 0.852746339784211 -0.29882976814985107
v 0.09074559033037256 0.9516103782035925 -0.21360197596089842
v 0.09074559033037254 0.8844479271602397 -0.31902590668750913
v 0.2099602091739009 0.919908790827564 -0.19340583742324033
v 0.2099602091739009 0.852746339784211 -0.29882976814985107
v 0.09074559033037256 0.9516103782035925 -0.21360197596089842
v 0.09074559033037254 0.8844479271602397 -0.31902590668750913
vt 0.1796875 0.390625
vt 0.1640625 0.390625
vt 0.1640625 0.375
vt 0.1796875 0.375
vt 0.625 0.8203125
vt 0.625 0.8359375
vt 0.609375 0.8359375
vt 0.609375 0.8203125
vt 0 0.984375
vt 0 1
vt 0 0.984375
vt 0 1
vt 0 0.984375
vt 0 0.984375
vt 0 1
vt 0 1
vt 0 1
vt 0 1
vt 0 1
vt 0 1
vt 0 1
vt 0 1
vt 0 1
vt 0 1
vn -0.30070579950427356 -0.8043567179878036 0.5124317441107493
vn 0.30070579950427356 0.8043567179878036 -0.5124317441107493
vn 0 0 0
vn 0 0 0
vn 0 0 0
vn 0 0 0
usemtl m_2f782488-5985-7342-163e-a8a36ac958ed
f 2970/8905/2227 2969/8906/2227 2971/8907/2227 2972/8908/2227
f 2975/8909/2228 2973/8910/2228 2974/8911/2228 2976/8912/2228
f 2969/8913/2229 2970/8914/2229 2973/8915/2229 2974/8916/2229
f 2971/8917/2230 2975/8918/2230 2972/8919/2230 2976/8920/2230
f 2969/8921/2231 2973/8922/2231 2971/8923/2231 2975/8924/2231
f 2970/8925/2232 2972/8926/2232 2974/8927/2232 2976/8928/2232
o cuboid
v 0.30412658773652745 0.8724244515442467 -0.1631549770117459
v 0.30412658773652745 0.8052620005008938 -0.2685789077383566
v 0.19587341226347263 0.9251364169075521 -0.19673620253342236
v 0.19587341226347263 0.8579739658641992 -0.3021601332600331
v 0.30412658773652745 0.8724244515442467 -0.1631549770117459
v 0.30412658773652745 0.8052620005008938 -0.2685789077383566
v 0.19587341226347263 0.9251364169075521 -0.19673620253342236
v 0.19587341226347263 0.8579739658641992 -0.3021601332600331
vt 0.203125 0.390625
vt 0.1875 0.390625
vt 0.1875 0.375
vt 0.203125 0.375
vt 0.625 0.796875
vt 0.625 0.8125
vt 0.609375 0.8125
vt 0.609375 0.796875
vt 0 0.984375
vt 0 1
vt 0 0.984375
vt 0 1
vt 0 0.984375
vt 0 0.984375
vt 0 1
vt 0 1
vt 0 1
vt 0 1
vt 0 1
vt 0 1
vt 0 1
vt 0 1
vt 0 1
vt 0 1
vn -0.5 -0.7303984174084458 0.46531511027177885
vn 0.5 0.7303984174084458 -0.46531511027177885
vn 0 0 0
vn 0 0 0
vn 0 0 0
vn 0 0 0
usemtl m_2f782488-5985-7342-163e-a8a36ac958ed
f 2978/8929/2233 2977/8930/2233 2979/8931/2233 2980/8932/2233
f 2983/8933/2234 2981/8934/2234 2982/8935/2234 2984/8936/2234
f 2977/8937/2235 2978/8938/2235 2981/8939/2235 2982/8940/2235
f 2979/8941/2236 2983/8942/2236 2980/8943/2236 2984/8944/2236
f 2977/8945/2237 2981/8946/2237 2979/8947/2237 2983/8948/2237
f 2978/8949/2238 2980/8950/2238 2982/8951/2238 2984/8952/2238
o cuboid
v 0.3838749373584629 0.8088762374267335 -0.12267029967005133
v 0.3838749373584629 0.7417137863833806 -0.22809423039666205
v 0.29171527025719746 0.8800996126739835 -0.1680445939144068
v 0.29171527025719746 0.8129371616306306 -0.2734685246410175
v 0.3838749373584629 0.8088762374267335 -0.12267029967005133
v 0.3838749373584629 0.7417137863833806 -0.22809423039666205
v 0.29171527025719746 0.8800996126739835 -0.1680445939144068
v 0.29171527025719746 0.8129371616306306 -0.2734685246410175
vt 0.2265625 0.390625
vt 0.2109375 0.390625
vt 0.2109375 0.375
vt 0.2265625 0.375
vt 0.625 0.7734375
vt 0.625 0.7890625
vt 0.609375 0.7890625
vt 0.609375 0.7734375
vt 0 0.984375
vt 0 1
vt 0 0.984375
vt 0 1
vt 0 0.984375
vt 0 0.984375
vt 0 1
vt 0 1
vt 0 1
vt 0 1
vt 0 1
vt 0 1
vt 0 1
vt 0 1
vt 0 1
vt 0 1
vn -0.6755902076156606 -0.6218133990573642 0.3961388243110689
vn 0.6755902076156606 0.6218133990573642 -0.3961388243110689
vn 0 0 0
vn 0 0 0
vn 0 0 0
vn 0 0 0
usemtl m_2f782488-5985-7342-163e-a8a36ac958ed
f 2986/8953/2239 2985/8954/2239 2987/8955/2239 2988/8956/2239
f 2991/8957/2240 2989/8958/2240 2990/8959/2240 2992/8960/2240
f 2985/8961/2241 2986/8962/2241 2989/8963/2241 2990/8964/2241
f 2987/8965/2242 2991/8966/2242 2988/8967/2242 2992/8968/2242
f 2985/8969/2243 2989/8970/2243 2987/8971/2243 2991/8972/2243
f 2986/8973/2244 2988/8974/2244 2990/8975/2244 2992/8976/2244
o cuboid
v 0.44542454941643633 0.73227684130499 -0.07387110240507566
v 0.44542454941643633 0.665114390261637 -0.17929503313168638
v 0.3737274948725556 0.8186350696766742 -0.1288873614766976
v 0.3737274948725556 0.7514726186333213 -0.23431129220330832
v 0.44542454941643633 0.73227684130499 -0.07387110240507566
v 0.44542454941643633 0.665114390261637 -0.17929503313168638
v 0.3737274948725556 0.8186350696766742 -0.1288873614766976
v 0.3737274948725556 0.7514726186333213 -0.23431129220330832
vt 0.25 0.390625
vt 0.234375 0.390625
vt 0.234375 0.375
vt 0.25 0.375
vt 0.625 0.75
vt 0.625 0.765625
vt 0.609375 0.765625
vt 0.609375 0.75
vt 0 0.984375
vt 0 1
vt 0 0.984375
vt 0 1
vt 0 0.984375
vt 0 0.984375
vt 0 1
vt 0 1
vt 0 1
vt 0 1
vt 0 1
vt 0 1
vt 0 1
vt 0 1
vt 0 1
vt 0 1
vn -0.8191520442889919 -0.4837494599383112 0.308182394608384
vn 0.8191520442889919 0.4837494599383112 -0.308182394608384
vn 0 0 0
vn 0 0 0
vn 0 0 0
vn 0 0 0
usemtl m_2f782488-5985-7342-163e-a8a36ac958ed
f 2994/8977/2245 2993/8978/2245 2995/8979/2245 2996/8980/2245
f 2999/8981/2246 2997/8982/2246 2998/8983/2246 3000/8984/2246
f 2993/8985/2247 2994/8986/2247 2997/8987/2247 2998/8988/2247
f 2995/8989/2248 2999/8990/2248 2996/8991/2248 3000/8992/2248
f 2993/8993/2249 2997/8994/2249 2995/8995/2249 2999/8996/2249
f 2994/8997/2250 2996/8998/2250 2998/8999/2250 3000/9000/2250
o cuboid
v 0.4858574807784616 0.6462576862595901 -0.019070856865862587
v 0.4858574807784616 0.5790952352162371 -0.1244947875924733
v 0.4380220517328254 0.7436566980947935 -0.08112087073810773
v 0.4380220517328254 0.6764942470514405 -0.18654480146471844
v 0.4858574807784616 0.6462576862595901 -0.019070856865862587
v 0.4858574807784616 0.5790952352162371 -0.1244947875924733
v 0.4380220517328254 0.7436566980947935 -0.08112087073810773
v 0.4380220517328254 0.6764942470514405 -0.18654480146471844
vt 0.2734375 0.390625
vt 0.2578125 0.390625
vt 0.2578125 0.375
vt 0.2734375 0.375
vt 0.625 0.7265625
vt 0.625 0.7421875
vt 0.609375 0.7421875
vt 0.609375 0.7265625
vt 0 0.984375
vt 0 1
vt 0 0.984375
vt 0 1
vt 0 0.984375
vt 0 0.984375
vt 0 1
vt 0 1
vt 0 1
vt 0 1
vt 0 1
vt 0 1
vt 0 1
vt 0 1
vt 0 1
vt 0 1
vn -0.923879532511287 -0.3227519333110306 0.20561565833058104
vn 0.923879532511287 0.3227519333110306 -0.20561565833058104
vn 0 0 0
vn 0 0 0
vn 0 0 0
vn 0 0 0
usemtl m_2f782488-5985-7342-163e-a8a36ac958ed
f 3002/9001/2251 3001/9002/2251 3003/9003/2251 3004/9004/2251
f 3007/9005/2252 3005/9006/2252 3006/9007/2252 3008/9008/2252
f 3001/9009/2253 3002/9010/2253 3005/9011/2253 3006/9012/2253
f 3003/9013/2254 3007/9014/2254 3004/9015/2254 3008/9016/2254
f 3001/9017/2255 3005/9018/2255 3003/9019/2255 3007/9020/2255
f 3002/9021/2256 3004/9022/2256 3006/9023/2256 3008/9024/2256
o cuboid
v 0.5032568876102872 0.5548967671680249 0.03913246768741313
v 0.5032568876102872 0.4877343161246719 -0.06629146303919758
v 0.48155086540192094 0.658719071500613 -0.027009634811383756
v 0.48155086540192094 0.5915566204572601 -0.13243356553799446
v 0.5032568876102872 0.5548967671680249 0.03913246768741313
v 0.5032568876102872 0.4877343161246719 -0.06629146303919758
v 0.48155086540192094 0.658719071500613 -0.027009634811383756
v 0.48155086540192094 0.5915566204572601 -0.13243356553799446
vt 0.296875 0.390625
vt 0.28125 0.390625
vt 0.28125 0.375
vt 0.296875 0.375
vt 0.625 0.703125
vt 0.625 0.71875
vt 0.609375 0.71875
vt 0.609375 0.703125
vt 0 0.984375
vt 0 1
vt 0 0.984375
vt 0 1
vt 0 0.984375
vt 0 0.984375
vt 0 1
vt 0 1
vt 0 1
vt 0 1
vt 0 1
vt 0 1
vt 0 1
vt 0 1
vt 0 1
vt 0 1
vn -0.9848077530122081 -0.14645338762528498 0.09330109785058134
vn 0.9848077530122081 0.14645338762528498 -0.09330109785058134
vn 0 0 0
vn 0 0 0
vn 0 0 0
vn 0 0 0
usemtl m_2f782488-5985-7342-163e-a8a36ac958ed
f 3010/9025/2257 3009/9026/2257 3011/9027/2257 3012/9028/2257
f 3015/9029/2258 3013/9030/2258 3014/9031/2258 3016/9032/2258
f 3009/9033/2259 3010/9034/2259 3013/9035/2259 3014/9036/2259
f 3011/9037/2260 3015/9038/2260 3012/9039/2260 3016/9040/2260
f 3009/9041/2261 3013/9042/2261 3011/9043/2261 3015/9044/2261
f 3010/9045/2262 3012/9046/2262 3014/9047/2262 3016/9048/2262
o cuboid
v 0.5 0.5191307398416287 0.08629319088498193
v 0.5 0.413706809115018 0.019130739841628955
v 0.5 0.5862931908849817 -0.019130739841628774
v 0.5 0.48086926015837095 -0.08629319088498175
v 0.5 0.5191307398416287 0.08629319088498193
v 0.5 0.413706809115018 0.019130739841628955
v 0.5 0.5862931908849817 -0.019130739841628774
v 0.5 0.48086926015837095 -0.08629319088498175
vt 0.1328125 0.4375
vt 0.1171875 0.4375
vt 0.1171875 0.421875
vt 0.1328125 0.421875
vt 0.578125 0.8671875
vt 0.578125 0.8828125
vt 0.5625 0.8828125
vt 0.5625 0.8671875
vt 0 0.984375
vt 0 1
vt 0 0.984375
vt 0 1
vt 0 0.984375
vt 0 0.984375
vt 0 1
vt 0 1
vt 0 1
vt 0 1
vt 0 1
vt 0 1
vt 0 1
vt 0 1
vt 0 1
vt 0 1
vn -1 3.413490841867759e-16 -1.8727052038267318e-16
vn 1 -3.413490841867759e-16 1.8727052038267318e-16
vn 0 0 0
vn 0 0 0
vn 0 0 0
vn 0 0 0
usemtl m_2f782488-5985-7342-163e-a8a36ac958ed
f 3018/9049/2263 3017/9050/2263 3019/9051/2263 3020/9052/2263
f 3023/9053/2264 3021/9054/2264 3022/9055/2264 3024/9056/2264
f 3017/9057/2265 3018/9058/2265 3021/9059/2265 3022/9060/2265
f 3019/9061/2266 3023/9062/2266 3020/9063/2266 3024/9064/2266
f 3017/9065/2267 3021/9066/2267 3019/9067/2267 3023/9068/2267
f 3018/9069/2268 3020/9070/2268 3022/9071/2268 3024/9072/2268
o cuboid
v 0.47462052768883517 0.4617802890724582 0.1763153662985355
v 0.47462052768883517 0.35635635834584756 0.10915291525518252
v 0.501675479431098 0.5273507218544717 0.07339040367525702
v 0.501675479431098 0.421926791127861 0.006227952631904052
v 0.47462052768883517 0.4617802890724582 0.1763153662985355
v 0.47462052768883517 0.35635635834584756 0.10915291525518252
v 0.501675479431098 0.5273507218544717 0.07339040367525702
v 0.501675479431098 0.421926791127861 0.006227952631904052
vt 0.15625 0.4375
vt 0.140625 0.4375
vt 0.140625 0.421875
vt 0.15625 0.421875
vt 0.578125 0.84375
vt 0.578125 0.859375
vt 0.5625 0.859375
vt 0.5625 0.84375
vt 0 0.984375
vt 0 1
vt 0 0.984375
vt 0 1
vt 0 0.984375
vt 0 0.984375
vt 0 1
vt 0 1
vt 0 1
vt 0 1
vt 0 1
vt 0 1
vt 0 1
vt 0 1
vt 0 1
vt 0 1
vn -0.9762960071199333 0.11629291979968076 -0.18254331893043954
vn 0.9762960071199333 -0.11629291979968076 0.18254331893043954
vn 0 0 0
vn 0 0 0
vn 0 0 0
vn 0 0 0
usemtl m_2f782488-5985-7342-163e-a8a36ac958ed
f 3026/9073/2269 3025/9074/2269 3027/9075/2269 3028/9076/2269
f 3031/9077/2270 3029/9078/2270 3030/9079/2270 3032/9080/2270
f 3025/9081/2271 3026/9082/2271 3029/9083/2271 3030/9084/2271
f 3027/9085/2272 3031/9086/2272 3028/9087/2272 3032/9088/2272
f 3025/9089/2273 3029/9090/2273 3027/9091/2273 3031/9092/2273
f 3026/9093/2274 3028/9094/2274 3030/9095/2274 3032/9096/2274
o cuboid
v 0.4267402521595313 0.40874072591802935 0.25957080359865475
v 0.4267402521595313 0.30331679519141863 0.1924083525553018
v 0.47956753487711873 0.46961057829508795 0.1640242742411151
v 0.47956753487711873 0.36418664756847724 0.09686182319776214
v 0.4267402521595313 0.40874072591802935 0.25957080359865475
v 0.4267402521595313 0.30331679519141863 0.1924083525553018
v 0.47956753487711873 0.46961057829508795 0.1640242742411151
v 0.47956753487711873 0.36418664756847724 0.09686182319776214
vt 0.1796875 0.4375
vt 0.1640625 0.4375
vt 0.1640625 0.421875
vt 0.1796875 0.421875
vt 0.578125 0.8203125
vt 0.578125 0.8359375
vt 0.5625 0.8359375
vt 0.5625 0.8203125
vt 0 0.984375
vt 0 1
vt 0 0.984375
vt 0 1
vt 0 0.984375
vt 0 0.984375
vt 0 1
vt 0 1
vt 0 1
vt 0 1
vt 0 1
vt 0 1
vt 0 1
vt 0 1
vt 0 1
vt 0 1
vn -0.90630778703665 0.22707262651349344 -0.3564326267964169
vn 0.90630778703665 -0.22707262651349344 0.3564326267964169
vn 0 0 0
vn 0 0 0
vn 0 0 0
vn 0 0 0
usemtl m_2f782488-5985-7342-163e-a8a36ac958ed
f 3034/9097/2275 3033/9098/2275 3035/9099/2275 3036/9100/2275
f 3039/9101/2276 3037/9102/2276 3038/9103/2276 3040/9104/2276
f 3033/9105/2277 3034/9106/2277 3037/9107/2277 3038/9108/2277
f 3035/9109/2278 3039/9110/2278 3036/9111/2278 3040/9112/2278
f 3033/9113/2279 3037/9114/2279 3035/9115/2279 3039/9116/2279
f 3034/9117/2280 3036/9118/2280 3038/9119/2280 3040/9120/2280
o cuboid
v 0.3586290808325725 0.3625265492330908 0.3321125301993623
v 0.3586290808325725 0.2571026185064801 0.2649500791560094
v 0.43472425945866255 0.41581010411048136 0.2484741026107739
v 0.43472425945866255 0.31038617338387064 0.18131165156742096
v 0.3586290808325725 0.3625265492330908 0.3321125301993623
v 0.3586290808325725 0.2571026185064801 0.2649500791560094
v 0.43472425945866255 0.41581010411048136 0.2484741026107739
v 0.43472425945866255 0.31038617338387064 0.18131165156742096
vt 0.203125 0.4375
vt 0.1875 0.4375
vt 0.1875 0.421875
vt 0.203125 0.421875
vt 0.578125 0.796875
vt 0.578125 0.8125
vt 0.5625 0.8125
vt 0.5625 0.796875
vt 0 0.984375
vt 0 1
vt 0 0.984375
vt 0 1
vt 0 0.984375
vt 0 0.984375
vt 0 1
vt 0 1
vt 0 1
vt 0 1
vt 0 1
vt 0 1
vt 0 1
vt 0 1
vt 0 1
vt 0 1
vn -0.7933533402912352 0.3270872773830386 -0.5134241817667833
vn 0.7933533402912352 -0.3270872773830386 0.5134241817667833
vn 0 0 0
vn 0 0 0
vn 0 0 0
vn 0 0 0
usemtl m_2f782488-5985-7342-163e-a8a36ac958ed
f 3042/9121/2281 3041/9122/2281 3043/9123/2281 3044/9124/2281
f 3047/9125/2282 3045/9126/2282 3046/9127/2282 3048/9128/2282
f 3041/9129/2283 3042/9130/2283 3045/9131/2283 3046/9132/2283
f 3043/9133/2284 3047/9134/2284 3044/9135/2284 3048/9136/2284
f 3041/9137/2285 3045/9138/2285 3043/9139/2285 3047/9140/2285
f 3042/9141/2286 3044/9142/2286 3046/9143/2286 3048/9144/2286
o cuboid
v 0.2735160271483335 0.32532868004783844 0.39050148895895603
v 0.2735160271483335 0.21990474932122772 0.3233390379156031
v 0.36927158253820574 0.36849987141468443 0.32273629252343866
v 0.36927158253820574 0.2630759406880737 0.2555738414800857
v 0.2735160271483335 0.32532868004783844 0.39050148895895603
v 0.2735160271483335 0.21990474932122772 0.3233390379156031
v 0.36927158253820574 0.36849987141468443 0.32273629252343866
v 0.36927158253820574 0.2630759406880737 0.2555738414800857
vt 0.2265625 0.4375
vt 0.2109375 0.4375
vt 0.2109375 0.421875
vt 0.2265625 0.421875
vt 0.578125 0.7734375
vt 0.578125 0.7890625
vt 0.5625 0.7890625
vt 0.5625 0.7734375
vt 0 0.984375
vt 0 1
vt 0 0.984375
vt 0 1
vt 0 0.984375
vt 0 0.984375
vt 0 1
vt 0 1
vt 0 1
vt 0 1
vt 0 1
vt 0 1
vt 0 1
vt 0 1
vt 0 1
vt 0 1
vn -0.6427876096865393 0.41159537926408796 -0.6460753304390419
vn 0.6427876096865393 -0.41159537926408796 0.6460753304390419
vn 0 0 0
vn 0 0 0
vn 0 0 0
vn 0 0 0
usemtl m_2f782488-5985-7342-163e-a8a36ac958ed
f 3050/9145/2287 3049/9146/2287 3051/9147/2287 3052/9148/2287
f 3055/9149/2288 3053/9150/2288 3054/9151/2288 3056/9152/2288
f 3049/9153/2289 3050/9154/2289 3053/9155/2289 3054/9156/2289
f 3051/9157/2290 3055/9158/2290 3052/9159/2290 3056/9160/2290
f 3049/9161/2291 3053/9162/2291 3051/9163/2291 3055/9164/2291
f 3050/9165/2292 3052/9166/2292 3054/9167/2292 3056/9168/2292
o cuboid
v 0.17543612954387805 0.2989105944149141 0.4319695769520122
v 0.17543612954387805 0.19348666368830336 0.36480712590865927
v 0.28631248369115575 0.32992276304564816 0.3832902231372134
v 0.28631248369115575 0.22449883231903744 0.31612777209386045
v 0.17543612954387805 0.2989105944149141 0.4319695769520122
v 0.17543612954387805 0.19348666368830336 0.36480712590865927
v 0.28631248369115575 0.32992276304564816 0.3832902231372134
v 0.28631248369115575 0.22449883231903744 0.31612777209386045
vt 0.25 0.4375
vt 0.234375 0.4375
vt 0.234375 0.421875
vt 0.25 0.421875
vt 0.578125 0.75
vt 0.578125 0.765625
vt 0.5625 0.765625
vt 0.5625 0.75
vt 0 0.984375
vt 0 1
vt 0 0.984375
vt 0 1
vt 0 0.984375
vt 0 0.984375
vt 0 1
vt 0 1
vt 0 1
vt 0 1
vt 0 1
vt 0 1
vt 0 1
vt 0 1
vt 0 1
vt 0 1
vn -0.4617486132350338 0.47659057326604853 -0.7480973490458728
vn 0.4617486132350338 -0.47659057326604853 0.7480973490458728
vn 0 0 0
vn 0 0 0
vn 0 0 0
vn 0 0 0
usemtl m_2f782488-5985-7342-163e-a8a36ac958ed
f 3058/9169/2293 3057/9170/2293 3059/9171/2293 3060/9172/2293
f 3063/9173/2294 3061/9174/2294 3062/9175/2294 3064/9176/2294
f 3057/9177/2295 3058/9178/2295 3061/9179/2295 3062/9180/2295
f 3059/9181/2296 3063/9182/2296 3060/9183/2296 3064/9184/2296
f 3057/9185/2297 3061/9186/2297 3059/9187/2297 3063/9188/2297
f 3058/9189/2298 3060/9190/2298 3062/9191/2298 3064/9192/2298
o cuboid
v 0.06903915840819357 0.2845247205618134 0.45455087565345603
v 0.06903915840819354 0.17910078983520267 0.3873884246101031
v 0.18977988669432708 0.30190764200759873 0.4272651545718404
v 0.18977988669432708 0.19648371128098802 0.36010270352848744
v 0.06903915840819357 0.2845247205618134 0.45455087565345603
v 0.06903915840819354 0.17910078983520267 0.3873884246101031
v 0.18977988669432708 0.30190764200759873 0.4272651545718404
v 0.18977988669432708 0.19648371128098802 0.36010270352848744
vt 0.2734375 0.4375
vt 0.2578125 0.4375
vt 0.2578125 0.421875
vt 0.2734375 0.421875
vt 0.578125 0.7265625
vt 0.578125 0.7421875
vt 0.5625 0.7421875
vt 0.5625 0.7265625
vt 0 0.984375
vt 0 1
vt 0 0.984375
vt 0 1
vt 0 0.984375
vt 0 0.984375
vt 0 1
vt 0 1
vt 0 1
vt 0 1
vt 0 1
vt 0 1
vt 0 1
vt 0 1
vt 0 1
vt 0 1
vn -0.25881904510252063 0.5189915681571986 -0.8146535791819436
vn 0.25881904510252063 -0.5189915681571986 0.8146535791819436
vn 0 0 0
vn 0 0 0
vn 0 0 0
vn 0 0 0
usemtl m_2f782488-5985-7342-163e-a8a36ac958ed
f 3066/9193/2299 3065/9194/2299 3067/9195/2299 3068/9196/2299
f 3071/9197/2300 3069/9198/2300 3070/9199/2300 3072/9200/2300
f 3065/9201/2301 3066/9202/2301 3069/9203/2301 3070/9204/2301
f 3067/9205/2302 3071/9206/2302 3068/9207/2302 3072/9208/2302
f 3065/9209/2303 3069/9210/2303 3067/9211/2303 3071/9212/2303
f 3066/9213/2304 3068/9214/2304 3070/9215/2304 3072/9216/2304
o cuboid
v -0.04063082016619816 0.28285306379131114 0.45717485117600426
v -0.040630820166198185 0.17742913306470043 0.3900124001326513
v 0.08425020753153407 0.28578264875977655 0.4525763239040638
v 0.08425020753153405 0.18035871803316583 0.3854138728607109
v -0.04063082016619816 0.28285306379131114 0.45717485117600426
v -0.040630820166198185 0.17742913306470043 0.3900124001326513
v 0.08425020753153407 0.28578264875977655 0.4525763239040638
v 0.08425020753153405 0.18035871803316583 0.3854138728607109
vt 0.296875 0.4375
vt 0.28125 0.4375
vt 0.28125 0.421875
vt 0.296875 0.421875
vt 0.578125 0.703125
vt 0.578125 0.71875
vt 0.5625 0.71875
vt 0.5625 0.703125
vt 0 0.984375
vt 0 1
vt 0 0.984375
vt 0 1
vt 0 0.984375
vt 0 0.984375
vt 0 1
vt 0 1
vt 0 1
vt 0 1
vt 0 1
vt 0 1
vt 0 1
vt 0 1
vt 0 1
vt 0 1
vn -0.043619387365335875 0.5367882181755231 -0.8425887240367154
vn 0.043619387365335875 -0.5367882181755231 0.8425887240367154
vn 0 0 0
vn 0 0 0
vn 0 0 0
vn 0 0 0
usemtl m_2f782488-5985-7342-163e-a8a36ac958ed
f 3074/9217/2305 3073/9218/2305 3075/9219/2305 3076/9220/2305
f 3079/9221/2306 3077/9222/2306 3078/9223/2306 3080/9224/2306
f 3073/9225/2307 3074/9226/2307 3077/9227/2307 3078/9228/2307
f 3075/9229/2308 3079/9230/2308 3076/9231/2308 3080/9232/2308
f 3073/9233/2309 3077/9234/2309 3075/9235/2309 3079/9236/2309
f 3074/9237/2310 3076/9238/2310 3078/9239/2310 3080/9240/2310
o cuboid
v -0.14837457339672822 0.2939748739837792 0.4397171061254488
v -0.14837457339672822 0.18855094325716848 0.37255465508209584
v -0.02527360427020221 0.28231223675245654 0.4580237795786094
v -0.02527360427020223 0.17688830602584582 0.39086132853525646
v -0.14837457339672822 0.2939748739837792 0.4397171061254488
v -0.14837457339672822 0.18855094325716848 0.37255465508209584
v -0.02527360427020221 0.28231223675245654 0.4580237795786094
v -0.02527360427020223 0.17688830602584582 0.39086132853525646
vt 0.3203125 0.4375
vt 0.3046875 0.4375
vt 0.3046875 0.421875
vt 0.3203125 0.421875
vt 0.578125 0.6796875
vt 0.578125 0.6953125
vt 0.5625 0.6953125
vt 0.5625 0.6796875
vt 0 0.984375
vt 0 1
vt 0 0.984375
vt 0 1
vt 0 0.984375
vt 0 0.984375
vt 0 1
vt 0 1
vt 0 1
vt 0 1
vt 0 1
vt 0 1
vt 0 1
vt 0 1
vt 0 1
vt 0 1
vn 0.17364817766693044 0.5291368199903751 -0.8305784346607055
vn -0.17364817766693044 -0.5291368199903751 0.8305784346607055
vn 0 0 0
vn 0 0 0
vn 0 0 0
vn 0 0 0
usemtl m_2f782488-5985-7342-163e-a8a36ac958ed
f 3082/9241/2311 3081/9242/2311 3083/9243/2311 3084/9244/2311
f 3087/9245/2312 3085/9246/2312 3086/9247/2312 3088/9248/2312
f 3081/9249/2313 3082/9250/2313 3085/9251/2313 3086/9252/2313
f 3083/9253/2314 3087/9254/2314 3084/9255/2314 3088/9256/2314
f 3081/9257/2315 3085/9258/2315 3083/9259/2315 3087/9260/2315
f 3082/9261/2316 3084/9262/2316 3086/9263/2316 3088/9264/2316
o cuboid
v -0.24908418696450035 0.31736288851998623 0.40300527703055056
v -0.24908418696450035 0.21193895779337552 0.3358428259871976
v -0.13359924540058948 0.2916609312286636 0.44334926869442937
v -0.13359924540058948 0.18623700050205289 0.3761868176510764
v -0.24908418696450035 0.31736288851998623 0.40300527703055056
v -0.24908418696450035 0.21193895779337552 0.3358428259871976
v -0.13359924540058948 0.2916609312286636 0.44334926869442937
v -0.13359924540058948 0.18623700050205289 0.3761868176510764
vt 0.34375 0.4375
vt 0.328125 0.4375
vt 0.328125 0.421875
vt 0.34375 0.421875
vt 0.578125 0.65625
vt 0.578125 0.671875
vt 0.5625 0.671875
vt 0.5625 0.65625
vt 0 0.984375
vt 0 1
vt 0 0.984375
vt 0 1
vt 0 0.984375
vt 0 0.984375
vt 0 1
vt 0 1
vt 0 1
vt 0 1
vt 0 1
vt 0 1
vt 0 1
vt 0 1
vt 0 1
vt 0 1
vn 0.3826834323650898 0.49640011097796105 -0.7791920946816271
vn -0.3826834323650898 -0.49640011097796105 0.7791920946816271
vn 0 0 0
vn 0 0 0
vn 0 0 0
vn 0 0 0
usemtl m_2f782488-5985-7342-163e-a8a36ac958ed
f 3090/9265/2317 3089/9266/2317 3091/9267/2317 3092/9268/2317
f 3095/9269/2318 3093/9270/2318 3094/9271/2318 3096/9272/2318
f 3089/9273/2319 3090/9274/2319 3093/9275/2319 3094/9276/2319
f 3091/9277/2320 3095/9278/2320 3092/9279/2320 3096/9280/2320
f 3089/9281/2321 3093/9282/2321 3091/9283/2321 3095/9284/2321
f 3090/9285/2322 3092/9286/2322 3094/9287/2322 3096/9288/2322
o cuboid
v -0.3379852209435851 0.3519083287398418 0.34877979776226886
v -0.3379852209435851 0.24648439801323108 0.2816173467189159
v -0.23559121540746109 0.3133855294137937 0.40924848025455773
v -0.23559121540746109 0.20796159868718306 0.3420860292112048
v -0.3379852209435851 0.3519083287398418 0.34877979776226886
v -0.3379852209435851 0.24648439801323108 0.2816173467189159
v -0.23559121540746109 0.3133855294137937 0.40924848025455773
v -0.23559121540746109 0.20796159868718306 0.3420860292112048
vt 0.3671875 0.4375
vt 0.3515625 0.4375
vt 0.3515625 0.421875
vt 0.3671875 0.421875
vt 0.578125 0.6328125
vt 0.578125 0.6484375
vt 0.5625 0.6484375
vt 0.5625 0.6328125
vt 0 0.984375
vt 0 1
vt 0 0.984375
vt 0 1
vt 0 0.984375
vt 0 0.984375
vt 0 1
vt 0 1
vt 0 1
vt 0 1
vt 0 1
vt 0 1
vt 0 1
vt 0 1
vt 0 1
vt 0 1
vn 0.5735764363510462 0.44013007257297526 -0.690865826973474
vn -0.5735764363510462 -0.44013007257297526 0.690865826973474
vn 0 0 0
vn 0 0 0
vn 0 0 0
vn 0 0 0
usemtl m_2f782488-5985-7342-163e-a8a36ac958ed
f 3098/9289/2323 3097/9290/2323 3099/9291/2323 3100/9292/2323
f 3103/9293/2324 3101/9294/2324 3102/9295/2324 3104/9296/2324
f 3097/9297/2325 3098/9298/2325 3101/9299/2325 3102/9300/2325
f 3099/9301/2326 3103/9302/2326 3100/9303/2326 3104/9304/2326
f 3097/9305/2327 3101/9306/2327 3099/9307/2327 3103/9308/2327
f 3098/9309/2328 3100/9310/2328 3102/9311/2328 3104/9312/2328
o cuboid
v -0.4108630563810408 0.3959734649053255 0.2796113890695908
v -0.4108630563810408 0.29054953417871476 0.21244893802623788
v -0.32641428042908327 0.3464561118664418 0.3573380639517614
v -0.32641428042908327 0.2410321811398311 0.29017561290840843
v -0.4108630563810408 0.3959734649053255 0.2796113890695908
v -0.4108630563810408 0.29054953417871476 0.21244893802623788
v -0.32641428042908327 0.3464561118664418 0.3573380639517614
v -0.32641428042908327 0.2410321811398311 0.29017561290840843
vt 0.390625 0.4375
vt 0.375 0.4375
vt 0.375 0.421875
vt 0.390625 0.421875
vt 0.578125 0.609375
vt 0.578125 0.625
vt 0.5625 0.625
vt 0.5625 0.609375
vt 0 0.984375
vt 0 1
vt 0 0.984375
vt 0 1
vt 0 0.984375
vt 0 0.984375
vt 0 1
vt 0 1
vt 0 1
vt 0 1
vt 0 1
vt 0 1
vt 0 1
vt 0 1
vt 0 1
vt 0 1
vn 0.7372773368101241 0.3629943539548435 -0.5697870019779994
vn -0.7372773368101241 -0.3629943539548435 0.5697870019779994
vn 0 0 0
vn 0 0 0
vn 0 0 0
vn 0 0 0
usemtl m_2f782488-5985-7342-163e-a8a36ac958ed
f 3106/9313/2329 3105/9314/2329 3107/9315/2329 3108/9316/2329
f 3111/9317/2330 3109/9318/2330 3110/9319/2330 3112/9320/2330
f 3105/9321/2331 3106/9322/2331 3109/9323/2331 3110/9324/2331
f 3107/9325/2332 3111/9326/2332 3108/9327/2332 3112/9328/2332
f 3105/9329/2333 3109/9330/2333 3107/9331/2333 3111/9332/2333
f 3106/9333/2334 3108/9334/2334 3110/9335/2334 3112/9336/2334
o cuboid
v -0.46426270189221935 0.44746925766858564 0.1987791858868701
v -0.46426270189221935 0.342045326941975 0.1316167348435171
v -0.40176270189221935 0.3893048688846133 0.2900789880629258
v -0.40176270189221935 0.2838809381580026 0.22291653701957287
v -0.46426270189221935 0.44746925766858564 0.1987791858868701
v -0.46426270189221935 0.342045326941975 0.1316167348435171
v -0.40176270189221935 0.3893048688846133 0.2900789880629258
v -0.40176270189221935 0.2838809381580026 0.22291653701957287
vt 0.4140625 0.4375
vt 0.3984375 0.4375
vt 0.3984375 0.421875
vt 0.4140625 0.421875
vt 0.578125 0.5859375
vt 0.578125 0.6015625
vt 0.5625 0.6015625
vt 0.5625 0.5859375
vt 0 0.984375
vt 0 1
vt 0 0.984375
vt 0 1
vt 0 0.984375
vt 0 0.984375
vt 0 1
vt 0 1
vt 0 1
vt 0 1
vt 0 1
vt 0 1
vt 0 1
vt 0 1
vt 0 1
vt 0 1
vn 0.8660254037844386 0.26864980417341183 -0.421695722906443
vn -0.8660254037844386 -0.26864980417341183 0.421695722906443
vn 0 0 0
vn 0 0 0
vn 0 0 0
vn 0 0 0
usemtl m_2f782488-5985-7342-163e-a8a36ac958ed
f 3114/9337/2335 3113/9338/2335 3115/9339/2335 3116/9340/2335
f 3119/9341/2336 3117/9342/2336 3118/9343/2336 3120/9344/2336
f 3113/9345/2337 3114/9346/2337 3117/9347/2337 3118/9348/2337
f 3115/9349/2338 3119/9350/2338 3116/9351/2338 3120/9352/2338
f 3113/9353/2339 3117/9354/2339 3115/9355/2339 3119/9356/2339
f 3114/9357/2340 3116/9358/2340 3118/9359/2340 3120/9360/2340
o cuboid
v -0.49565258784313054 0.5039543952195951 0.1101152801515531
v -0.49565258784313054 0.39853046449298435 0.04295282910820013
v -0.4580643629050964 0.43990042720575134 0.21065986990002855
v -0.4580643629050964 0.3344764964791407 0.1434974188566756
v -0.49565258784313054 0.5039543952195951 0.1101152801515531
v -0.49565258784313054 0.39853046449298435 0.04295282910820013
v -0.4580643629050964 0.43990042720575134 0.21065986990002855
v -0.4580643629050964 0.3344764964791407 0.1434974188566756
vt 0.4375 0.4375
vt 0.421875 0.4375
vt 0.421875 0.421875
vt 0.4375 0.421875
vt 0.578125 0.5625
vt 0.578125 0.578125
vt 0.5625 0.578125
vt 0.5625 0.5625
vt 0 0.984375
vt 0 1
vt 0 0.984375
vt 0 1
vt 0 0.984375
vt 0 0.984375
vt 0 1
vt 0 1
vt 0 1
vt 0 1
vt 0 1
vt 0 1
vt 0 1
vt 0 1
vt 0 1
vt 0 1
vn 0.9537169507482268 0.16156910830126434 -0.2536126990082287
vn -0.9537169507482268 -0.16156910830126434 0.2536126990082287
vn 0 0 0
vn 0 0 0
vn 0 0 0
vn 0 0 0
usemtl m_2f782488-5985-7342-163e-a8a36ac958ed
f 3122/9361/2341 3121/9362/2341 3123/9363/2341 3124/9364/2341
f 3127/9365/2342 3125/9366/2342 3126/9367/2342 3128/9368/2342
f 3121/9369/2343 3122/9370/2343 3125/9371/2343 3126/9372/2343
f 3123/9373/2344 3127/9374/2344 3124/9375/2344 3128/9376/2344
f 3121/9377/2345 3125/9378/2345 3123/9379/2345 3127/9380/2345
f 3122/9381/2346 3124/9382/2346 3126/9383/2346 3128/9384/2346
o cuboid
v -0.5035445829676014 0.5627510309616761 0.017823049044177766
v -0.5035445829676014 0.4573271002350654 -0.049339401999175206
v -0.4926501151241441 0.49584415332144144 0.1228458098860188
v -0.4926501151241441 0.3904202225948307 0.05568335884266583
v -0.5035445829676014 0.5627510309616761 0.017823049044177766
v -0.5035445829676014 0.4573271002350654 -0.049339401999175206
v -0.4926501151241441 0.49584415332144144 0.1228458098860188
v -0.4926501151241441 0.3904202225948307 0.05568335884266583
vt 0.4609375 0.4375
vt 0.4453125 0.4375
vt 0.4453125 0.421875
vt 0.4609375 0.421875
vt 0.578125 0.5390625
vt 0.578125 0.5546875
vt 0.5625 0.5546875
vt 0.5625 0.5390625
vt 0 0.984375
vt 0 1
vt 0 0.984375
vt 0 1
vt 0 0.984375
vt 0 0.984375
vt 0 1
vt 0 1
vt 0 1
vt 0 1
vt 0 1
vt 0 1
vt 0 1
vt 0 1
vt 0 1
vt 0 1
vn 0.9961946980917455 0.046828746443493205 -0.07350640788684361
vn -0.9961946980917455 -0.046828746443493205 0.07350640788684361
vn 0 0 0
vn 0 0 0
vn 0 0 0
vn 0 0 0
usemtl m_2f782488-5985-7342-163e-a8a36ac958ed
f 3130/9385/2347 3129/9386/2347 3131/9387/2347 3132/9388/2347
f 3135/9389/2348 3133/9390/2348 3134/9391/2348 3136/9392/2348
f 3129/9393/2349 3130/9394/2349 3133/9395/2349 3134/9396/2349
f 3131/9397/2350 3135/9398/2350 3132/9399/2350 3136/9400/2350
f 3129/9401/2351 3133/9402/2351 3131/9403/2351 3135/9404/2351
f 3130/9405/2352 3132/9406/2352 3134/9407/2352 3136/9408/2352
o cuboid
v -0.487564543673152 0.6210717348248247 -0.07372211865714685
v -0.487564543673152 0.515647804098214 -0.14088456970049984
v -0.5038803177006584 0.5544838678606222 0.0307998957275799
v -0.5038803177006584 0.44905993713401154 -0.03636255531577307
v -0.487564543673152 0.6210717348248247 -0.07372211865714685
v -0.487564543673152 0.515647804098214 -0.14088456970049984
v -0.5038803177006584 0.5544838678606222 0.0307998957275799
v -0.5038803177006584 0.44905993713401154 -0.03636255531577307
vt 0.484375 0.4375
vt 0.46875 0.4375
vt 0.46875 0.421875
vt 0.484375 0.421875
vt 0.578125 0.515625
vt 0.578125 0.53125
vt 0.5625 0.53125
vt 0.5625 0.515625
vt 0 0.984375
vt 0 1
vt 0 0.984375
vt 0 1
vt 0 0.984375
vt 0 0.984375
vt 0 1
vt 0 1
vt 0 1
vt 0 1
vt 0 1
vt 0 1
vt 0 1
vt 0 1
vt 0 1
vt 0 1
vn 0.9914448613738105 -0.07013167195883617 0.11008467397291995
vn -0.9914448613738105 0.07013167195883617 -0.11008467397291995
vn 0 0 0
vn 0 0 0
vn 0 0 0
vn 0 0 0
usemtl m_2f782488-5985-7342-163e-a8a36ac958ed
f 3138/9409/2353 3137/9410/2353 3139/9411/2353 3140/9412/2353
f 3143/9413/2354 3141/9414/2354 3142/9415/2354 3144/9416/2354
f 3137/9417/2355 3138/9418/2355 3141/9419/2355 3142/9420/2355
f 3139/9421/2356 3143/9422/2356 3140/9423/2356 3144/9424/2356
f 3137/9425/2357 3141/9426/2357 3139/9427/2357 3143/9428/2357
f 3138/9429/2358 3140/9430/2358 3142/9431/2358 3144/9432/2358
o cuboid
v -0.4484700514350999 0.6761516397107754 -0.16018025094562688
v -0.4484700514350999 0.5707277089841647 -0.22734270198897988
v -0.49122256935080844 0.6130395800714418 -0.061114161187586016
v -0.49122256935080844 0.507615649344831 -0.128276612230939
v -0.4484700514350999 0.6761516397107754 -0.16018025094562688
v -0.4484700514350999 0.5707277089841647 -0.22734270198897988
v -0.49122256935080844 0.6130395800714418 -0.061114161187586016
v -0.49122256935080844 0.507615649344831 -0.128276612230939
vt 0.5078125 0.4375
vt 0.4921875 0.4375
vt 0.4921875 0.421875
vt 0.5078125 0.421875
vt 0.578125 0.4921875
vt 0.578125 0.5078125
vt 0.5625 0.5078125
vt 0.5625 0.4921875
vt 0 0.984375
vt 0 1
vt 0 0.984375
vt 0 1
vt 0 0.984375
vt 0 0.984375
vt 0 1
vt 0 1
vt 0 1
vt 0 1
vt 0 1
vt 0 1
vt 0 1
vt 0 1
vt 0 1
vt 0 1
vn 0.9396926207859085 -0.18376728905560646 0.28845686317656594
vn -0.9396926207859085 0.18376728905560646 -0.28845686317656594
vn 0 0 0
vn 0 0 0
vn 0 0 0
vn 0 0 0
usemtl m_2f782488-5985-7342-163e-a8a36ac958ed
f 3146/9433/2359 3145/9434/2359 3147/9435/2359 3148/9436/2359
f 3151/9437/2360 3149/9438/2360 3150/9439/2360 3152/9440/2360
f 3145/9441/2361 3146/9442/2361 3149/9443/2361 3150/9444/2361
f 3147/9445/2362 3151/9446/2362 3148/9447/2362 3152/9448/2362
f 3145/9449/2363 3149/9450/2363 3147/9451/2363 3151/9452/2363
f 3146/9453/2364 3148/9454/2364 3150/9455/2364 3152/9456/2364
o cuboid
v -0.3881144973847664 0.7253795182730258 -0.23745254191688286
v -0.3881144973847664 0.6199555875464151 -0.3046149929602358
v -0.45527694842811933 0.6687352815832353 -0.1485389005580891
v -0.45527694842811933 0.5633113508566245 -0.2157013516014421
v -0.3881144973847664 0.7253795182730258 -0.23745254191688286
v -0.3881144973847664 0.6199555875464151 -0.3046149929602358
v -0.45527694842811933 0.6687352815832353 -0.1485389005580891
v -0.45527694842811933 0.5633113508566245 -0.2157013516014421
vt 0.53125 0.4375
vt 0.515625 0.4375
vt 0.515625 0.421875
vt 0.53125 0.421875
vt 0.578125 0.46875
vt 0.578125 0.484375
vt 0.5625 0.484375
vt 0.5625 0.46875
vt 0 0.984375
vt 0 1
vt 0 0.984375
vt 0 1
vt 0 0.984375
vt 0 0.984375
vt 0 1
vt 0 1
vt 0 1
vt 0 1
vt 0 1
vt 0 1
vt 0 1
vt 0 1
vt 0 1
vt 0 1
vn 0.8433914458128857 -0.2886908691296505 0.45315389351832497
vn -0.8433914458128857 0.2886908691296505 -0.45315389351832497
vn 0 0 0
vn 0 0 0
vn 0 0 0
vn 0 0 0
usemtl m_2f782488-5985-7342-163e-a8a36ac958ed
f 3154/9457/2365 3153/9458/2365 3155/9459/2365 3156/9460/2365
f 3159/9461/2366 3157/9462/2366 3158/9463/2366 3160/9464/2366
f 3153/9465/2367 3154/9466/2367 3157/9467/2367 3158/9468/2367
f 3155/9469/2368 3159/9470/2368 3156/9471/2368 3160/9472/2368
f 3153/9473/2369 3157/9474/2369 3155/9475/2369 3159/9476/2369
f 3154/9477/2370 3156/9478/2370 3158/9479/2370 3160/9480/2370
o cuboid
v -0.30935921676911454 0.7664215759456952 -0.30187566790089615
v -0.30935921676911454 0.6609976452190844 -0.3690381189442491
v -0.39774756441743303 0.7189305513718308 -0.2273296915847689
v -0.39774756441743303 0.6135066206452201 -0.29449214262812184
v -0.30935921676911454 0.7664215759456952 -0.30187566790089615
v -0.30935921676911454 0.6609976452190844 -0.3690381189442491
v -0.39774756441743303 0.7189305513718308 -0.2273296915847689
v -0.39774756441743303 0.6135066206452201 -0.29449214262812184
vt 0.5546875 0.4375
vt 0.5390625 0.4375
vt 0.5390625 0.421875
vt 0.5546875 0.421875
vt 0.578125 0.4453125
vt 0.578125 0.4609375
vt 0.5625 0.4609375
vt 0.5625 0.4453125
vt 0 0.984375
vt 0 1
vt 0 0.984375
vt 0 1
vt 0 0.984375
vt 0 0.984375
vt 0 1
vt 0 1
vt 0 1
vt 0 1
vt 0 1
vt 0 1
vt 0 1
vt 0 1
vt 0 1
vt 0 1
vn 0.7071067811865476 -0.3799281965909155 0.5963678105290181
vn -0.7071067811865476 0.3799281965909155 -0.5963678105290181
vn 0 0 0
vn 0 0 0
vn 0 0 0
vn 0 0 0
usemtl m_2f782488-5985-7342-163e-a8a36ac958ed
f 3162/9481/2371 3161/9482/2371 3163/9483/2371 3164/9484/2371
f 3167/9485/2372 3165/9486/2372 3166/9487/2372 3168/9488/2372
f 3161/9489/2373 3162/9490/2373 3165/9491/2373 3166/9492/2373
f 3163/9493/2374 3167/9494/2374 3164/9495/2374 3168/9496/2374
f 3161/9497/2375 3165/9498/2375 3163/9499/2375 3167/9500/2375
f 3162/9501/2376 3164/9502/2376 3166/9503/2376 3168/9504/2376
o cuboid
v -0.2159378388101067 0.7973320914430709 -0.3503954582583936
v -0.2159378388101067 0.6919081607164602 -0.4175579093017465
v -0.3213617695367174 0.7612457328018647 -0.2937512215686029
v -0.3213617695367174 0.655821802075254 -0.36091367261195584
v -0.2159378388101067 0.7973320914430709 -0.3503954582583936
v -0.2159378388101067 0.6919081607164602 -0.4175579093017465
v -0.3213617695367174 0.7612457328018647 -0.2937512215686029
v -0.3213617695367174 0.655821802075254 -0.36091367261195584
vt 0.578125 0.4375
vt 0.5625 0.4375
vt 0.5625 0.421875
vt 0.578125 0.421875
vt 0.015625 0.3984375
vt 0.015625 0.4140625
vt 0 0.4140625
vt 0 0.3984375
vt 0 0.984375
vt 0 1
vt 0 0.984375
vt 0 1
vt 0 0.984375
vt 0 0.984375
vt 0 1
vt 0 1
vt 0 1
vt 0 1
vt 0 1
vt 0 1
vt 0 1
vt 0 1
vt 0 1
vt 0 1
vn 0.537299608346824 -0.453153893518325 0.7113091308703495
vn -0.537299608346824 0.453153893518325 -0.7113091308703495
vn 0 0 0
vn 0 0 0
vn 0 0 0
vn 0 0 0
usemtl m_2f782488-5985-7342-163e-a8a36ac958ed
f 3170/9505/2377 3169/9506/2377 3171/9507/2377 3172/9508/2377
f 3175/9509/2378 3173/9510/2378 3174/9511/2378 3176/9512/2378
f 3169/9513/2379 3170/9514/2379 3173/9515/2379 3174/9516/2379
f 3171/9517/2380 3175/9518/2380 3172/9519/2380 3176/9520/2380
f 3169/9521/2381 3173/9522/2381 3171/9523/2381 3175/9524/2381
f 3170/9525/2382 3172/9526/2382 3174/9527/2382 3176/9528/2382
o cuboid
v -0.11227928286371508 0.8166456594866153 -0.3807116874590223
v -0.11227928286371511 0.7112217287600046 -0.44787413850237523
v -0.22974086046195363 0.7936747483546644 -0.34465457956195156
v -0.22974086046195363 0.6882508176280537 -0.4118170306053045
v -0.11227928286371508 0.8166456594866153 -0.3807116874590223
v -0.11227928286371511 0.7112217287600046 -0.44787413850237523
v -0.22974086046195363 0.7936747483546644 -0.34465457956195156
v -0.22974086046195363 0.6882508176280537 -0.4118170306053045
vt 0.6015625 1
vt 0.5859375 1
vt 0.5859375 0.984375
vt 0.6015625 0.984375
vt 0.0390625 0.3984375
vt 0.0390625 0.4140625
vt 0.0234375 0.4140625
vt 0.0234375 0.3984375
vt 0 0.984375
vt 0 1
vt 0 0.984375
vt 0 1
vt 0 0.984375
vt 0 0.984375
vt 0 1
vt 0 1
vt 0 1
vt 0 1
vt 0 1
vt 0 1
vt 0 1
vt 0 1
vt 0 1
vt 0 1
vn 0.34202014332566877 -0.504896477114669 0.7925287180643269
vn -0.34202014332566877 0.504896477114669 -0.7925287180643269
vn 0 0 0
vn 0 0 0
vn 0 0 0
vn 0 0 0
usemtl m_2f782488-5985-7342-163e-a8a36ac958ed
f 3178/9529/2383 3177/9530/2383 3179/9531/2383 3180/9532/2383
f 3183/9533/2384 3181/9534/2384 3182/9535/2384 3184/9536/2384
f 3177/9537/2385 3178/9538/2385 3181/9539/2385 3182/9540/2385
f 3179/9541/2386 3183/9542/2386 3180/9543/2386 3184/9544/2386
f 3177/9545/2387 3181/9546/2387 3179/9547/2387 3183/9548/2387
f 3178/9549/2388 3180/9550/2388 3182/9551/2388 3184/9552/2388
o cuboid
v -0.0032977922741625637 0.8234466627175423 -0.3913871241405379
v -0.003297792274162587 0.7180227319909316 -0.45854957518389083
v -0.12722839994588886 0.8146802037226877 -0.3776265398939229
v -0.12722839994588886 0.709256272996077 -0.44478899093727586
v -0.0032977922741625637 0.8234466627175423 -0.3913871241405379
v -0.003297792274162587 0.7180227319909316 -0.45854957518389083
v -0.12722839994588886 0.8146802037226877 -0.3776265398939229
v -0.12722839994588886 0.709256272996077 -0.44478899093727586
vt 0.6015625 0.9765625
vt 0.5859375 0.9765625
vt 0.5859375 0.9609375
vt 0.6015625 0.9609375
vt 0.0625 0.3984375
vt 0.0625 0.4140625
vt 0.046875 0.4140625
vt 0.046875 0.3984375
vt 0 0.984375
vt 0 1
vt 0 0.984375
vt 0 1
vt 0 0.984375
vt 0 0.984375
vt 0 1
vt 0 1
vt 0 1
vt 0 1
vt 0 1
vt 0 1
vt 0 1
vt 0 1
vt 0 1
vt 0 1
vn 0.13052619222005146 -0.5327029357136195 0.8361761150778141
vn -0.13052619222005146 0.5327029357136195 -0.8361761150778141
vn 0 0 0
vn 0 0 0
vn 0 0 0
vn 0 0 0
usemtl m_2f782488-5985-7342-163e-a8a36ac958ed
f 3186/9553/2389 3185/9554/2389 3187/9555/2389 3188/9556/2389
f 3191/9557/2390 3189/9558/2390 3190/9559/2390 3192/9560/2390
f 3185/9561/2391 3186/9562/2391 3189/9563/2391 3190/9564/2391
f 3187/9565/2392 3191/9566/2392 3188/9567/2392 3192/9568/2392
f 3185/9569/2393 3189/9570/2393 3187/9571/2393 3191/9572/2393
f 3186/9573/2394 3188/9574/2394 3190/9575/2394 3192/9576/2394
o cuboid
v 0.10584004000456328 0.8174126792715257 -0.38191566735276006
v 0.10584004000456325 0.711988748544915 -0.449078118396113
v -0.01868429725690494 0.8232662725769624 -0.3911039683386155
v -0.01868429725690496 0.7178423418503517 -0.45826641938196844
v 0.10584004000456328 0.8174126792715257 -0.38191566735276006
v 0.10584004000456325 0.711988748544915 -0.449078118396113
v -0.01868429725690494 0.8232662725769624 -0.3911039683386155
v -0.01868429725690496 0.7178423418503517 -0.45826641938196844
vt 0.6015625 0.953125
vt 0.5859375 0.953125
vt 0.5859375 0.9375
vt 0.6015625 0.9375
vt 0.0859375 0.3984375
vt 0.0859375 0.4140625
vt 0.0703125 0.4140625
vt 0.0703125 0.3984375
vt 0 0.984375
vt 0 1
vt 0 0.984375
vt 0 1
vt 0 0.984375
vt 0 0.984375
vt 0 1
vt 0 1
vt 0 1
vt 0 1
vt 0 1
vt 0 1
vt 0 1
vt 0 1
vt 0 1
vt 0 1
vn -0.08715574274765829 -0.5352550211218774 0.8401820867347285
vn 0.08715574274765829 0.5352550211218774 -0.8401820867347285
vn 0 0 0
vn 0 0 0
vn 0 0 0
vn 0 0 0
usemtl m_2f782488-5985-7342-163e-a8a36ac958ed
f 3194/9577/2395 3193/9578/2395 3195/9579/2395 3196/9580/2395
f 3199/9581/2396 3197/9582/2396 3198/9583/2396 3200/9584/2396
f 3193/9585/2397 3194/9586/2397 3197/9587/2397 3198/9588/2397
f 3195/9589/2398 3199/9590/2398 3196/9591/2398 3200/9592/2398
f 3193/9593/2399 3197/9594/2399 3195/9595/2399 3199/9596/2399
f 3194/9597/2400 3196/9598/2400 3198/9599/2400 3200/9600/2400
o cuboid
v 0.20996020917390087 0.7988297681498508 -0.35274633978421105
v 0.20996020917390087 0.6934058374232401 -0.419908790827564
v 0.09074559033037254 0.819025906687509 -0.3844479271602396
v 0.09074559033037251 0.7136019759608982 -0.45161037820359257
v 0.20996020917390087 0.7988297681498508 -0.35274633978421105
v 0.20996020917390087 0.6934058374232401 -0.419908790827564
v 0.09074559033037254 0.819025906687509 -0.3844479271602396
v 0.09074559033037251 0.7136019759608982 -0.45161037820359257
vt 0.6015625 0.9296875
vt 0.5859375 0.9296875
vt 0.5859375 0.9140625
vt 0.6015625 0.9140625
vt 0.109375 0.3984375
vt 0.109375 0.4140625
vt 0.09375 0.4140625
vt 0.09375 0.3984375
vt 0 0.984375
vt 0 1
vt 0 0.984375
vt 0 1
vt 0 0.984375
vt 0 0.984375
vt 0 1
vt 0 1
vt 0 1
vt 0 1
vt 0 1
vt 0 1
vt 0 1
vt 0 1
vt 0 1
vt 0 1
vn -0.3007057995042734 -0.5124317441107494 0.8043567179878037
vn 0.3007057995042734 0.5124317441107494 -0.8043567179878037
vn 0 0 0
vn 0 0 0
vn 0 0 0
vn 0 0 0
usemtl m_2f782488-5985-7342-163e-a8a36ac958ed
f 3202/9601/2401 3201/9602/2401 3203/9603/2401 3204/9604/2401
f 3207/9605/2402 3205/9606/2402 3206/9607/2402 3208/9608/2402
f 3201/9609/2403 3202/9610/2403 3205/9611/2403 3206/9612/2403
f 3203/9613/2404 3207/9614/2404 3204/9615/2404 3208/9616/2404
f 3201/9617/2405 3205/9618/2405 3203/9619/2405 3207/9620/2405
f 3202/9621/2406 3204/9622/2406 3206/9623/2406 3208/9624/2406
o cuboid
v 0.3041265877365274 0.7685789077383565 -0.3052620005008938
v 0.3041265877365274 0.6631549770117457 -0.37242445154424675
v 0.19587341226347257 0.802160133260033 -0.35797396586419916
v 0.19587341226347257 0.6967362025334223 -0.4251364169075521
v 0.3041265877365274 0.7685789077383565 -0.3052620005008938
v 0.3041265877365274 0.6631549770117457 -0.37242445154424675
v 0.19587341226347257 0.802160133260033 -0.35797396586419916
v 0.19587341226347257 0.6967362025334223 -0.4251364169075521
vt 0.6015625 0.90625
vt 0.5859375 0.90625
vt 0.5859375 0.890625
vt 0.6015625 0.890625
vt 0.1328125 0.3984375
vt 0.1328125 0.4140625
vt 0.1171875 0.4140625
vt 0.1171875 0.3984375
vt 0 0.984375
vt 0 1
vt 0 0.984375
vt 0 1
vt 0 0.984375
vt 0 0.984375
vt 0 1
vt 0 1
vt 0 1
vt 0 1
vt 0 1
vt 0 1
vt 0 1
vt 0 1
vt 0 1
vt 0 1
vn -0.5 -0.4653151102717789 0.7303984174084459
vn 0.5 0.4653151102717789 -0.7303984174084459
vn 0 0 0
vn 0 0 0
vn 0 0 0
vn 0 0 0
usemtl m_2f782488-5985-7342-163e-a8a36ac958ed
f 3210/9625/2407 3209/9626/2407 3211/9627/2407 3212/9628/2407
f 3215/9629/2408 3213/9630/2408 3214/9631/2408 3216/9632/2408
f 3209/9633/2409 3210/9634/2409 3213/9635/2409 3214/9636/2409
f 3211/9637/2410 3215/9638/2410 3212/9639/2410 3216/9640/2410
f 3209/9641/2411 3213/9642/2411 3211/9643/2411 3215/9644/2411
f 3210/9645/2412 3212/9646/2412 3214/9647/2412 3216/9648/2412
o cuboid
v 0.3838749373584629 0.728094230396662 -0.24171378638338065
v 0.3838749373584629 0.6226702996700513 -0.3088762374267336
v 0.29171527025719746 0.7734685246410173 -0.3129371616306305
v 0.29171527025719746 0.6680445939144066 -0.38009961267398346
v 0.3838749373584629 0.728094230396662 -0.24171378638338065
v 0.3838749373584629 0.6226702996700513 -0.3088762374267336
v 0.29171527025719746 0.7734685246410173 -0.3129371616306305
v 0.29171527025719746 0.6680445939144066 -0.38009961267398346
vt 0.6015625 0.8828125
vt 0.5859375 0.8828125
vt 0.5859375 0.8671875
vt 0.6015625 0.8671875
vt 0.15625 0.3984375
vt 0.15625 0.4140625
vt 0.140625 0.4140625
vt 0.140625 0.3984375
vt 0 0.984375
vt 0 1
vt 0 0.984375
vt 0 1
vt 0 0.984375
vt 0 0.984375
vt 0 1
vt 0 1
vt 0 1
vt 0 1
vt 0 1
vt 0 1
vt 0 1
vt 0 1
vt 0 1
vt 0 1
vn -0.6755902076156605 -0.3961388243110688 0.6218133990573644
vn 0.6755902076156605 0.3961388243110688 -0.6218133990573644
vn 0 0 0
vn 0 0 0
vn 0 0 0
vn 0 0 0
usemtl m_2f782488-5985-7342-163e-a8a36ac958ed
f 3218/9649/2413 3217/9650/2413 3219/9651/2413 3220/9652/2413
f 3223/9653/2414 3221/9654/2414 3222/9655/2414 3224/9656/2414
f 3217/9657/2415 3218/9658/2415 3221/9659/2415 3222/9660/2415
f 3219/9661/2416 3223/9662/2416 3220/9663/2416 3224/9664/2416
f 3217/9665/2417 3221/9666/2417 3219/9667/2417 3223/9668/2417
f 3218/9669/2418 3220/9670/2418 3222/9671/2418 3224/9672/2418
o cuboid
v 0.44542454941643633 0.6792950331316863 -0.16511439026163705
v 0.44542454941643633 0.5738711024050756 -0.23227684130499004
v 0.3737274948725556 0.7343112922033082 -0.25147261863332127
v 0.3737274948725556 0.6288873614766974 -0.3186350696766742
v 0.44542454941643633 0.6792950331316863 -0.16511439026163705
v 0.44542454941643633 0.5738711024050756 -0.23227684130499004
v 0.3737274948725556 0.7343112922033082 -0.25147261863332127
v 0.3737274948725556 0.6288873614766974 -0.3186350696766742
vt 0.6015625 0.859375
vt 0.5859375 0.859375
vt 0.5859375 0.84375
vt 0.6015625 0.84375
vt 0.1796875 0.3984375
vt 0.1796875 0.4140625
vt 0.1640625 0.4140625
vt 0.1640625 0.3984375
vt 0 0.984375
vt 0 1
vt 0 0.984375
vt 0 1
vt 0 0.984375
vt 0 0.984375
vt 0 1
vt 0 1
vt 0 1
vt 0 1
vt 0 1
vt 0 1
vt 0 1
vt 0 1
vt 0 1
vt 0 1
vn -0.8191520442889918 -0.3081823946083838 0.48374945993831137
vn 0.8191520442889918 0.3081823946083838 -0.48374945993831137
vn 0 0 0
vn 0 0 0
vn 0 0 0
vn 0 0 0
usemtl m_2f782488-5985-7342-163e-a8a36ac958ed
f 3226/9673/2419 3225/9674/2419 3227/9675/2419 3228/9676/2419
f 3231/9677/2420 3229/9678/2420 3230/9679/2420 3232/9680/2420
f 3225/9681/2421 3226/9682/2421 3229/9683/2421 3230/9684/2421
f 3227/9685/2422 3231/9686/2422 3228/9687/2422 3232/9688/2422
f 3225/9689/2423 3229/9690/2423 3227/9691/2423 3231/9692/2423
f 3226/9693/2424 3228/9694/2424 3230/9695/2424 3232/9696/2424
o cuboid
v 0.4858574807784615 0.6244947875924731 -0.0790952352162372
v 0.4858574807784615 0.5190708568658625 -0.14625768625959018
v 0.4380220517328253 0.6865448014647183 -0.17649424705144057
v 0.4380220517328253 0.5811208707381076 -0.24365669809479357
v 0.4858574807784615 0.6244947875924731 -0.0790952352162372
v 0.4858574807784615 0.5190708568658625 -0.14625768625959018
v 0.4380220517328253 0.6865448014647183 -0.17649424705144057
v 0.4380220517328253 0.5811208707381076 -0.24365669809479357
vt 0.6015625 0.8359375
vt 0.5859375 0.8359375
vt 0.5859375 0.8203125
vt 0.6015625 0.8203125
vt 0.203125 0.3984375
vt 0.203125 0.4140625
vt 0.1875 0.4140625
vt 0.1875 0.3984375
vt 0 0.984375
vt 0 1
vt 0 0.984375
vt 0 1
vt 0 0.984375
vt 0 0.984375
vt 0 1
vt 0 1
vt 0 1
vt 0 1
vt 0 1
vt 0 1
vt 0 1
vt 0 1
vt 0 1
vt 0 1
vn -0.923879532511287 -0.20561565833058085 0.3227519333110308
vn 0.923879532511287 0.20561565833058085 -0.3227519333110308
vn 0 0 0
vn 0 0 0
vn 0 0 0
vn 0 0 0
usemtl m_2f782488-5985-7342-163e-a8a36ac958ed
f 3234/9697/2425 3233/9698/2425 3235/9699/2425 3236/9700/2425
f 3239/9701/2426 3237/9702/2426 3238/9703/2426 3240/9704/2426
f 3233/9705/2427 3234/9706/2427 3237/9707/2427 3238/9708/2427
f 3235/9709/2428 3239/9710/2428 3236/9711/2428 3240/9712/2428
f 3233/9713/2429 3237/9714/2429 3235/9715/2429 3239/9716/2429
f 3234/9717/2430 3236/9718/2430 3238/9719/2430 3240/9720/2430
o cuboid
v 0.5032568876102872 0.5662914630391975 0.012265683875327983
v 0.5032568876102872 0.46086753231258676 -0.05489676716802499
v 0.48155086540192094 0.6324335655379943 -0.0915566204572602
v 0.48155086540192094 0.5270096348113836 -0.15871907150061315
v 0.5032568876102872 0.5662914630391975 0.012265683875327983
v 0.5032568876102872 0.46086753231258676 -0.05489676716802499
v 0.48155086540192094 0.6324335655379943 -0.0915566204572602
v 0.48155086540192094 0.5270096348113836 -0.15871907150061315
vt 0.6015625 0.8125
vt 0.5859375 0.8125
vt 0.5859375 0.796875
vt 0.6015625 0.796875
vt 0.2265625 0.3984375
vt 0.2265625 0.4140625
vt 0.2109375 0.4140625
vt 0.2109375 0.3984375
vt 0 0.984375
vt 0 1
vt 0 0.984375
vt 0 1
vt 0 0.984375
vt 0 0.984375
vt 0 1
vt 0 1
vt 0 1
vt 0 1
vt 0 1
vt 0 1
vt 0 1
vt 0 1
vt 0 1
vt 0 1
vn -0.9848077530122081 -0.09330109785058112 0.14645338762528523
vn 0.9848077530122081 0.09330109785058112 -0.14645338762528523
vn 0 0 0
vn 0 0 0
vn 0 0 0
vn 0 0 0
usemtl m_2f782488-5985-7342-163e-a8a36ac958ed
f 3242/9721/2431 3241/9722/2431 3243/9723/2431 3244/9724/2431
f 3247/9725/2432 3245/9726/2432 3246/9727/2432 3248/9728/2432
f 3241/9729/2433 3242/9730/2433 3245/9731/2433 3246/9732/2433
f 3243/9733/2434 3247/9734/2434 3244/9735/2434 3248/9736/2434
f 3241/9737/2435 3245/9738/2435 3243/9739/2435 3247/9740/2435
f 3242/9741/2436 3244/9742/2436 3246/9743/2436 3248/9744/2436
o cuboid
v 0.5 0.4493025265409199 0.07240349566744617
v 0.5 0.42759650433255364 -0.050697473459079836
v 0.5 0.572403495667446 0.05069747345907988
v 0.5 0.5506974734590796 -0.07240349566744612
v 0.5 0.4493025265409199 0.07240349566744617
v 0.5 0.42759650433255364 -0.050697473459079836
v 0.5 0.572403495667446 0.05069747345907988
v 0.5 0.5506974734590796 -0.07240349566744612
vt 0.6484375 0.6484375
vt 0.6328125 0.6484375
vt 0.6328125 0.6328125
vt 0.6484375 0.6328125
vt 0.390625 0.3515625
vt 0.390625 0.3671875
vt 0.375 0.3671875
vt 0.375 0.3515625
vt 0 0.984375
vt 0 1
vt 0 0.984375
vt 0 1
vt 0 0.984375
vt 0 0.984375
vt 0 1
vt 0 1
vt 0 1
vt 0 1
vt 0 1
vt 0 1
vt 0 1
vt 0 1
vt 0 1
vt 0 1
vn -1 4.4071585336973497e-16 -3.85576410060052e-17
vn 1 -4.4071585336973497e-16 3.85576410060052e-17
vn 0 0 0
vn 0 0 0
vn 0 0 0
vn 0 0 0
usemtl m_2f782488-5985-7342-163e-a8a36ac958ed
f 3250/9745/2437 3249/9746/2437 3251/9747/2437 3252/9748/2437
f 3255/9749/2438 3253/9750/2438 3254/9751/2438 3256/9752/2438
f 3249/9753/2439 3250/9754/2439 3253/9755/2439 3254/9756/2439
f 3251/9757/2440 3255/9758/2440 3252/9759/2440 3256/9760/2440
f 3249/9761/2441 3253/9762/2441 3251/9763/2441 3255/9764/2441
f 3250/9765/2442 3252/9766/2442 3254/9767/2442 3256/9768/2442
o cuboid
v 0.47462052768883517 0.34418581385616576 0.09093840823714808
v 0.47462052768883517 0.32247979164779944 -0.03216256088937793
v 0.501675479431098 0.46436879848698726 0.06974690542466347
v 0.501675479431098 0.442662776278621 -0.05335406370186254
v 0.47462052768883517 0.34418581385616576 0.09093840823714808
v 0.47462052768883517 0.32247979164779944 -0.03216256088937793
v 0.501675479431098 0.46436879848698726 0.06974690542466347
v 0.501675479431098 0.442662776278621 -0.05335406370186254
vt 0.6484375 0.625
vt 0.6328125 0.625
vt 0.6328125 0.609375
vt 0.6484375 0.609375
vt 0.4140625 0.3515625
vt 0.4140625 0.3671875
vt 0.3984375 0.3671875
vt 0.3984375 0.3515625
vt 0 0.984375
vt 0 1
vt 0 0.984375
vt 0 1
vt 0 0.984375
vt 0 0.984375
vt 0 1
vt 0 1
vt 0 1
vt 0 1
vt 0 1
vt 0 1
vt 0 1
vt 0 1
vt 0 1
vt 0 1
vn -0.9762960071199334 0.21315140986521333 -0.037584344535285544
vn 0.9762960071199334 -0.21315140986521333 0.037584344535285544
vn 0 0 0
vn 0 0 0
vn 0 0 0
vn 0 0 0
usemtl m_2f782488-5985-7342-163e-a8a36ac958ed
f 3258/9769/2443 3257/9770/2443 3259/9771/2443 3260/9772/2443
f 3263/9773/2444 3261/9774/2444 3262/9775/2444 3264/9776/2444
f 3257/9777/2445 3258/9778/2445 3261/9779/2445 3262/9780/2445
f 3259/9781/2446 3263/9782/2446 3260/9783/2446 3264/9784/2446
f 3257/9785/2447 3261/9786/2447 3259/9787/2447 3263/9788/2447
f 3258/9789/2448 3260/9790/2448 3262/9791/2448 3264/9792/2448
o cuboid
v 0.42674025215953126 0.24697045728522704 0.10808009853979852
v 0.42674025215953126 0.22526443507686078 -0.015020870586727478
v 0.4795675348771187 0.3585378241963558 0.08840776158676569
v 0.4795675348771187 0.33683180198798945 -0.03469320753976031
v 0.42674025215953126 0.24697045728522704 0.10808009853979852
v 0.42674025215953126 0.22526443507686078 -0.015020870586727478
v 0.4795675348771187 0.3585378241963558 0.08840776158676569
v 0.4795675348771187 0.33683180198798945 -0.03469320753976031
vt 0.6484375 0.6015625
vt 0.6328125 0.6015625
vt 0.6328125 0.5859375
vt 0.6484375 0.5859375
vt 0.4375 0.3515625
vt 0.4375 0.3671875
vt 0.421875 0.3671875
vt 0.421875 0.3515625
vt 0 0.984375
vt 0 1
vt 0 0.984375
vt 0 1
vt 0 0.984375
vt 0 0.984375
vt 0 1
vt 0 1
vt 0 1
vt 0 1
vt 0 1
vt 0 1
vt 0 1
vt 0 1
vt 0 1
vt 0 1
vn -0.90630778703665 0.41619774072678356 -0.07338689100003824
vn 0.90630778703665 -0.41619774072678356 0.07338689100003824
vn 0 0 0
vn 0 0 0
vn 0 0 0
vn 0 0 0
usemtl m_2f782488-5985-7342-163e-a8a36ac958ed
f 3266/9793/2449 3265/9794/2449 3267/9795/2449 3268/9796/2449
f 3271/9797/2450 3269/9798/2450 3270/9799/2450 3272/9800/2450
f 3265/9801/2451 3266/9802/2451 3269/9803/2451 3270/9804/2451
f 3267/9805/2452 3271/9806/2452 3268/9807/2452 3272/9808/2452
f 3265/9809/2453 3269/9810/2453 3267/9811/2453 3271/9812/2453
f 3266/9813/2454 3268/9814/2454 3270/9815/2454 3272/9816/2454
o cuboid
v 0.3586290808325725 0.16226524106808476 0.12301591356562493
v 0.3586290808325725 0.1405592188597185 -0.00008505556090107613
v 0.43472425945866255 0.2599278061177024 0.1057953683421818
v 0.43472425945866255 0.23822178390933607 -0.017305600784344205
v 0.3586290808325725 0.16226524106808476 0.12301591356562493
v 0.3586290808325725 0.1405592188597185 -0.00008505556090107613
v 0.43472425945866255 0.2599278061177024 0.1057953683421818
v 0.43472425945866255 0.23822178390933607 -0.017305600784344205
vt 0.6484375 0.578125
vt 0.6328125 0.578125
vt 0.6328125 0.5625
vt 0.6484375 0.5625
vt 0.4609375 0.3515625
vt 0.4609375 0.3671875
vt 0.4453125 0.3671875
vt 0.4453125 0.3515625
vt 0 0.984375
vt 0 1
vt 0 0.984375
vt 0 1
vt 0 0.984375
vt 0 0.984375
vt 0 1
vt 0 1
vt 0 1
vt 0 1
vt 0 1
vt 0 1
vt 0 1
vt 0 1
vt 0 1
vt 0 1
vn -0.793353340291235 0.5995129750225792 -0.10571031278128074
vn 0.793353340291235 -0.5995129750225792 0.10571031278128074
vn 0 0 0
vn 0 0 0
vn 0 0 0
vn 0 0 0
usemtl m_2f782488-5985-7342-163e-a8a36ac958ed
f 3274/9817/2455 3273/9818/2455 3275/9819/2455 3276/9820/2455
f 3279/9821/2456 3277/9822/2456 3278/9823/2456 3280/9824/2456
f 3273/9825/2457 3274/9826/2457 3277/9827/2457 3278/9828/2457
f 3275/9829/2458 3279/9830/2458 3276/9831/2458 3280/9832/2458
f 3273/9833/2459 3277/9834/2459 3275/9835/2459 3279/9836/2459
f 3274/9837/2460 3276/9838/2460 3278/9839/2460 3280/9840/2460
o cuboid
v 0.27351602714833345 0.09408586888897053 0.13503777640856685
v 0.27351602714833345 0.07237984668060427 0.01193680728204085
v 0.3692715825382057 0.1732136465839066 0.12108541427744815
v 0.3692715825382057 0.15150762437554033 -0.0020155548490778524
v 0.27351602714833345 0.09408586888897053 0.13503777640856685
v 0.27351602714833345 0.07237984668060427 0.01193680728204085
v 0.3692715825382057 0.1732136465839066 0.12108541427744815
v 0.3692715825382057 0.15150762437554033 -0.0020155548490778524
vt 0.6484375 0.5546875
vt 0.6328125 0.5546875
vt 0.6328125 0.5390625
vt 0.6484375 0.5390625
vt 0.484375 0.3515625
vt 0.484375 0.3671875
vt 0.46875 0.3671875
vt 0.46875 0.3515625
vt 0 0.984375
vt 0 1
vt 0 0.984375
vt 0 1
vt 0 0.984375
vt 0 0.984375
vt 0 1
vt 0 1
vt 0 1
vt 0 1
vt 0 1
vt 0 1
vt 0 1
vt 0 1
vt 0 1
vt 0 1
vn -0.6427876096865391 0.7544065067354891 -0.133022221559489
vn 0.6427876096865391 -0.7544065067354891 0.133022221559489
vn 0 0 0
vn 0 0 0
vn 0 0 0
vn 0 0 0
usemtl m_2f782488-5985-7342-163e-a8a36ac958ed
f 3282/9841/2461 3281/9842/2461 3283/9843/2461 3284/9844/2461
f 3287/9845/2462 3285/9846/2462 3286/9847/2462 3288/9848/2462
f 3281/9849/2463 3282/9850/2463 3285/9851/2463 3286/9852/2463
f 3283/9853/2464 3287/9854/2464 3284/9855/2464 3288/9856/2464
f 3281/9857/2465 3285/9858/2465 3283/9859/2465 3287/9860/2465
f 3282/9861/2466 3284/9862/2466 3286/9863/2466 3288/9864/2466
o cuboid
v 0.175436129543878 0.045664587453286554 0.14357575476615586
v 0.175436129543878 0.023958565244920293 0.020474785639629865
v 0.28631248369115575 0.1025062892353486 0.13355302911259387
v 0.28631248369115575 0.08080026702698234 0.010452059986067873
v 0.175436129543878 0.045664587453286554 0.14357575476615586
v 0.175436129543878 0.023958565244920293 0.020474785639629865
v 0.28631248369115575 0.1025062892353486 0.13355302911259387
v 0.28631248369115575 0.08080026702698234 0.010452059986067873
vt 0.6484375 0.53125
vt 0.6328125 0.53125
vt 0.6328125 0.515625
vt 0.6484375 0.515625
vt 0.5078125 0.3515625
vt 0.5078125 0.3671875
vt 0.4921875 0.3671875
vt 0.4921875 0.3515625
vt 0 0.984375
vt 0 1
vt 0 0.984375
vt 0 1
vt 0 0.984375
vt 0 0.984375
vt 0 1
vt 0 1
vt 0 1
vt 0 1
vt 0 1
vt 0 1
vt 0 1
vt 0 1
vt 0 1
vt 0 1
vn -0.46174861323503374 0.8735351455197313 -0.15402781475222377
vn 0.46174861323503374 -0.8735351455197313 0.15402781475222377
vn 0 0 0
vn 0 0 0
vn 0 0 0
vn 0 0 0
usemtl m_2f782488-5985-7342-163e-a8a36ac958ed
f 3290/9865/2467 3289/9866/2467 3291/9867/2467 3292/9868/2467
f 3295/9869/2468 3293/9870/2468 3294/9871/2468 3296/9872/2468
f 3289/9873/2469 3290/9874/2469 3293/9875/2469 3294/9876/2469
f 3291/9877/2470 3295/9878/2470 3292/9879/2470 3296/9880/2470
f 3289/9881/2471 3293/9882/2471 3291/9883/2471 3295/9884/2471
f 3290/9885/2472 3292/9886/2472 3294/9887/2472 3296/9888/2472
o cuboid
v 0.06903915840819348 0.01929695218182309 0.14822508028199505
v 0.06903915840819348 -0.0024090700265432252 0.025124111155469052
v 0.18977988669432705 0.05115782746234537 0.14260714834105157
v 0.18977988669432705 0.029451805253979113 0.01950617921452557
v 0.06903915840819348 0.01929695218182309 0.14822508028199505
v 0.06903915840819348 -0.0024090700265432252 0.025124111155469052
v 0.18977988669432705 0.05115782746234537 0.14260714834105157
v 0.18977988669432705 0.029451805253979113 0.01950617921452557
vt 0.6484375 0.5078125
vt 0.6328125 0.5078125
vt 0.6328125 0.4921875
vt 0.6484375 0.4921875
vt 0.53125 0.3515625
vt 0.53125 0.3671875
vt 0.515625 0.3671875
vt 0.515625 0.3515625
vt 0 0.984375
vt 0 1
vt 0 0.984375
vt 0 1
vt 0 0.984375
vt 0 0.984375
vt 0 1
vt 0 1
vt 0 1
vt 0 1
vt 0 1
vt 0 1
vt 0 1
vt 0 1
vt 0 1
vt 0 1
vn -0.25881904510252046 0.9512512425641978 -0.16773125949652065
vn 0.25881904510252046 -0.9512512425641978 0.16773125949652065
vn 0 0 0
vn 0 0 0
vn 0 0 0
vn 0 0 0
usemtl m_2f782488-5985-7342-163e-a8a36ac958ed
f 3298/9889/2473 3297/9890/2473 3299/9891/2473 3300/9892/2473
f 3303/9893/2474 3301/9894/2474 3302/9895/2474 3304/9896/2474
f 3297/9897/2475 3298/9898/2475 3301/9899/2475 3302/9900/2475
f 3299/9901/2476 3303/9902/2476 3300/9903/2476 3304/9904/2476
f 3297/9905/2477 3301/9906/2477 3299/9907/2477 3303/9908/2477
f 3298/9909/2478 3300/9910/2478 3302/9911/2478 3304/9912/2478
o cuboid
v -0.04063082016619822 0.01623299955205809 0.14876533779823525
v -0.04063082016619822 -0.005473022656308224 0.025664368671709258
v 0.084250207531534 0.02160258840943624 0.14781853440736795
v 0.084250207531534 -0.00010343379893007487 0.02471756528084195
v -0.04063082016619822 0.01623299955205809 0.14876533779823525
v -0.04063082016619822 -0.005473022656308224 0.025664368671709258
v 0.084250207531534 0.02160258840943624 0.14781853440736795
v 0.084250207531534 -0.00010343379893007487 0.02471756528084195
vt 0.6484375 0.484375
vt 0.6328125 0.484375
vt 0.6328125 0.46875
vt 0.6484375 0.46875
vt 0.5546875 0.3515625
vt 0.5546875 0.3671875
vt 0.5390625 0.3671875
vt 0.5390625 0.3515625
vt 0 0.984375
vt 0 1
vt 0 0.984375
vt 0 1
vt 0 0.984375
vt 0 0.984375
vt 0 1
vt 0 1
vt 0 1
vt 0 1
vt 0 1
vt 0 1
vt 0 1
vt 0 1
vt 0 1
vt 0 1
vn -0.04361938736533578 0.9838704342468719 -0.1734829030790772
vn 0.04361938736533578 -0.9838704342468719 0.1734829030790772
vn 0 0 0
vn 0 0 0
vn 0 0 0
vn 0 0 0
usemtl m_2f782488-5985-7342-163e-a8a36ac958ed
f 3306/9913/2479 3305/9914/2479 3307/9915/2479 3308/9916/2479
f 3311/9917/2480 3309/9918/2480 3310/9919/2480 3312/9920/2480
f 3305/9921/2481 3306/9922/2481 3309/9923/2481 3310/9924/2481
f 3307/9925/2482 3311/9926/2482 3308/9927/2482 3312/9928/2482
f 3305/9929/2483 3309/9930/2483 3307/9931/2483 3311/9932/2483
f 3306/9933/2484 3308/9934/2484 3310/9935/2484 3312/9936/2484
o cuboid
v -0.14837457339672827 0.036617985386633245 0.1451709147942398
v -0.14837457339672827 0.014911963178266985 0.0220699456677138
v -0.025273604270202272 0.015241726428778912 0.14894012599512052
v -0.02527360427020228 -0.006464295779587403 0.025839156868594525
v -0.14837457339672827 0.036617985386633245 0.1451709147942398
v -0.14837457339672827 0.014911963178266985 0.0220699456677138
v -0.025273604270202272 0.015241726428778912 0.14894012599512052
v -0.02527360427020228 -0.006464295779587403 0.025839156868594525
vt 0.6484375 0.4609375
vt 0.6328125 0.4609375
vt 0.6328125 0.4453125
vt 0.6484375 0.4453125
vt 0.578125 0.3515625
vt 0.578125 0.3671875
vt 0.5625 0.3671875
vt 0.5625 0.3515625
vt 0 0.984375
vt 0 1
vt 0 0.984375
vt 0 1
vt 0 0.984375
vt 0 0.984375
vt 0 1
vt 0 1
vt 0 1
vt 0 1
vt 0 1
vt 0 1
vt 0 1
vt 0 1
vt 0 1
vt 0 1
vn 0.17364817766693055 0.9698463103929543 -0.17101007166283436
vn -0.17364817766693055 -0.9698463103929543 0.17101007166283436
vn 0 0 0
vn 0 0 0
vn 0 0 0
vn 0 0 0
usemtl m_2f782488-5985-7342-163e-a8a36ac958ed
f 3314/9937/2485 3313/9938/2485 3315/9939/2485 3316/9940/2485
f 3319/9941/2486 3317/9942/2486 3318/9943/2486 3320/9944/2486
f 3313/9945/2487 3314/9946/2487 3317/9947/2487 3318/9948/2487
f 3315/9949/2488 3319/9950/2488 3316/9951/2488 3320/9952/2488
f 3313/9953/2489 3317/9954/2489 3315/9955/2489 3319/9956/2489
f 3314/9957/2490 3316/9958/2490 3318/9959/2490 3320/9960/2490
o cuboid
v -0.24908418696450038 0.07948549856738246 0.137612215624598
v -0.24908418696450038 0.0577794763590162 0.014511246498071985
v -0.13359924540058957 0.03237679717457448 0.14591875070628849
v -0.13359924540058957 0.010670774966208219 0.022817781579762476
v -0.24908418696450038 0.07948549856738246 0.137612215624598
v -0.24908418696450038 0.0577794763590162 0.014511246498071985
v -0.13359924540058957 0.03237679717457448 0.14591875070628849
v -0.13359924540058957 0.010670774966208219 0.022817781579762476
vt 0.6484375 0.4375
vt 0.6328125 0.4375
vt 0.6328125 0.421875
vt 0.6484375 0.421875
vt 0.6015625 0.3515625
vt 0.6015625 0.3671875
vt 0.5859375 0.3671875
vt 0.5859375 0.3515625
vt 0 0.984375
vt 0 1
vt 0 0.984375
vt 0 1
vt 0 0.984375
vt 0 0.984375
vt 0 1
vt 0 1
vt 0 1
vt 0 1
vt 0 1
vt 0 1
vt 0 1
vt 0 1
vt 0 1
vt 0 1
vn 0.38268343236509 0.9098437264664095 -0.1604299972043605
vn -0.38268343236509 -0.9098437264664095 0.1604299972043605
vn 0 0 0
vn 0 0 0
vn 0 0 0
vn 0 0 0
usemtl m_2f782488-5985-7342-163e-a8a36ac958ed
f 3322/9961/2491 3321/9962/2491 3323/9963/2491 3324/9964/2491
f 3327/9965/2492 3325/9966/2492 3326/9967/2492 3328/9968/2492
f 3321/9969/2493 3322/9970/2493 3325/9971/2493 3326/9972/2493
f 3323/9973/2494 3327/9974/2494 3324/9975/2494 3328/9976/2494
f 3321/9977/2495 3325/9978/2495 3323/9979/2495 3327/9980/2495
f 3322/9981/2496 3324/9982/2496 3326/9983/2496 3328/9984/2496
o cuboid
v -0.33798522094358513 0.14280327663986025 0.1264475829919093
v -0.33798522094358513 0.121097254431494 0.003346613865383312
v -0.23559121540746114 0.07219546145690736 0.13889764585754072
v -0.23559121540746114 0.0504894392485411 0.015796676731014724
v -0.33798522094358513 0.14280327663986025 0.1264475829919093
v -0.33798522094358513 0.121097254431494 0.003346613865383312
v -0.23559121540746114 0.07219546145690736 0.13889764585754072
v -0.23559121540746114 0.0504894392485411 0.015796676731014724
vt 0.6484375 0.4140625
vt 0.6328125 0.4140625
vt 0.6328125 0.3984375
vt 0.6484375 0.3984375
vt 0.625 0.3515625
vt 0.625 0.3671875
vt 0.609375 0.3671875
vt 0.609375 0.3515625
vt 0 0.984375
vt 0 1
vt 0 0.984375
vt 0 1
vt 0 0.984375
vt 0 0.984375
vt 0 1
vt 0 1
vt 0 1
vt 0 1
vt 0 1
vt 0 1
vt 0 1
vt 0 1
vt 0 1
vt 0 1
vn 0.5735764363510462 0.8067072841115986 -0.14224425972292404
vn -0.5735764363510462 -0.8067072841115986 0.14224425972292404
vn 0 0 0
vn 0 0 0
vn 0 0 0
vn 0 0 0
usemtl m_2f782488-5985-7342-163e-a8a36ac958ed
f 3330/9985/2497 3329/9986/2497 3331/9987/2497 3332/9988/2497
f 3335/9989/2498 3333/9990/2498 3334/9991/2498 3336/9992/2498
f 3329/9993/2499 3330/9994/2499 3333/9995/2499 3334/9996/2499
f 3331/9997/2500 3335/9998/2500 3332/9999/2500 3336/10000/2500
f 3329/10001/2501 3333/10002/2501 3331/10003/2501 3335/10004/2501
f 3330/10005/2502 3332/10006/2502 3334/10007/2502 3336/10008/2502
o cuboid
v -0.4108630563810408 0.22356955128284367 0.11220630964104142
v -0.4108630563810408 0.2018635290744774 -0.010894659485484591
v -0.32641428042908327 0.13280999660649323 0.1282096678875671
v -0.32641428042908327 0.11110397439812697 0.005108698761041107
v -0.4108630563810408 0.22356955128284367 0.11220630964104142
v -0.4108630563810408 0.2018635290744774 -0.010894659485484591
v -0.32641428042908327 0.13280999660649323 0.1282096678875671
v -0.32641428042908327 0.11110397439812697 0.005108698761041107
vt 0.6484375 0.390625
vt 0.6328125 0.390625
vt 0.6328125 0.375
vt 0.6484375 0.375
vt 0.6484375 0.3515625
vt 0.6484375 0.3671875
vt 0.6328125 0.3671875
vt 0.6328125 0.3515625
vt 0 0.984375
vt 0 1
vt 0 0.984375
vt 0 1
vt 0 0.984375
vt 0 0.984375
vt 0 1
vt 0 1
vt 0 1
vt 0 1
vt 0 1
vt 0 1
vt 0 1
vt 0 1
vt 0 1
vt 0 1
vn 0.7372773368101242 0.6653264743190295 -0.11731500840208256
vn -0.7372773368101242 -0.6653264743190295 0.11731500840208256
vn 0 0 0
vn 0 0 0
vn 0 0 0
vn 0 0 0
usemtl m_2f782488-5985-7342-163e-a8a36ac958ed
f 3338/10009/2503 3337/10010/2503 3339/10011/2503 3340/10012/2503
f 3343/10013/2504 3341/10014/2504 3342/10015/2504 3344/10016/2504
f 3337/10017/2505 3338/10018/2505 3341/10019/2505 3342/10020/2505
f 3339/10021/2506 3343/10022/2506 3340/10023/2506 3344/10024/2506
f 3337/10025/2507 3341/10026/2507 3339/10027/2507 3343/10028/2507
f 3338/10029/2508 3340/10030/2508 3342/10031/2508 3344/10032/2508
o cuboid
v -0.46426270189221935 0.3179553560981589 0.09556354565621838
v -0.46426270189221935 0.2962493338897926 -0.027537423470307618
v -0.40176270189221935 0.21134678960410347 0.1143615123037728
v -0.40176270189221935 0.1896407673957372 -0.008739456822753205
v -0.46426270189221935 0.3179553560981589 0.09556354565621838
v -0.46426270189221935 0.2962493338897926 -0.027537423470307618
v -0.40176270189221935 0.21134678960410347 0.1143615123037728
v -0.40176270189221935 0.1896407673957372 -0.008739456822753205
vt 0.015625 0.34375
vt 0 0.34375
vt 0 0.328125
vt 0.015625 0.328125
vt 0.671875 0.984375
vt 0.671875 1
vt 0.65625 1
vt 0.65625 0.984375
vt 0 0.984375
vt 0 1
vt 0 0.984375
vt 0 1
vt 0 0.984375
vt 0 0.984375
vt 0 1
vt 0 1
vt 0 1
vt 0 1
vt 0 1
vt 0 1
vt 0 1
vt 0 1
vt 0 1
vt 0 1
vn 0.8660254037844387 0.49240387650610395 -0.08682408883346518
vn -0.8660254037844387 -0.49240387650610395 0.08682408883346518
vn 0 0 0
vn 0 0 0
vn 0 0 0
vn 0 0 0
usemtl m_2f782488-5985-7342-163e-a8a36ac958ed
f 3346/10033/2509 3345/10034/2509 3347/10035/2509 3348/10036/2509
f 3351/10037/2510 3349/10038/2510 3350/10039/2510 3352/10040/2510
f 3345/10041/2511 3346/10042/2511 3349/10043/2511 3350/10044/2511
f 3347/10045/2512 3351/10046/2512 3348/10047/2512 3352/10048/2512
f 3345/10049/2513 3349/10050/2513 3347/10051/2513 3351/10052/2513
f 3346/10053/2514 3348/10054/2514 3350/10055/2514 3352/10056/2514
o cuboid
v -0.4956525878431306 0.42148605019516283 0.07730829095544199
v -0.4956525878431306 0.39978002798679657 -0.04579267817108401
v -0.45806436290509644 0.3040825692856608 0.09800969226887837
v -0.45806436290509644 0.28237654707729454 -0.025091276857647622
v -0.4956525878431306 0.42148605019516283 0.07730829095544199
v -0.4956525878431306 0.39978002798679657 -0.04579267817108401
v -0.45806436290509644 0.3040825692856608 0.09800969226887837
v -0.45806436290509644 0.28237654707729454 -0.025091276857647622
vt 0.0390625 0.34375
vt 0.0234375 0.34375
vt 0.0234375 0.328125
vt 0.0390625 0.328125
vt 0.671875 0.9609375
vt 0.671875 0.9765625
vt 0.65625 0.9765625
vt 0.65625 0.9609375
vt 0 0.984375
vt 0 1
vt 0 0.984375
vt 0 1
vt 0 0.984375
vt 0 0.984375
vt 0 1
vt 0 1
vt 0 1
vt 0 1
vt 0 1
vt 0 1
vt 0 1
vt 0 1
vt 0 1
vt 0 1
vn 0.9537169507482272 0.2961374027275427 -0.05221701409779437
vn -0.9537169507482272 -0.2961374027275427 0.05221701409779437
vn 0 0 0
vn 0 0 0
vn 0 0 0
vn 0 0 0
usemtl m_2f782488-5985-7342-163e-a8a36ac958ed
f 3354/10057/2515 3353/10058/2515 3355/10059/2515 3356/10060/2515
f 3359/10061/2516 3357/10062/2516 3358/10063/2516 3360/10064/2516
f 3353/10065/2517 3354/10066/2517 3357/10067/2517 3358/10068/2517
f 3355/10069/2518 3359/10070/2518 3356/10071/2518 3360/10072/2518
f 3353/10073/2519 3357/10074/2519 3355/10075/2519 3359/10076/2519
f 3354/10077/2520 3356/10078/2520 3358/10079/2520 3360/10080/2520
o cuboid
v -0.5035445829676014 0.5292534519023679 0.05830599039361425
v -0.5035445829676014 0.5075474296940016 -0.06479497873291175
v -0.4926501151241441 0.406620919128567 0.07992941463425043
v -0.4926501151241441 0.38491489692020076 -0.043171554492275575
v -0.5035445829676014 0.5292534519023679 0.05830599039361425
v -0.5035445829676014 0.5075474296940016 -0.06479497873291175
v -0.4926501151241441 0.406620919128567 0.07992941463425043
v -0.4926501151241441 0.38491489692020076 -0.043171554492275575
vt 0.0625 0.34375
vt 0.046875 0.34375
vt 0.046875 0.328125
vt 0.0625 0.328125
vt 0.671875 0.9375
vt 0.671875 0.953125
vt 0.65625 0.953125
vt 0.65625 0.9375
vt 0 0.984375
vt 0 1
vt 0 0.984375
vt 0 1
vt 0 0.984375
vt 0 0.984375
vt 0 1
vt 0 1
vt 0 1
vt 0 1
vt 0 1
vt 0 1
vt 0 1
vt 0 1
vt 0 1
vt 0 1
vn 0.9961946980917455 0.08583165117743138 -0.015134435901338675
vn -0.9961946980917455 -0.08583165117743138 0.015134435901338675
vn 0 0 0
vn 0 0 0
vn 0 0 0
vn 0 0 0
usemtl m_2f782488-5985-7342-163e-a8a36ac958ed
f 3362/10081/2521 3361/10082/2521 3363/10083/2521 3364/10084/2521
f 3367/10085/2522 3365/10086/2522 3366/10087/2522 3368/10088/2522
f 3361/10089/2523 3362/10090/2523 3365/10091/2523 3366/10092/2523
f 3363/10093/2524 3367/10094/2524 3364/10095/2524 3368/10096/2524
f 3361/10097/2525 3365/10098/2525 3363/10099/2525 3367/10100/2525
f 3362/10101/2526 3364/10102/2526 3366/10103/2526 3368/10104/2526
o cuboid
v -0.487564543673152 0.6361485257742326 0.03945750476518001
v -0.487564543673152 0.6144425035658664 -0.083643464361346
v -0.5038803177006584 0.5141007025036024 0.06097782894453058
v -0.5038803177006584 0.4923946802952361 -0.062123140181995426
v -0.487564543673152 0.6361485257742326 0.03945750476518001
v -0.487564543673152 0.6144425035658664 -0.083643464361346
v -0.5038803177006584 0.5141007025036024 0.06097782894453058
v -0.5038803177006584 0.4923946802952361 -0.062123140181995426
vt 0.0859375 0.34375
vt 0.0703125 0.34375
vt 0.0703125 0.328125
vt 0.0859375 0.328125
vt 0.671875 0.9140625
vt 0.671875 0.9296875
vt 0.65625 0.9296875
vt 0.65625 0.9140625
vt 0 0.984375
vt 0 1
vt 0 0.984375
vt 0 1
vt 0 0.984375
vt 0 0.984375
vt 0 1
vt 0 1
vt 0 1
vt 0 1
vt 0 1
vt 0 1
vt 0 1
vt 0 1
vt 0 1
vt 0 1
vn 0.9914448613738104 -0.12854320606946876 0.022665635416815415
vn -0.9914448613738104 0.12854320606946876 -0.022665635416815415
vn 0 0 0
vn 0 0 0
vn 0 0 0
vn 0 0 0
usemtl m_2f782488-5985-7342-163e-a8a36ac958ed
f 3370/10105/2527 3369/10106/2527 3371/10107/2527 3372/10108/2527
f 3375/10109/2528 3373/10110/2528 3374/10111/2528 3376/10112/2528
f 3369/10113/2529 3370/10114/2529 3373/10115/2529 3374/10116/2529
f 3371/10117/2530 3375/10118/2530 3372/10119/2530 3376/10120/2530
f 3369/10121/2531 3373/10122/2531 3371/10123/2531 3375/10124/2531
f 3370/10125/2532 3372/10126/2532 3374/10127/2532 3376/10128/2532
o cuboid
v -0.4484700514350998 0.7371035916708109 0.021656402808412252
v -0.4484700514350998 0.7153975694624446 -0.10144456631811374
v -0.4912225693508084 0.6214265193710204 0.0420533917042291
v -0.4912225693508084 0.5997204971626542 -0.0810475774222969
v -0.4484700514350998 0.7371035916708109 0.021656402808412252
v -0.4484700514350998 0.7153975694624446 -0.10144456631811374
v -0.4912225693508084 0.6214265193710204 0.0420533917042291
v -0.4912225693508084 0.5997204971626542 -0.0810475774222969
vt 0.109375 0.34375
vt 0.09375 0.34375
vt 0.09375 0.328125
vt 0.109375 0.328125
vt 0.671875 0.890625
vt 0.671875 0.90625
vt 0.65625 0.90625
vt 0.65625 0.890625
vt 0 0.984375
vt 0 1
vt 0 0.984375
vt 0 1
vt 0 0.984375
vt 0 0.984375
vt 0 1
vt 0 1
vt 0 1
vt 0 1
vt 0 1
vt 0 1
vt 0 1
vt 0 1
vt 0 1
vt 0 1
vn 0.9396926207859083 -0.3368240888334652 0.05939117461388466
vn -0.9396926207859083 0.3368240888334652 -0.05939117461388466
vn 0 0 0
vn 0 0 0
vn 0 0 0
vn 0 0 0
usemtl m_2f782488-5985-7342-163e-a8a36ac958ed
f 3378/10129/2533 3377/10130/2533 3379/10131/2533 3380/10132/2533
f 3383/10133/2534 3381/10134/2534 3382/10135/2534 3384/10136/2534
f 3377/10137/2535 3378/10138/2535 3381/10139/2535 3382/10140/2535
f 3379/10141/2536 3383/10142/2536 3380/10143/2536 3384/10144/2536
f 3377/10145/2537 3381/10146/2537 3379/10147/2537 3383/10148/2537
f 3378/10149/2538 3380/10150/2538 3382/10151/2538 3384/10152/2538
o cuboid
v -0.38811449738476633 0.8273325732656649 0.005746598911392002
v -0.38811449738476633 0.8056265510572986 -0.11735437021513401
v -0.4552769484281194 0.7235102689330767 0.02405327236455266
v -0.4552769484281194 0.7018042467247103 -0.09904769676197334
v -0.38811449738476633 0.8273325732656649 0.005746598911392002
v -0.38811449738476633 0.8056265510572986 -0.11735437021513401
v -0.4552769484281194 0.7235102689330767 0.02405327236455266
v -0.4552769484281194 0.7018042467247103 -0.09904769676197334
vt 0.1328125 0.34375
vt 0.1171875 0.34375
vt 0.1171875 0.328125
vt 0.1328125 0.328125
vt 0.671875 0.8671875
vt 0.671875 0.8828125
vt 0.65625 0.8828125
vt 0.65625 0.8671875
vt 0 0.984375
vt 0 1
vt 0 0.984375
vt 0 1
vt 0 0.984375
vt 0 0.984375
vt 0 1
vt 0 1
vt 0 1
vt 0 1
vt 0 1
vt 0 1
vt 0 1
vt 0 1
vt 0 1
vt 0 1
vn 0.8433914458128858 -0.5291368199903752 0.09330109785058137
vn -0.8433914458128858 0.5291368199903752 -0.09330109785058137
vn 0 0 0
vn 0 0 0
vn 0 0 0
vn 0 0 0
usemtl m_2f782488-5985-7342-163e-a8a36ac958ed
f 3386/10153/2539 3385/10154/2539 3387/10155/2539 3388/10156/2539
f 3391/10157/2540 3389/10158/2540 3390/10159/2540 3392/10160/2540
f 3385/10161/2541 3386/10162/2541 3389/10163/2541 3390/10164/2541
f 3387/10165/2542 3391/10166/2542 3388/10167/2542 3392/10168/2542
f 3385/10169/2543 3389/10170/2543 3387/10171/2543 3391/10172/2543
f 3386/10173/2544 3388/10174/2544 3390/10175/2544 3392/10176/2544
o cuboid
v -0.30935921676911454 0.9025578962841938 -0.007517655169284217
v -0.30935921676911454 0.8808518740758275 -0.13061862429581023
v -0.39774756441743303 0.8155123662441914 0.007830820326837393
v -0.39774756441743303 0.7938063440358252 -0.11527014879968861
v -0.30935921676911454 0.9025578962841938 -0.007517655169284217
v -0.30935921676911454 0.8808518740758275 -0.13061862429581023
v -0.39774756441743303 0.8155123662441914 0.007830820326837393
v -0.39774756441743303 0.7938063440358252 -0.11527014879968861
vt 0.15625 0.34375
vt 0.140625 0.34375
vt 0.140625 0.328125
vt 0.15625 0.328125
vt 0.671875 0.84375
vt 0.671875 0.859375
vt 0.65625 0.859375
vt 0.65625 0.84375
vt 0 0.984375
vt 0 1
vt 0 0.984375
vt 0 1
vt 0 0.984375
vt 0 0.984375
vt 0 1
vt 0 1
vt 0 1
vt 0 1
vt 0 1
vt 0 1
vt 0 1
vt 0 1
vt 0 1
vt 0 1
vn 0.7071067811865476 -0.696364240320019 0.12278780396897282
vn -0.7071067811865476 0.696364240320019 -0.12278780396897282
vn 0 0 0
vn 0 0 0
vn 0 0 0
vn 0 0 0
usemtl m_2f782488-5985-7342-163e-a8a36ac958ed
f 3394/10177/2545 3393/10178/2545 3395/10179/2545 3396/10180/2545
f 3399/10181/2546 3397/10182/2546 3398/10183/2546 3400/10184/2546
f 3393/10185/2547 3394/10186/2547 3397/10187/2547 3398/10188/2547
f 3395/10189/2548 3399/10190/2548 3396/10191/2548 3400/10192/2548
f 3393/10193/2549 3397/10194/2549 3395/10195/2549 3399/10196/2549
f 3394/10197/2550 3396/10198/2550 3398/10199/2550 3400/10200/2550
o cuboid
v -0.21593783881010664 0.9592132796839342 -0.01750752786504093
v -0.21593783881010664 0.937507257475568 -0.14060849699156694
v -0.32136176953671736 0.8930711771851373 -0.005844890633718243
v -0.32136176953671736 0.871365154976771 -0.12894585976024425
v -0.21593783881010664 0.9592132796839342 -0.01750752786504093
v -0.21593783881010664 0.937507257475568 -0.14060849699156694
v -0.32136176953671736 0.8930711771851373 -0.005844890633718243
v -0.32136176953671736 0.871365154976771 -0.12894585976024425
vt 0.1796875 0.34375
vt 0.1640625 0.34375
vt 0.1640625 0.328125
vt 0.1796875 0.328125
vt 0.671875 0.8203125
vt 0.671875 0.8359375
vt 0.65625 0.8359375
vt 0.65625 0.8203125
vt 0 0.984375
vt 0 1
vt 0 0.984375
vt 0 1
vt 0 0.984375
vt 0 0.984375
vt 0 1
vt 0 1
vt 0 1
vt 0 1
vt 0 1
vt 0 1
vt 0 1
vt 0 1
vt 0 1
vt 0 1
vn 0.537299608346824 -0.8305784346607055 0.1464533876252852
vn -0.537299608346824 0.8305784346607055 -0.1464533876252852
vn 0 0 0
vn 0 0 0
vn 0 0 0
vn 0 0 0
usemtl m_2f782488-5985-7342-163e-a8a36ac958ed
f 3402/10201/2551 3401/10202/2551 3403/10203/2551 3404/10204/2551
f 3407/10205/2552 3405/10206/2552 3406/10207/2552 3408/10208/2552
f 3401/10209/2553 3402/10210/2553 3405/10211/2553 3406/10212/2553
f 3403/10213/2554 3407/10214/2554 3404/10215/2554 3408/10216/2554
f 3401/10217/2555 3405/10218/2555 3403/10219/2555 3407/10220/2555
f 3402/10221/2556 3404/10222/2556 3406/10223/2556 3408/10224/2556
o cuboid
v -0.11227928286371502 0.9946128058554363 -0.023749419433372172
v -0.11227928286371502 0.9729067836470701 -0.14685038855989818
v -0.22974086046195358 0.9525097947512532 -0.01632552260663659
v -0.22974086046195358 0.9308037725428869 -0.1394264917331626
v -0.11227928286371502 0.9946128058554363 -0.023749419433372172
v -0.11227928286371502 0.9729067836470701 -0.14685038855989818
v -0.22974086046195358 0.9525097947512532 -0.01632552260663659
v -0.22974086046195358 0.9308037725428869 -0.1394264917331626
vt 0.203125 0.34375
vt 0.1875 0.34375
vt 0.1875 0.328125
vt 0.203125 0.328125
vt 0.671875 0.796875
vt 0.671875 0.8125
vt 0.65625 0.8125
vt 0.65625 0.796875
vt 0 0.984375
vt 0 1
vt 0 0.984375
vt 0 1
vt 0 0.984375
vt 0 0.984375
vt 0 1
vt 0 1
vt 0 1
vt 0 1
vt 0 1
vt 0 1
vt 0 1
vt 0 1
vt 0 1
vt 0 1
vn 0.34202014332566866 -0.9254165783983235 0.16317591116653485
vn -0.34202014332566866 0.9254165783983235 -0.16317591116653485
vn 0 0 0
vn 0 0 0
vn 0 0 0
vn 0 0 0
usemtl m_2f782488-5985-7342-163e-a8a36ac958ed
f 3410/10225/2557 3409/10226/2557 3411/10227/2557 3412/10228/2557
f 3415/10229/2558 3413/10230/2558 3414/10231/2558 3416/10232/2558
f 3409/10233/2559 3410/10234/2559 3413/10235/2559 3414/10236/2559
f 3411/10237/2560 3415/10238/2560 3412/10239/2560 3416/10240/2560
f 3409/10241/2561 3413/10242/2561 3411/10243/2561 3415/10244/2561
f 3410/10245/2562 3412/10246/2562 3414/10247/2562 3416/10248/2562
o cuboid
v -0.0032977922741625173 1.007078254566046 -0.02594741436769022
v -0.0032977922741625225 0.9853722323576797 -0.14904838349421623
v -0.1272283999458888 0.9910103538073625 -0.023114209940588305
v -0.1272283999458888 0.9693043315989962 -0.14621517906711431
v -0.0032977922741625173 1.007078254566046 -0.02594741436769022
v -0.0032977922741625225 0.9853722323576797 -0.14904838349421623
v -0.1272283999458888 0.9910103538073625 -0.023114209940588305
v -0.1272283999458888 0.9693043315989962 -0.14621517906711431
vt 0.2265625 0.34375
vt 0.2109375 0.34375
vt 0.2109375 0.328125
vt 0.2265625 0.328125
vt 0.671875 0.7734375
vt 0.671875 0.7890625
vt 0.65625 0.7890625
vt 0.65625 0.7734375
vt 0 0.984375
vt 0 1
vt 0 0.984375
vt 0 1
vt 0 0.984375
vt 0 0.984375
vt 0 1
vt 0 1
vt 0 1
vt 0 1
vt 0 1
vt 0 1
vt 0 1
vt 0 1
vt 0 1
vt 0 1
vn 0.13052619222005132 -0.9763825861650424 0.17216259343480458
vn -0.13052619222005132 0.9763825861650424 -0.17216259343480458
vn 0 0 0
vn 0 0 0
vn 0 0 0
vn 0 0 0
usemtl m_2f782488-5985-7342-163e-a8a36ac958ed
f 3418/10249/2563 3417/10250/2563 3419/10251/2563 3420/10252/2563
f 3423/10253/2564 3421/10254/2564 3422/10255/2564 3424/10256/2564
f 3417/10257/2565 3418/10258/2565 3421/10259/2565 3422/10260/2565
f 3419/10261/2566 3423/10262/2566 3420/10263/2566 3424/10264/2566
f 3417/10265/2567 3421/10266/2567 3419/10267/2567 3423/10268/2567
f 3418/10269/2568 3420/10270/2568 3422/10271/2568 3424/10272/2568
o cuboid
v 0.10584004000456332 0.9960186640007972 -0.023997310155448086
v 0.10584004000456332 0.9743126417924309 -0.14709827928197408
v -0.0186842972569049 1.0067476203979762 -0.025889114643115406
v -0.018684297256904906 0.9850415981896099 -0.1489900837696414
v 0.10584004000456332 0.9960186640007972 -0.023997310155448086
v 0.10584004000456332 0.9743126417924309 -0.14709827928197408
v -0.0186842972569049 1.0067476203979762 -0.025889114643115406
v -0.018684297256904906 0.9850415981896099 -0.1489900837696414
vt 0.25 0.34375
vt 0.234375 0.34375
vt 0.234375 0.328125
vt 0.25 0.328125
vt 0.671875 0.75
vt 0.671875 0.765625
vt 0.65625 0.765625
vt 0.65625 0.75
vt 0 0.984375
vt 0 1
vt 0 0.984375
vt 0 1
vt 0 0.984375
vt 0 0.984375
vt 0 1
vt 0 1
vt 0 1
vt 0 1
vt 0 1
vt 0 1
vt 0 1
vt 0 1
vt 0 1
vt 0 1
vn -0.08715574274765839 -0.9810602621904069 0.17298739392508944
vn 0.08715574274765839 0.9810602621904069 -0.17298739392508944
vn 0 0 0
vn 0 0 0
vn 0 0 0
vn 0 0 0
usemtl m_2f782488-5985-7342-163e-a8a36ac958ed
f 3426/10273/2569 3425/10274/2569 3427/10275/2569 3428/10276/2569
f 3431/10277/2570 3429/10278/2570 3430/10279/2570 3432/10280/2570
f 3425/10281/2571 3426/10282/2571 3429/10283/2571 3430/10284/2571
f 3427/10285/2572 3431/10286/2572 3428/10287/2572 3432/10288/2572
f 3425/10289/2573 3429/10290/2573 3427/10291/2573 3431/10292/2573
f 3426/10293/2574 3428/10294/2574 3430/10295/2574 3432/10296/2574
o cuboid
v 0.20996020917390093 0.9619583470717197 -0.017991557309370416
v 0.20996020917390093 0.9402523248633534 -0.14109252643589643
v 0.09074559033037258 0.9989755224126624 -0.024518684071594722
v 0.09074559033037258 0.9772695002042961 -0.14761965319812073
v 0.20996020917390093 0.9619583470717197 -0.017991557309370416
v 0.20996020917390093 0.9402523248633534 -0.14109252643589643
v 0.09074559033037258 0.9989755224126624 -0.024518684071594722
v 0.09074559033037258 0.9772695002042961 -0.14761965319812073
vt 0.2734375 0.34375
vt 0.2578125 0.34375
vt 0.2578125 0.328125
vt 0.2734375 0.328125
vt 0.671875 0.7265625
vt 0.671875 0.7421875
vt 0.65625 0.7421875
vt 0.65625 0.7265625
vt 0 0.984375
vt 0 1
vt 0 0.984375
vt 0 1
vt 0 0.984375
vt 0 0.984375
vt 0 1
vt 0 1
vt 0 1
vt 0 1
vt 0 1
vt 0 1
vt 0 1
vt 0 1
vt 0 1
vt 0 1
vn -0.30070579950427356 -0.939227847276016 0.16561121050749114
vn 0.30070579950427356 0.939227847276016 -0.16561121050749114
vn 0 0 0
vn 0 0 0
vn 0 0 0
vn 0 0 0
usemtl m_2f782488-5985-7342-163e-a8a36ac958ed
f 3434/10297/2575 3433/10298/2575 3435/10299/2575 3436/10300/2575
f 3439/10301/2576 3437/10302/2576 3438/10303/2576 3440/10304/2576
f 3433/10305/2577 3434/10306/2577 3437/10307/2577 3438/10308/2577
f 3435/10309/2578 3439/10310/2578 3436/10311/2578 3440/10312/2578
f 3433/10313/2579 3437/10314/2579 3435/10315/2579 3439/10316/2579
f 3434/10317/2580 3436/10318/2580 3438/10319/2580 3440/10320/2580
o cuboid
v 0.30412658773652745 0.9065120347987732 -0.008214876474863082
v 0.30412658773652745 0.8848060125904069 -0.1313158456013891
v 0.19587341226347263 0.9680625193620362 -0.01906788757904624
v 0.19587341226347263 0.94635649715367 -0.14216885670557225
v 0.30412658773652745 0.9065120347987732 -0.008214876474863082
v 0.30412658773652745 0.8848060125904069 -0.1313158456013891
v 0.19587341226347263 0.9680625193620362 -0.01906788757904624
v 0.19587341226347263 0.94635649715367 -0.14216885670557225
vt 0.296875 0.34375
vt 0.28125 0.34375
vt 0.28125 0.328125
vt 0.296875 0.328125
vt 0.671875 0.703125
vt 0.671875 0.71875
vt 0.65625 0.71875
vt 0.65625 0.703125
vt 0 0.984375
vt 0 1
vt 0 0.984375
vt 0 1
vt 0 0.984375
vt 0 0.984375
vt 0 1
vt 0 1
vt 0 1
vt 0 1
vt 0 1
vt 0 1
vt 0 1
vt 0 1
vt 0 1
vt 0 1
vn -0.5000000000000001 -0.8528685319524433 0.15038373318043533
vn 0.5000000000000001 0.8528685319524433 -0.15038373318043533
vn 0 0 0
vn 0 0 0
vn 0 0 0
vn 0 0 0
usemtl m_2f782488-5985-7342-163e-a8a36ac958ed
f 3442/10321/2581 3441/10322/2581 3443/10323/2581 3444/10324/2581
f 3447/10325/2582 3445/10326/2582 3446/10327/2582 3448/10328/2582
f 3441/10329/2583 3442/10330/2583 3445/10331/2583 3446/10332/2583
f 3443/10333/2584 3447/10334/2584 3444/10335/2584 3448/10336/2584
f 3441/10337/2585 3445/10338/2585 3443/10339/2585 3447/10340/2585
f 3442/10341/2586 3444/10342/2586 3446/10343/2586 3448/10344/2586
o cuboid
v 0.3838749373584629 0.8323083251646451 0.004869239602290354
v 0.3838749373584629 0.8106023029562789 -0.11823172952423565
v 0.29171527025719746 0.9154741344545239 -0.009795136447969956
v 0.29171527025719746 0.8937681122461576 -0.13289610557449597
v 0.3838749373584629 0.8323083251646451 0.004869239602290354
v 0.3838749373584629 0.8106023029562789 -0.11823172952423565
v 0.29171527025719746 0.9154741344545239 -0.009795136447969956
v 0.29171527025719746 0.8937681122461576 -0.13289610557449597
vt 0.3203125 0.34375
vt 0.3046875 0.34375
vt 0.3046875 0.328125
vt 0.3203125 0.328125
vt 0.671875 0.6796875
vt 0.671875 0.6953125
vt 0.65625 0.6953125
vt 0.65625 0.6796875
vt 0 0.984375
vt 0 1
vt 0 0.984375
vt 0 1
vt 0 0.984375
vt 0 0.984375
vt 0 1
vt 0 1
vt 0 1
vt 0 1
vt 0 1
vt 0 1
vt 0 1
vt 0 1
vt 0 1
vt 0 1
vn -0.6755902076156606 -0.726076437410803 0.12802686597220564
vn 0.6755902076156606 0.726076437410803 -0.12802686597220564
vn 0 0 0
vn 0 0 0
vn 0 0 0
vn 0 0 0
usemtl m_2f782488-5985-7342-163e-a8a36ac958ed
f 3450/10345/2587 3449/10346/2587 3451/10347/2587 3452/10348/2587
f 3455/10349/2588 3453/10350/2588 3454/10351/2588 3456/10352/2588
f 3449/10353/2589 3450/10354/2589 3453/10355/2589 3454/10356/2589
f 3451/10357/2590 3455/10358/2590 3452/10359/2590 3456/10360/2590
f 3449/10361/2591 3453/10362/2591 3451/10363/2591 3455/10364/2591
f 3450/10365/2592 3452/10366/2592 3454/10367/2592 3456/10368/2592
o cuboid
v 0.44542454941643633 0.7428650665790197 0.020640499333420152
v 0.44542454941643633 0.7211590443706535 -0.10246046979310586
v 0.3737274948725556 0.8437034770929697 0.0028599668680546544
v 0.3737274948725556 0.8219974548846034 -0.12024100225847134
v 0.44542454941643633 0.7428650665790197 0.020640499333420152
v 0.44542454941643633 0.7211590443706535 -0.10246046979310586
v 0.3737274948725556 0.8437034770929697 0.0028599668680546544
v 0.3737274948725556 0.8219974548846034 -0.12024100225847134
vt 0.34375 0.34375
vt 0.328125 0.34375
vt 0.328125 0.328125
vt 0.34375 0.328125
vt 0.671875 0.65625
vt 0.671875 0.671875
vt 0.65625 0.671875
vt 0.65625 0.65625
vt 0 0.984375
vt 0 1
vt 0 0.984375
vt 0 1
vt 0 0.984375
vt 0 0.984375
vt 0 1
vt 0 1
vt 0 1
vt 0 1
vt 0 1
vt 0 1
vt 0 1
vt 0 1
vt 0 1
vt 0 1
vn -0.8191520442889921 -0.5648625214636233 0.09960050292505122
vn 0.8191520442889921 0.5648625214636233 -0.09960050292505122
vn 0 0 0
vn 0 0 0
vn 0 0 0
vn 0 0 0
usemtl m_2f782488-5985-7342-163e-a8a36ac958ed
f 3458/10369/2593 3457/10370/2593 3459/10371/2593 3460/10372/2593
f 3463/10373/2594 3461/10374/2594 3462/10375/2594 3464/10376/2594
f 3457/10377/2595 3458/10378/2595 3461/10379/2595 3462/10380/2595
f 3459/10381/2596 3463/10382/2596 3460/10383/2596 3464/10384/2596
f 3457/10385/2597 3461/10386/2597 3459/10387/2597 3463/10388/2597
f 3458/10389/2598 3460/10390/2598 3462/10391/2598 3464/10392/2598
o cuboid
v 0.4858574807784616 0.6424225837712642 0.03835121906177361
v 0.4858574807784616 0.6207165615628979 -0.08474975006475238
v 0.4380220517328254 0.7561530495795654 0.018297469411228555
v 0.4380220517328254 0.734447027371199 -0.10480349971529745
v 0.4858574807784616 0.6424225837712642 0.03835121906177361
v 0.4858574807784616 0.6207165615628979 -0.08474975006475238
v 0.4380220517328254 0.7561530495795654 0.018297469411228555
v 0.4380220517328254 0.734447027371199 -0.10480349971529745
vt 0.3671875 0.34375
vt 0.3515625 0.34375
vt 0.3515625 0.328125
vt 0.3671875 0.328125
vt 0.671875 0.6328125
vt 0.671875 0.6484375
vt 0.65625 0.6484375
vt 0.65625 0.6328125
vt 0 0.984375
vt 0 1
vt 0 0.984375
vt 0 1
vt 0 0.984375
vt 0 0.984375
vt 0 1
vt 0 1
vt 0 1
vt 0 1
vt 0 1
vt 0 1
vt 0 1
vt 0 1
vt 0 1
vt 0 1
vn -0.9238795325112868 -0.3768696111424632 0.06645228065352383
vn 0.9238795325112868 0.3768696111424632 -0.06645228065352383
vn 0 0 0
vn 0 0 0
vn 0 0 0
vn 0 0 0
usemtl m_2f782488-5985-7342-163e-a8a36ac958ed
f 3466/10393/2599 3465/10394/2599 3467/10395/2599 3468/10396/2599
f 3471/10397/2600 3469/10398/2600 3470/10399/2600 3472/10400/2600
f 3465/10401/2601 3466/10402/2601 3469/10403/2601 3470/10404/2601
f 3467/10405/2602 3471/10406/2602 3468/10407/2602 3472/10408/2602
f 3465/10409/2603 3469/10410/2603 3467/10411/2603 3471/10412/2603
f 3466/10413/2604 3468/10414/2604 3470/10415/2604 3472/10416/2604
o cuboid
v 0.5032568876102872 0.5357426525360406 0.057161769238667254
v 0.5032568876102872 0.5140366303276742 -0.06593919988785875
v 0.48155086540192094 0.6569734413351599 0.035785510280812956
v 0.48155086540192094 0.6352674191267935 -0.08731545884571304
v 0.5032568876102872 0.5357426525360406 0.057161769238667254
v 0.5032568876102872 0.5140366303276742 -0.06593919988785875
v 0.48155086540192094 0.6569734413351599 0.035785510280812956
v 0.48155086540192094 0.6352674191267935 -0.08731545884571304
vt 0.390625 0.34375
vt 0.375 0.34375
vt 0.375 0.328125
vt 0.390625 0.328125
vt 0.671875 0.609375
vt 0.671875 0.625
vt 0.65625 0.625
vt 0.65625 0.609375
vt 0 0.984375
vt 0 1
vt 0 0.984375
vt 0 1
vt 0 0.984375
vt 0 0.984375
vt 0 1
vt 0 1
vt 0 1
vt 0 1
vt 0 1
vt 0 1
vt 0 1
vt 0 1
vt 0 1
vt 0 1
vn -0.9848077530122082 -0.17101007166283413 0.030153689607045803
vn 0.9848077530122082 0.17101007166283413 -0.030153689607045803
vn 0 0 0
vn 0 0 0
vn 0 0 0
vn 0 0 0
usemtl m_2f782488-5985-7342-163e-a8a36ac958ed
f 3474/10417/2605 3473/10418/2605 3475/10419/2605 3476/10420/2605
f 3479/10421/2606 3477/10422/2606 3478/10423/2606 3480/10424/2606
f 3473/10425/2607 3474/10426/2607 3477/10427/2607 3478/10428/2607
f 3475/10429/2608 3479/10430/2608 3476/10431/2608 3480/10432/2608
f 3473/10433/2609 3477/10434/2609 3475/10435/2609 3479/10436/2609
f 3474/10437/2610 3476/10438/2610 3478/10439/2610 3480/10440/2610
o cuboid
v 0.5 0.5724034956674462 -0.05069747345907982
v 0.5 0.5506974734590798 0.0724034956674462
v 0.5 0.4493025265409202 -0.07240349566744617
v 0.5 0.4275965043325538 0.05069747345907986
v 0.5 0.5724034956674462 -0.05069747345907982
v 0.5 0.5506974734590798 0.0724034956674462
v 0.5 0.4493025265409202 -0.07240349566744617
v 0.5 0.4275965043325538 0.05069747345907986
vt 0.5078125 0.671875
vt 0.4921875 0.671875
vt 0.4921875 0.65625
vt 0.5078125 0.65625
vt 0.3671875 0.4921875
vt 0.3671875 0.5078125
vt 0.3515625 0.5078125
vt 0.3515625 0.4921875
vt 0 0.984375
vt 0 1
vt 0 0.984375
vt 0 1
vt 0 0.984375
vt 0 0.984375
vt 0 1
vt 0 1
vt 0 1
vt 0 1
vt 0 1
vt 0 1
vt 0 1
vt 0 1
vt 0 1
vt 0 1
vn -1 3.3733564803278013e-18 -3.855764100600527e-17
vn 1 -3.3733564803278013e-18 3.855764100600527e-17
vn 0 0 0
vn 0 0 0
vn 0 0 0
vn 0 0 0
usemtl m_2f782488-5985-7342-163e-a8a36ac958ed
f 3482/10441/2611 3481/10442/2611 3483/10443/2611 3484/10444/2611
f 3487/10445/2612 3485/10446/2612 3486/10447/2612 3488/10448/2612
f 3481/10449/2613 3482/10450/2613 3485/10451/2613 3486/10452/2613
f 3483/10453/2614 3487/10454/2614 3484/10455/2614 3488/10456/2614
f 3481/10457/2615 3485/10458/2615 3483/10459/2615 3487/10460/2615
f 3482/10461/2616 3484/10462/2616 3486/10463/2616 3488/10464/2616
o cuboid
v 0.4746205276888352 0.6775202083522004 -0.03216256088937788
v 0.4746205276888352 0.655814186143834 0.09093840823714813
v 0.501675479431098 0.5573372237213788 -0.05335406370186253
v 0.501675479431098 0.5356312015130125 0.06974690542466348
v 0.4746205276888352 0.6775202083522004 -0.03216256088937788
v 0.4746205276888352 0.655814186143834 0.09093840823714813
v 0.501675479431098 0.5573372237213788 -0.05335406370186253
v 0.501675479431098 0.5356312015130125 0.06974690542466348
vt 0.5078125 0.6484375
vt 0.4921875 0.6484375
vt 0.4921875 0.6328125
vt 0.5078125 0.6328125
vt 0.390625 0.4921875
vt 0.390625 0.5078125
vt 0.375 0.5078125
vt 0.375 0.4921875
vt 0 0.984375
vt 0 1
vt 0 0.984375
vt 0 1
vt 0 0.984375
vt 0 0.984375
vt 0 1
vt 0 1
vt 0 1
vt 0 1
vt 0 1
vt 0 1
vt 0 1
vt 0 1
vt 0 1
vt 0 1
vn -0.9762960071199335 -0.21315140986521286 -0.03758434453528561
vn 0.9762960071199335 0.21315140986521286 0.03758434453528561
vn 0 0 0
vn 0 0 0
vn 0 0 0
vn 0 0 0
usemtl m_2f782488-5985-7342-163e-a8a36ac958ed
f 3490/10465/2617 3489/10466/2617 3491/10467/2617 3492/10468/2617
f 3495/10469/2618 3493/10470/2618 3494/10471/2618 3496/10472/2618
f 3489/10473/2619 3490/10474/2619 3493/10475/2619 3494/10476/2619
f 3491/10477/2620 3495/10478/2620 3492/10479/2620 3496/10480/2620
f 3489/10481/2621 3493/10482/2621 3491/10483/2621 3495/10484/2621
f 3490/10485/2622 3492/10486/2622 3494/10487/2622 3496/10488/2622
o cuboid
v 0.4267402521595314 0.7747355649231391 -0.01502087058672738
v 0.4267402521595314 0.7530295427147727 0.10808009853979864
v 0.4795675348771188 0.6631681980120103 -0.034693207539760254
v 0.4795675348771188 0.641462175803644 0.08840776158676576
v 0.4267402521595314 0.7747355649231391 -0.01502087058672738
v 0.4267402521595314 0.7530295427147727 0.10808009853979864
v 0.4795675348771188 0.6631681980120103 -0.034693207539760254
v 0.4795675348771188 0.641462175803644 0.08840776158676576
vt 0.5078125 0.625
vt 0.4921875 0.625
vt 0.4921875 0.609375
vt 0.5078125 0.609375
vt 0.4140625 0.4921875
vt 0.4140625 0.5078125
vt 0.3984375 0.5078125
vt 0.3984375 0.4921875
vt 0 0.984375
vt 0 1
vt 0 0.984375
vt 0 1
vt 0 0.984375
vt 0 0.984375
vt 0 1
vt 0 1
vt 0 1
vt 0 1
vt 0 1
vt 0 1
vt 0 1
vt 0 1
vt 0 1
vt 0 1
vn -0.9063077870366502 -0.41619774072678295 -0.07338689100003835
vn 0.9063077870366502 0.41619774072678295 0.07338689100003835
vn 0 0 0
vn 0 0 0
vn 0 0 0
vn 0 0 0
usemtl m_2f782488-5985-7342-163e-a8a36ac958ed
f 3498/10489/2623 3497/10490/2623 3499/10491/2623 3500/10492/2623
f 3503/10493/2624 3501/10494/2624 3502/10495/2624 3504/10496/2624
f 3497/10497/2625 3498/10498/2625 3501/10499/2625 3502/10500/2625
f 3499/10501/2626 3503/10502/2626 3500/10503/2626 3504/10504/2626
f 3497/10505/2627 3501/10506/2627 3499/10507/2627 3503/10508/2627
f 3498/10509/2628 3500/10510/2628 3502/10511/2628 3504/10512/2628
o cuboid
v 0.3586290808325726 0.8594407811402814 -0.0000850555609009443
v 0.3586290808325726 0.8377347589319151 0.12301591356562508
v 0.43472425945866267 0.7617782160906638 -0.017305600784344115
v 0.43472425945866267 0.7400721938822974 0.1057953683421819
v 0.3586290808325726 0.8594407811402814 -0.0000850555609009443
v 0.3586290808325726 0.8377347589319151 0.12301591356562508
v 0.43472425945866267 0.7617782160906638 -0.017305600784344115
v 0.43472425945866267 0.7400721938822974 0.1057953683421819
vt 0.5078125 0.6015625
vt 0.4921875 0.6015625
vt 0.4921875 0.5859375
vt 0.5078125 0.5859375
vt 0.4375 0.4921875
vt 0.4375 0.5078125
vt 0.421875 0.5078125
vt 0.421875 0.4921875
vt 0 0.984375
vt 0 1
vt 0 0.984375
vt 0 1
vt 0 0.984375
vt 0 0.984375
vt 0 1
vt 0 1
vt 0 1
vt 0 1
vt 0 1
vt 0 1
vt 0 1
vt 0 1
vt 0 1
vt 0 1
vn -0.7933533402912354 -0.5995129750225788 -0.10571031278128094
vn 0.7933533402912354 0.5995129750225788 0.10571031278128094
vn 0 0 0
vn 0 0 0
vn 0 0 0
vn 0 0 0
usemtl m_2f782488-5985-7342-163e-a8a36ac958ed
f 3506/10513/2629 3505/10514/2629 3507/10515/2629 3508/10516/2629
f 3511/10517/2630 3509/10518/2630 3510/10519/2630 3512/10520/2630
f 3505/10521/2631 3506/10522/2631 3509/10523/2631 3510/10524/2631
f 3507/10525/2632 3511/10526/2632 3508/10527/2632 3512/10528/2632
f 3505/10529/2633 3509/10530/2633 3507/10531/2633 3511/10532/2633
f 3506/10533/2634 3508/10534/2634 3510/10535/2634 3512/10536/2634
o cuboid
v 0.2735160271483337 0.9276201533193957 0.011936807282041023
v 0.2735160271483337 0.9059141311110295 0.13503777640856704
v 0.3692715825382059 0.8484923756244596 -0.0020155548490777206
v 0.3692715825382059 0.8267863534160933 0.12108541427744829
v 0.2735160271483337 0.9276201533193957 0.011936807282041023
v 0.2735160271483337 0.9059141311110295 0.13503777640856704
v 0.3692715825382059 0.8484923756244596 -0.0020155548490777206
v 0.3692715825382059 0.8267863534160933 0.12108541427744829
vt 0.5078125 0.578125
vt 0.4921875 0.578125
vt 0.4921875 0.5625
vt 0.5078125 0.5625
vt 0.4609375 0.4921875
vt 0.4609375 0.5078125
vt 0.4453125 0.5078125
vt 0.4453125 0.4921875
vt 0 0.984375
vt 0 1
vt 0 0.984375
vt 0 1
vt 0 0.984375
vt 0 0.984375
vt 0 1
vt 0 1
vt 0 1
vt 0 1
vt 0 1
vt 0 1
vt 0 1
vt 0 1
vt 0 1
vt 0 1
vn -0.6427876096865395 -0.7544065067354889 -0.13302222155948928
vn 0.6427876096865395 0.7544065067354889 0.13302222155948928
vn 0 0 0
vn 0 0 0
vn 0 0 0
vn 0 0 0
usemtl m_2f782488-5985-7342-163e-a8a36ac958ed
f 3514/10537/2635 3513/10538/2635 3515/10539/2635 3516/10540/2635
f 3519/10541/2636 3517/10542/2636 3518/10543/2636 3520/10544/2636
f 3513/10545/2637 3514/10546/2637 3517/10547/2637 3518/10548/2637
f 3515/10549/2638 3519/10550/2638 3516/10551/2638 3520/10552/2638
f 3513/10553/2639 3517/10554/2639 3515/10555/2639 3519/10556/2639
f 3514/10557/2640 3516/10558/2640 3518/10559/2640 3520/10560/2640
o cuboid
v 0.1754361295438782 0.9760414347550798 0.02047478563963004
v 0.1754361295438782 0.9543354125467134 0.14357575476615606
v 0.2863124836911559 0.9191997329730176 0.010452059986068046
v 0.2863124836911559 0.8974937107646512 0.13355302911259406
v 0.1754361295438782 0.9760414347550798 0.02047478563963004
v 0.1754361295438782 0.9543354125467134 0.14357575476615606
v 0.2863124836911559 0.9191997329730176 0.010452059986068046
v 0.2863124836911559 0.8974937107646512 0.13355302911259406
vt 0.5078125 0.5546875
vt 0.4921875 0.5546875
vt 0.4921875 0.5390625
vt 0.5078125 0.5390625
vt 0.484375 0.4921875
vt 0.484375 0.5078125
vt 0.46875 0.5078125
vt 0.46875 0.4921875
vt 0 0.984375
vt 0 1
vt 0 0.984375
vt 0 1
vt 0 0.984375
vt 0 0.984375
vt 0 1
vt 0 1
vt 0 1
vt 0 1
vt 0 1
vt 0 1
vt 0 1
vt 0 1
vt 0 1
vt 0 1
vn -0.46174861323503424 -0.873535145519731 -0.1540278147522241
vn 0.46174861323503424 0.873535145519731 0.1540278147522241
vn 0 0 0
vn 0 0 0
vn 0 0 0
vn 0 0 0
usemtl m_2f782488-5985-7342-163e-a8a36ac958ed
f 3522/10561/2641 3521/10562/2641 3523/10563/2641 3524/10564/2641
f 3527/10565/2642 3525/10566/2642 3526/10567/2642 3528/10568/2642
f 3521/10569/2643 3522/10570/2643 3525/10571/2643 3526/10572/2643
f 3523/10573/2644 3527/10574/2644 3524/10575/2644 3528/10576/2644
f 3521/10577/2645 3525/10578/2645 3523/10579/2645 3527/10580/2645
f 3522/10581/2646 3524/10582/2646 3526/10583/2646 3528/10584/2646
o cuboid
v 0.06903915840819372 1.0024090700265433 0.025124111155469225
v 0.06903915840819372 0.9807030478181769 0.14822508028199524
v 0.18977988669432724 0.9705481947460208 0.019506179214525743
v 0.18977988669432724 0.9488421725376545 0.14260714834105176
v 0.06903915840819372 1.0024090700265433 0.025124111155469225
v 0.06903915840819372 0.9807030478181769 0.14822508028199524
v 0.18977988669432724 0.9705481947460208 0.019506179214525743
v 0.18977988669432724 0.9488421725376545 0.14260714834105176
vt 0.5078125 0.53125
vt 0.4921875 0.53125
vt 0.4921875 0.515625
vt 0.5078125 0.515625
vt 0.5078125 0.4921875
vt 0.5078125 0.5078125
vt 0.4921875 0.5078125
vt 0.4921875 0.4921875
vt 0 0.984375
vt 0 1
vt 0 0.984375
vt 0 1
vt 0 0.984375
vt 0 0.984375
vt 0 1
vt 0 1
vt 0 1
vt 0 1
vt 0 1
vt 0 1
vt 0 1
vt 0 1
vt 0 1
vt 0 1
vn -0.2588190451025211 -0.9512512425641977 -0.16773125949652098
vn 0.2588190451025211 0.9512512425641977 0.16773125949652098
vn 0 0 0
vn 0 0 0
vn 0 0 0
vn 0 0 0
usemtl m_2f782488-5985-7342-163e-a8a36ac958ed
f 3530/10585/2647 3529/10586/2647 3531/10587/2647 3532/10588/2647
f 3535/10589/2648 3533/10590/2648 3534/10591/2648 3536/10592/2648
f 3529/10593/2649 3530/10594/2649 3533/10595/2649 3534/10596/2649
f 3531/10597/2650 3535/10598/2650 3532/10599/2650 3536/10600/2650
f 3529/10601/2651 3533/10602/2651 3531/10603/2651 3535/10604/2651
f 3530/10605/2652 3532/10606/2652 3534/10607/2652 3536/10608/2652
o cuboid
v -0.040630820166198005 1.0054730226563082 0.025664368671709445
v -0.040630820166198005 0.983767000447942 0.14876533779823548
v 0.08425020753153423 1.00010343379893 0.024717565280842138
v 0.08425020753153423 0.9783974115905637 0.14781853440736814
v -0.040630820166198005 1.0054730226563082 0.025664368671709445
v -0.040630820166198005 0.983767000447942 0.14876533779823548
v 0.08425020753153423 1.00010343379893 0.024717565280842138
v 0.08425020753153423 0.9783974115905637 0.14781853440736814
vt 0.015625 0.484375
vt 0 0.484375
vt 0 0.46875
vt 0.015625 0.46875
vt 0.53125 0.984375
vt 0.53125 1
vt 0.515625 1
vt 0.515625 0.984375
vt 0 0.984375
vt 0 1
vt 0 0.984375
vt 0 1
vt 0 0.984375
vt 0 0.984375
vt 0 1
vt 0 1
vt 0 1
vt 0 1
vt 0 1
vt 0 1
vt 0 1
vt 0 1
vt 0 1
vt 0 1
vn -0.043619387365336215 -0.9838704342468718 -0.17348290307907754
vn 0.043619387365336215 0.9838704342468718 0.17348290307907754
vn 0 0 0
vn 0 0 0
vn 0 0 0
vn 0 0 0
usemtl m_2f782488-5985-7342-163e-a8a36ac958ed
f 3538/10609/2653 3537/10610/2653 3539/10611/2653 3540/10612/2653
f 3543/10613/2654 3541/10614/2654 3542/10615/2654 3544/10616/2654
f 3537/10617/2655 3538/10618/2655 3541/10619/2655 3542/10620/2655
f 3539/10621/2656 3543/10622/2656 3540/10623/2656 3544/10624/2656
f 3537/10625/2657 3541/10626/2657 3539/10627/2657 3543/10628/2657
f 3538/10629/2658 3540/10630/2658 3542/10631/2658 3544/10632/2658
o cuboid
v -0.14837457339672805 0.9850880368217332 0.02206994566771399
v -0.14837457339672805 0.9633820146133668 0.14517091479424
v -0.02527360427020205 1.0064642957795873 0.025839156868594712
v -0.025273604270202057 0.984758273571221 0.14894012599512074
v -0.14837457339672805 0.9850880368217332 0.02206994566771399
v -0.14837457339672805 0.9633820146133668 0.14517091479424
v -0.02527360427020205 1.0064642957795873 0.025839156868594712
v -0.025273604270202057 0.984758273571221 0.14894012599512074
vt 0.0390625 0.484375
vt 0.0234375 0.484375
vt 0.0234375 0.46875
vt 0.0390625 0.46875
vt 0.53125 0.9609375
vt 0.53125 0.9765625
vt 0.515625 0.9765625
vt 0.515625 0.9609375
vt 0 0.984375
vt 0 1
vt 0 0.984375
vt 0 1
vt 0 0.984375
vt 0 0.984375
vt 0 1
vt 0 1
vt 0 1
vt 0 1
vt 0 1
vt 0 1
vt 0 1
vt 0 1
vt 0 1
vt 0 1
vn 0.17364817766693016 -0.9698463103929542 -0.17101007166283472
vn -0.17364817766693016 0.9698463103929542 0.17101007166283472
vn 0 0 0
vn 0 0 0
vn 0 0 0
vn 0 0 0
usemtl m_2f782488-5985-7342-163e-a8a36ac958ed
f 3546/10633/2659 3545/10634/2659 3547/10635/2659 3548/10636/2659
f 3551/10637/2660 3549/10638/2660 3550/10639/2660 3552/10640/2660
f 3545/10641/2661 3546/10642/2661 3549/10643/2661 3550/10644/2661
f 3547/10645/2662 3551/10646/2662 3548/10647/2662 3552/10648/2662
f 3545/10649/2663 3549/10650/2663 3547/10651/2663 3551/10652/2663
f 3546/10653/2664 3548/10654/2664 3550/10655/2664 3552/10656/2664
o cuboid
v -0.2490841869645002 0.9422205236409841 0.014511246498072158
v -0.2490841869645002 0.9205145014326177 0.1376122156245982
v -0.13359924540058932 0.989329225033792 0.02281778157976265
v -0.13359924540058932 0.9676232028254256 0.14591875070628868
v -0.2490841869645002 0.9422205236409841 0.014511246498072158
v -0.2490841869645002 0.9205145014326177 0.1376122156245982
v -0.13359924540058932 0.989329225033792 0.02281778157976265
v -0.13359924540058932 0.9676232028254256 0.14591875070628868
vt 0.0625 0.484375
vt 0.046875 0.484375
vt 0.046875 0.46875
vt 0.0625 0.46875
vt 0.53125 0.9375
vt 0.53125 0.953125
vt 0.515625 0.953125
vt 0.515625 0.9375
vt 0 0.984375
vt 0 1
vt 0 0.984375
vt 0 1
vt 0 0.984375
vt 0 0.984375
vt 0 1
vt 0 1
vt 0 1
vt 0 1
vt 0 1
vt 0 1
vt 0 1
vt 0 1
vt 0 1
vt 0 1
vn 0.38268343236508956 -0.9098437264664097 -0.1604299972043608
vn -0.38268343236508956 0.9098437264664097 0.1604299972043608
vn 0 0 0
vn 0 0 0
vn 0 0 0
vn 0 0 0
usemtl m_2f782488-5985-7342-163e-a8a36ac958ed
f 3554/10657/2665 3553/10658/2665 3555/10659/2665 3556/10660/2665
f 3559/10661/2666 3557/10662/2666 3558/10663/2666 3560/10664/2666
f 3553/10665/2667 3554/10666/2667 3557/10667/2667 3558/10668/2667
f 3555/10669/2668 3559/10670/2668 3556/10671/2668 3560/10672/2668
f 3553/10673/2669 3557/10674/2669 3555/10675/2669 3559/10676/2669
f 3554/10677/2670 3556/10678/2670 3558/10679/2670 3560/10680/2670
o cuboid
v -0.3379852209435849 0.8789027455685062 0.0033466138653834437
v -0.3379852209435849 0.8571967233601399 0.12644758299190945
v -0.23559121540746092 0.9495105607514591 0.015796676731014883
v -0.23559121540746092 0.9278045385430927 0.13889764585754089
v -0.3379852209435849 0.8789027455685062 0.0033466138653834437
v -0.3379852209435849 0.8571967233601399 0.12644758299190945
v -0.23559121540746092 0.9495105607514591 0.015796676731014883
v -0.23559121540746092 0.9278045385430927 0.13889764585754089
vt 0.0859375 0.484375
vt 0.0703125 0.484375
vt 0.0703125 0.46875
vt 0.0859375 0.46875
vt 0.53125 0.9140625
vt 0.53125 0.9296875
vt 0.515625 0.9296875
vt 0.515625 0.9140625
vt 0 0.984375
vt 0 1
vt 0 0.984375
vt 0 1
vt 0 0.984375
vt 0 0.984375
vt 0 1
vt 0 1
vt 0 1
vt 0 1
vt 0 1
vt 0 1
vt 0 1
vt 0 1
vt 0 1
vt 0 1
vn 0.5735764363510459 -0.8067072841115989 -0.14224425972292434
vn -0.5735764363510459 0.8067072841115989 0.14224425972292434
vn 0 0 0
vn 0 0 0
vn 0 0 0
vn 0 0 0
usemtl m_2f782488-5985-7342-163e-a8a36ac958ed
f 3562/10681/2671 3561/10682/2671 3563/10683/2671 3564/10684/2671
f 3567/10685/2672 3565/10686/2672 3566/10687/2672 3568/10688/2672
f 3561/10689/2673 3562/10690/2673 3565/10691/2673 3566/10692/2673
f 3563/10693/2674 3567/10694/2674 3564/10695/2674 3568/10696/2674
f 3561/10697/2675 3565/10698/2675 3563/10699/2675 3567/10700/2675
f 3562/10701/2676 3564/10702/2676 3566/10703/2676 3568/10704/2676
o cuboid
v -0.4108630563810407 0.7981364709255228 -0.010894659485484487
v -0.4108630563810407 0.7764304487171565 0.11220630964104153
v -0.32641428042908316 0.8888960256018732 0.005108698761041253
v -0.32641428042908316 0.8671900033935069 0.12820966788756727
v -0.4108630563810407 0.7981364709255228 -0.010894659485484487
v -0.4108630563810407 0.7764304487171565 0.11220630964104153
v -0.32641428042908316 0.8888960256018732 0.005108698761041253
v -0.32641428042908316 0.8671900033935069 0.12820966788756727
vt 0.109375 0.484375
vt 0.09375 0.484375
vt 0.09375 0.46875
vt 0.109375 0.46875
vt 0.53125 0.890625
vt 0.53125 0.90625
vt 0.515625 0.90625
vt 0.515625 0.890625
vt 0 0.984375
vt 0 1
vt 0 0.984375
vt 0 1
vt 0 0.984375
vt 0 0.984375
vt 0 1
vt 0 1
vt 0 1
vt 0 1
vt 0 1
vt 0 1
vt 0 1
vt 0 1
vt 0 1
vt 0 1
vn 0.7372773368101241 -0.6653264743190296 -0.11731500840208274
vn -0.7372773368101241 0.6653264743190296 0.11731500840208274
vn 0 0 0
vn 0 0 0
vn 0 0 0
vn 0 0 0
usemtl m_2f782488-5985-7342-163e-a8a36ac958ed
f 3570/10705/2677 3569/10706/2677 3571/10707/2677 3572/10708/2677
f 3575/10709/2678 3573/10710/2678 3574/10711/2678 3576/10712/2678
f 3569/10713/2679 3570/10714/2679 3573/10715/2679 3574/10716/2679
f 3571/10717/2680 3575/10718/2680 3572/10719/2680 3576/10720/2680
f 3569/10721/2681 3573/10722/2681 3571/10723/2681 3575/10724/2681
f 3570/10725/2682 3572/10726/2682 3574/10727/2682 3576/10728/2682
o cuboid
v -0.46426270189221924 0.7037506661102076 -0.027537423470307548
v -0.46426270189221924 0.6820446439018413 0.09556354565621847
v -0.40176270189221924 0.810359232604263 -0.008739456822753094
v -0.40176270189221924 0.7886532103958968 0.11436151230377292
v -0.46426270189221924 0.7037506661102076 -0.027537423470307548
v -0.46426270189221924 0.6820446439018413 0.09556354565621847
v -0.40176270189221924 0.810359232604263 -0.008739456822753094
v -0.40176270189221924 0.7886532103958968 0.11436151230377292
vt 0.1328125 0.484375
vt 0.1171875 0.484375
vt 0.1171875 0.46875
vt 0.1328125 0.46875
vt 0.53125 0.8671875
vt 0.53125 0.8828125
vt 0.515625 0.8828125
vt 0.515625 0.8671875
vt 0 0.984375
vt 0 1
vt 0 0.984375
vt 0 1
vt 0 0.984375
vt 0 0.984375
vt 0 1
vt 0 1
vt 0 1
vt 0 1
vt 0 1
vt 0 1
vt 0 1
vt 0 1
vt 0 1
vt 0 1
vn 0.8660254037844385 -0.4924038765061043 -0.08682408883346537
vn -0.8660254037844385 0.4924038765061043 0.08682408883346537
vn 0 0 0
vn 0 0 0
vn 0 0 0
vn 0 0 0
usemtl m_2f782488-5985-7342-163e-a8a36ac958ed
f 3578/10729/2683 3577/10730/2683 3579/10731/2683 3580/10732/2683
f 3583/10733/2684 3581/10734/2684 3582/10735/2684 3584/10736/2684
f 3577/10737/2685 3578/10738/2685 3581/10739/2685 3582/10740/2685
f 3579/10741/2686 3583/10742/2686 3580/10743/2686 3584/10744/2686
f 3577/10745/2687 3581/10746/2687 3579/10747/2687 3583/10748/2687
f 3578/10749/2688 3580/10750/2688 3582/10751/2688 3584/10752/2688
o cuboid
v -0.4956525878431305 0.6002199720132038 -0.045792678171083984
v -0.4956525878431305 0.5785139498048374 0.07730829095544203
v -0.45806436290509633 0.7176234529227057 -0.025091276857647546
v -0.45806436290509633 0.6959174307143394 0.09800969226887847
v -0.4956525878431305 0.6002199720132038 -0.045792678171083984
v -0.4956525878431305 0.5785139498048374 0.07730829095544203
v -0.45806436290509633 0.7176234529227057 -0.025091276857647546
v -0.45806436290509633 0.6959174307143394 0.09800969226887847
vt 0.15625 0.484375
vt 0.140625 0.484375
vt 0.140625 0.46875
vt 0.15625 0.46875
vt 0.53125 0.84375
vt 0.53125 0.859375
vt 0.515625 0.859375
vt 0.515625 0.84375
vt 0 0.984375
vt 0 1
vt 0 0.984375
vt 0 1
vt 0 0.984375
vt 0 0.984375
vt 0 1
vt 0 1
vt 0 1
vt 0 1
vt 0 1
vt 0 1
vt 0 1
vt 0 1
vt 0 1
vt 0 1
vn 0.9537169507482268 -0.2961374027275431 -0.05221701409779448
vn -0.9537169507482268 0.2961374027275431 0.05221701409779448
vn 0 0 0
vn 0 0 0
vn 0 0 0
vn 0 0 0
usemtl m_2f782488-5985-7342-163e-a8a36ac958ed
f 3586/10753/2689 3585/10754/2689 3587/10755/2689 3588/10756/2689
f 3591/10757/2690 3589/10758/2690 3590/10759/2690 3592/10760/2690
f 3585/10761/2691 3586/10762/2691 3589/10763/2691 3590/10764/2691
f 3587/10765/2692 3591/10766/2692 3588/10767/2692 3592/10768/2692
f 3585/10769/2693 3589/10770/2693 3587/10771/2693 3591/10772/2693
f 3586/10773/2694 3588/10774/2694 3590/10775/2694 3592/10776/2694
o cuboid
v -0.5035445829676014 0.49245257030599865 -0.06479497873291176
v -0.5035445829676014 0.4707465480976323 0.05830599039361425
v -0.49265011512414403 0.6150851030797995 -0.04317155449227554
v -0.49265011512414403 0.5933790808714332 0.07992941463425048
v -0.5035445829676014 0.49245257030599865 -0.06479497873291176
v -0.5035445829676014 0.4707465480976323 0.05830599039361425
v -0.49265011512414403 0.6150851030797995 -0.04317155449227554
v -0.49265011512414403 0.5933790808714332 0.07992941463425048
vt 0.1796875 0.484375
vt 0.1640625 0.484375
vt 0.1640625 0.46875
vt 0.1796875 0.46875
vt 0.53125 0.8203125
vt 0.53125 0.8359375
vt 0.515625 0.8359375
vt 0.515625 0.8203125
vt 0 0.984375
vt 0 1
vt 0 0.984375
vt 0 1
vt 0 0.984375
vt 0 0.984375
vt 0 1
vt 0 1
vt 0 1
vt 0 1
vt 0 1
vt 0 1
vt 0 1
vt 0 1
vt 0 1
vt 0 1
vn 0.9961946980917454 -0.0858316511774318 -0.015134435901338703
vn -0.9961946980917454 0.0858316511774318 0.015134435901338703
vn 0 0 0
vn 0 0 0
vn 0 0 0
vn 0 0 0
usemtl m_2f782488-5985-7342-163e-a8a36ac958ed
f 3594/10777/2695 3593/10778/2695 3595/10779/2695 3596/10780/2695
f 3599/10781/2696 3597/10782/2696 3598/10783/2696 3600/10784/2696
f 3593/10785/2697 3594/10786/2697 3597/10787/2697 3598/10788/2697
f 3595/10789/2698 3599/10790/2698 3596/10791/2698 3600/10792/2698
f 3593/10793/2699 3597/10794/2699 3595/10795/2699 3599/10796/2699
f 3594/10797/2700 3596/10798/2700 3598/10799/2700 3600/10800/2700
o cuboid
v -0.48756454367315205 0.38555749643413384 -0.08364346436134605
v -0.48756454367315205 0.3638514742257675 0.039457504765179965
v -0.5038803177006584 0.5076053197047642 -0.06212314018199543
v -0.5038803177006584 0.4858992974963978 0.060977828944530583
v -0.48756454367315205 0.38555749643413384 -0.08364346436134605
v -0.48756454367315205 0.3638514742257675 0.039457504765179965
v -0.5038803177006584 0.5076053197047642 -0.06212314018199543
v -0.5038803177006584 0.4858992974963978 0.060977828944530583
vt 0.203125 0.484375
vt 0.1875 0.484375
vt 0.1875 0.46875
vt 0.203125 0.46875
vt 0.53125 0.796875
vt 0.53125 0.8125
vt 0.515625 0.8125
vt 0.515625 0.796875
vt 0 0.984375
vt 0 1
vt 0 0.984375
vt 0 1
vt 0 0.984375
vt 0 0.984375
vt 0 1
vt 0 1
vt 0 1
vt 0 1
vt 0 1
vt 0 1
vt 0 1
vt 0 1
vt 0 1
vt 0 1
vn 0.9914448613738105 0.1285432060694683 0.022665635416815457
vn -0.9914448613738105 -0.1285432060694683 -0.022665635416815457
vn 0 0 0
vn 0 0 0
vn 0 0 0
vn 0 0 0
usemtl m_2f782488-5985-7342-163e-a8a36ac958ed
f 3602/10801/2701 3601/10802/2701 3603/10803/2701 3604/10804/2701
f 3607/10805/2702 3605/10806/2702 3606/10807/2702 3608/10808/2702
f 3601/10809/2703 3602/10810/2703 3605/10811/2703 3606/10812/2703
f 3603/10813/2704 3607/10814/2704 3604/10815/2704 3608/10816/2704
f 3601/10817/2705 3605/10818/2705 3603/10819/2705 3607/10820/2705
f 3602/10821/2706 3604/10822/2706 3606/10823/2706 3608/10824/2706
o cuboid
v -0.44847005143509994 0.28460243053755563 -0.10144456631811385
v -0.44847005143509994 0.26289640832918926 0.02165640280841217
v -0.4912225693508085 0.40027950283734604 -0.08104757742229696
v -0.4912225693508085 0.37857348062897966 0.042053391704229066
v -0.44847005143509994 0.28460243053755563 -0.10144456631811385
v -0.44847005143509994 0.26289640832918926 0.02165640280841217
v -0.4912225693508085 0.40027950283734604 -0.08104757742229696
v -0.4912225693508085 0.37857348062897966 0.042053391704229066
vt 0.2265625 0.484375
vt 0.2109375 0.484375
vt 0.2109375 0.46875
vt 0.2265625 0.46875
vt 0.53125 0.7734375
vt 0.53125 0.7890625
vt 0.515625 0.7890625
vt 0.515625 0.7734375
vt 0 0.984375
vt 0 1
vt 0 0.984375
vt 0 1
vt 0 0.984375
vt 0 0.984375
vt 0 1
vt 0 1
vt 0 1
vt 0 1
vt 0 1
vt 0 1
vt 0 1
vt 0 1
vt 0 1
vt 0 1
vn 0.9396926207859085 0.33682408883346465 0.05939117461388476
vn -0.9396926207859085 -0.33682408883346465 -0.05939117461388476
vn 0 0 0
vn 0 0 0
vn 0 0 0
vn 0 0 0
usemtl m_2f782488-5985-7342-163e-a8a36ac958ed
f 3610/10825/2707 3609/10826/2707 3611/10827/2707 3612/10828/2707
f 3615/10829/2708 3613/10830/2708 3614/10831/2708 3616/10832/2708
f 3609/10833/2709 3610/10834/2709 3613/10835/2709 3614/10836/2709
f 3611/10837/2710 3615/10838/2710 3612/10839/2710 3616/10840/2710
f 3609/10841/2711 3613/10842/2711 3611/10843/2711 3615/10844/2711
f 3610/10845/2712 3612/10846/2712 3614/10847/2712 3616/10848/2712
o cuboid
v -0.3881144973847665 0.1943734489427017 -0.11735437021513413
v -0.3881144973847665 0.17266742673433533 0.005746598911391884
v -0.45527694842811944 0.2981957532752899 -0.09904769676197343
v -0.45527694842811944 0.27648973106692354 0.024053272364552583
v -0.3881144973847665 0.1943734489427017 -0.11735437021513413
v -0.3881144973847665 0.17266742673433533 0.005746598911391884
v -0.45527694842811944 0.2981957532752899 -0.09904769676197343
v -0.45527694842811944 0.27648973106692354 0.024053272364552583
vt 0.25 0.484375
vt 0.234375 0.484375
vt 0.234375 0.46875
vt 0.25 0.46875
vt 0.53125 0.75
vt 0.53125 0.765625
vt 0.515625 0.765625
vt 0.515625 0.75
vt 0 0.984375
vt 0 1
vt 0 0.984375
vt 0 1
vt 0 0.984375
vt 0 0.984375
vt 0 1
vt 0 1
vt 0 1
vt 0 1
vt 0 1
vt 0 1
vt 0 1
vt 0 1
vt 0 1
vt 0 1
vn 0.8433914458128859 0.5291368199903747 0.09330109785058152
vn -0.8433914458128859 -0.5291368199903747 -0.09330109785058152
vn 0 0 0
vn 0 0 0
vn 0 0 0
vn 0 0 0
usemtl m_2f782488-5985-7342-163e-a8a36ac958ed
f 3618/10849/2713 3617/10850/2713 3619/10851/2713 3620/10852/2713
f 3623/10853/2714 3621/10854/2714 3622/10855/2714 3624/10856/2714
f 3617/10857/2715 3618/10858/2715 3621/10859/2715 3622/10860/2715
f 3619/10861/2716 3623/10862/2716 3620/10863/2716 3624/10864/2716
f 3617/10865/2717 3621/10866/2717 3619/10867/2717 3623/10868/2717
f 3618/10869/2718 3620/10870/2718 3622/10871/2718 3624/10872/2718
o cuboid
v -0.3093592167691147 0.11914812592417257 -0.1306186242958104
v -0.3093592167691147 0.0974421037158062 -0.007517655169284362
v -0.3977475644174331 0.20619365596417494 -0.11527014879968873
v -0.3977475644174331 0.18448763375580857 0.007830820326837282
v -0.3093592167691147 0.11914812592417257 -0.1306186242958104
v -0.3093592167691147 0.0974421037158062 -0.007517655169284362
v -0.3977475644174331 0.20619365596417494 -0.11527014879968873
v -0.3977475644174331 0.18448763375580857 0.007830820326837282
vt 0.2734375 0.484375
vt 0.2578125 0.484375
vt 0.2578125 0.46875
vt 0.2734375 0.46875
vt 0.53125 0.7265625
vt 0.53125 0.7421875
vt 0.515625 0.7421875
vt 0.515625 0.7265625
vt 0 0.984375
vt 0 1
vt 0 0.984375
vt 0 1
vt 0 0.984375
vt 0 0.984375
vt 0 1
vt 0 1
vt 0 1
vt 0 1
vt 0 1
vt 0 1
vt 0 1
vt 0 1
vt 0 1
vt 0 1
vn 0.7071067811865478 0.6963642403200186 0.12278780396897308
vn -0.7071067811865478 -0.6963642403200186 -0.12278780396897308
vn 0 0 0
vn 0 0 0
vn 0 0 0
vn 0 0 0
usemtl m_2f782488-5985-7342-163e-a8a36ac958ed
f 3626/10873/2719 3625/10874/2719 3627/10875/2719 3628/10876/2719
f 3631/10877/2720 3629/10878/2720 3630/10879/2720 3632/10880/2720
f 3625/10881/2721 3626/10882/2721 3629/10883/2721 3630/10884/2721
f 3627/10885/2722 3631/10886/2722 3628/10887/2722 3632/10888/2722
f 3625/10889/2723 3629/10890/2723 3627/10891/2723 3631/10892/2723
f 3626/10893/2724 3628/10894/2724 3630/10895/2724 3632/10896/2724
o cuboid
v -0.2159378388101069 0.062492742524432154 -0.14060849699156713
v -0.2159378388101069 0.04078672031606578 -0.017507527865041103
v -0.3213617695367176 0.12863484502322908 -0.12894585976024442
v -0.3213617695367176 0.10692882281486271 -0.005844890633718389
v -0.2159378388101069 0.062492742524432154 -0.14060849699156713
v -0.2159378388101069 0.04078672031606578 -0.017507527865041103
v -0.3213617695367176 0.12863484502322908 -0.12894585976024442
v -0.3213617695367176 0.10692882281486271 -0.005844890633718389
vt 0.296875 0.484375
vt 0.28125 0.484375
vt 0.28125 0.46875
vt 0.296875 0.46875
vt 0.53125 0.703125
vt 0.53125 0.71875
vt 0.515625 0.71875
vt 0.515625 0.703125
vt 0 0.984375
vt 0 1
vt 0 0.984375
vt 0 1
vt 0 0.984375
vt 0 0.984375
vt 0 1
vt 0 1
vt 0 1
vt 0 1
vt 0 1
vt 0 1
vt 0 1
vt 0 1
vt 0 1
vt 0 1
vn 0.5372996083468244 0.8305784346607049 0.1464533876252855
vn -0.5372996083468244 -0.8305784346607049 -0.1464533876252855
vn 0 0 0
vn 0 0 0
vn 0 0 0
vn 0 0 0
usemtl m_2f782488-5985-7342-163e-a8a36ac958ed
f 3634/10897/2725 3633/10898/2725 3635/10899/2725 3636/10900/2725
f 3639/10901/2726 3637/10902/2726 3638/10903/2726 3640/10904/2726
f 3633/10905/2727 3634/10906/2727 3637/10907/2727 3638/10908/2727
f 3635/10909/2728 3639/10910/2728 3636/10911/2728 3640/10912/2728
f 3633/10913/2729 3637/10914/2729 3635/10915/2729 3639/10916/2729
f 3634/10917/2730 3636/10918/2730 3638/10919/2730 3640/10920/2730
o cuboid
v -0.11227928286371527 0.027093216352929994 -0.1468503885598984
v -0.11227928286371527 0.005387194144563623 -0.023749419433372373
v -0.22974086046195377 0.06919622745711324 -0.1394264917331628
v -0.22974086046195377 0.047490205248746864 -0.016325522606636764
v -0.11227928286371527 0.027093216352929994 -0.1468503885598984
v -0.11227928286371527 0.005387194144563623 -0.023749419433372373
v -0.22974086046195377 0.06919622745711324 -0.1394264917331628
v -0.22974086046195377 0.047490205248746864 -0.016325522606636764
vt 0.3203125 0.484375
vt 0.3046875 0.484375
vt 0.3046875 0.46875
vt 0.3203125 0.46875
vt 0.53125 0.6796875
vt 0.53125 0.6953125
vt 0.515625 0.6953125
vt 0.515625 0.6796875
vt 0 0.984375
vt 0 1
vt 0 0.984375
vt 0 1
vt 0 0.984375
vt 0 0.984375
vt 0 1
vt 0 1
vt 0 1
vt 0 1
vt 0 1
vt 0 1
vt 0 1
vt 0 1
vt 0 1
vt 0 1
vn 0.3420201433256691 0.9254165783983231 0.16317591116653513
vn -0.3420201433256691 -0.9254165783983231 -0.16317591116653513
vn 0 0 0
vn 0 0 0
vn 0 0 0
vn 0 0 0
usemtl m_2f782488-5985-7342-163e-a8a36ac958ed
f 3642/10921/2731 3641/10922/2731 3643/10923/2731 3644/10924/2731
f 3647/10925/2732 3645/10926/2732 3646/10927/2732 3648/10928/2732
f 3641/10929/2733 3642/10930/2733 3645/10931/2733 3646/10932/2733
f 3643/10933/2734 3647/10934/2734 3644/10935/2734 3648/10936/2734
f 3641/10937/2735 3645/10938/2735 3643/10939/2735 3647/10940/2735
f 3642/10941/2736 3644/10942/2736 3646/10943/2736 3648/10944/2736
o cuboid
v -0.0032977922741627393 0.014627767642320266 -0.14904838349421645
v -0.0032977922741627445 -0.007078254566046049 -0.025947414367690422
v -0.12722839994588903 0.03069566840100385 -0.1462151790671145
v -0.12722839994588903 0.00898964619263748 -0.02311420994058848
v -0.0032977922741627393 0.014627767642320266 -0.14904838349421645
v -0.0032977922741627445 -0.007078254566046049 -0.025947414367690422
v -0.12722839994588903 0.03069566840100385 -0.1462151790671145
v -0.12722839994588903 0.00898964619263748 -0.02311420994058848
vt 0.34375 0.484375
vt 0.328125 0.484375
vt 0.328125 0.46875
vt 0.34375 0.46875
vt 0.53125 0.65625
vt 0.53125 0.671875
vt 0.515625 0.671875
vt 0.515625 0.65625
vt 0 0.984375
vt 0 1
vt 0 0.984375
vt 0 1
vt 0 0.984375
vt 0 0.984375
vt 0 1
vt 0 1
vt 0 1
vt 0 1
vt 0 1
vt 0 1
vt 0 1
vt 0 1
vt 0 1
vt 0 1
vn 0.13052619222005182 0.9763825861650423 0.17216259343480492
vn -0.13052619222005182 -0.9763825861650423 -0.17216259343480492
vn 0 0 0
vn 0 0 0
vn 0 0 0
vn 0 0 0
usemtl m_2f782488-5985-7342-163e-a8a36ac958ed
f 3650/10945/2737 3649/10946/2737 3651/10947/2737 3652/10948/2737
f 3655/10949/2738 3653/10950/2738 3654/10951/2738 3656/10952/2738
f 3649/10953/2739 3650/10954/2739 3653/10955/2739 3654/10956/2739
f 3651/10957/2740 3655/10958/2740 3652/10959/2740 3656/10960/2740
f 3649/10961/2741 3653/10962/2741 3651/10963/2741 3655/10964/2741
f 3650/10965/2742 3652/10966/2742 3654/10967/2742 3656/10968/2742
o cuboid
v 0.1058400400045631 0.02568735820756901 -0.14709827928197428
v 0.1058400400045631 0.00398133599920264 -0.023997310155448273
v -0.01868429725690512 0.014958401810390154 -0.14899008376964162
v -0.018684297256905128 -0.006747620397976162 -0.025889114643115593
v 0.1058400400045631 0.02568735820756901 -0.14709827928197428
v 0.1058400400045631 0.00398133599920264 -0.023997310155448273
v -0.01868429725690512 0.014958401810390154 -0.14899008376964162
v -0.018684297256905128 -0.006747620397976162 -0.025889114643115593
vt 0.3671875 0.484375
vt 0.3515625 0.484375
vt 0.3515625 0.46875
vt 0.3671875 0.46875
vt 0.53125 0.6328125
vt 0.53125 0.6484375
vt 0.515625 0.6484375
vt 0.515625 0.6328125
vt 0 0.984375
vt 0 1
vt 0 0.984375
vt 0 1
vt 0 0.984375
vt 0 0.984375
vt 0 1
vt 0 1
vt 0 1
vt 0 1
vt 0 1
vt 0 1
vt 0 1
vt 0 1
vt 0 1
vt 0 1
vn -0.08715574274765799 0.981060262190407 0.17298739392508986
vn 0.08715574274765799 -0.981060262190407 -0.17298739392508986
vn 0 0 0
vn 0 0 0
vn 0 0 0
vn 0 0 0
usemtl m_2f782488-5985-7342-163e-a8a36ac958ed
f 3658/10969/2743 3657/10970/2743 3659/10971/2743 3660/10972/2743
f 3663/10973/2744 3661/10974/2744 3662/10975/2744 3664/10976/2744
f 3657/10977/2745 3658/10978/2745 3661/10979/2745 3662/10980/2745
f 3659/10981/2746 3663/10982/2746 3660/10983/2746 3664/10984/2746
f 3657/10985/2747 3661/10986/2747 3659/10987/2747 3663/10988/2747
f 3658/10989/2748 3660/10990/2748 3662/10991/2748 3664/10992/2748
o cuboid
v 0.2099602091739007 0.05974767513664653 -0.1410925264358966
v 0.2099602091739007 0.038041652928280156 -0.01799155730937059
v 0.09074559033037236 0.022730499795703685 -0.14761965319812093
v 0.09074559033037236 0.0010244775873373135 -0.024518684071594896
v 0.2099602091739007 0.05974767513664653 -0.1410925264358966
v 0.2099602091739007 0.038041652928280156 -0.01799155730937059
v 0.09074559033037236 0.022730499795703685 -0.14761965319812093
v 0.09074559033037236 0.0010244775873373135 -0.024518684071594896
vt 0.390625 0.484375
vt 0.375 0.484375
vt 0.375 0.46875
vt 0.390625 0.46875
vt 0.53125 0.609375
vt 0.53125 0.625
vt 0.515625 0.625
vt 0.515625 0.609375
vt 0 0.984375
vt 0 1
vt 0 0.984375
vt 0 1
vt 0 0.984375
vt 0 0.984375
vt 0 1
vt 0 1
vt 0 1
vt 0 1
vt 0 1
vt 0 1
vt 0 1
vt 0 1
vt 0 1
vt 0 1
vn -0.3007057995042731 0.9392278472760162 0.16561121050749153
vn 0.3007057995042731 -0.9392278472760162 -0.16561121050749153
vn 0 0 0
vn 0 0 0
vn 0 0 0
vn 0 0 0
usemtl m_2f782488-5985-7342-163e-a8a36ac958ed
f 3666/10993/2749 3665/10994/2749 3667/10995/2749 3668/10996/2749
f 3671/10997/2750 3669/10998/2750 3670/10999/2750 3672/11000/2750
f 3665/11001/2751 3666/11002/2751 3669/11003/2751 3670/11004/2751
f 3667/11005/2752 3671/11006/2752 3668/11007/2752 3672/11008/2752
f 3665/11009/2753 3669/11010/2753 3667/11011/2753 3671/11012/2753
f 3666/11013/2754 3668/11014/2754 3670/11015/2754 3672/11016/2754
o cuboid
v 0.30412658773652734 0.11519398740959291 -0.13131584560138926
v 0.30412658773652734 0.09348796520122654 -0.008214876474863242
v 0.19587341226347246 0.05364350284632996 -0.14216885670557242
v 0.19587341226347246 0.03193748063796359 -0.0190678875790464
v 0.30412658773652734 0.11519398740959291 -0.13131584560138926
v 0.30412658773652734 0.09348796520122654 -0.008214876474863242
v 0.19587341226347246 0.05364350284632996 -0.14216885670557242
v 0.19587341226347246 0.03193748063796359 -0.0190678875790464
vt 0.4140625 0.484375
vt 0.3984375 0.484375
vt 0.3984375 0.46875
vt 0.4140625 0.46875
vt 0.53125 0.5859375
vt 0.53125 0.6015625
vt 0.515625 0.6015625
vt 0.515625 0.5859375
vt 0 0.984375
vt 0 1
vt 0 0.984375
vt 0 1
vt 0 0.984375
vt 0 0.984375
vt 0 1
vt 0 1
vt 0 1
vt 0 1
vt 0 1
vt 0 1
vt 0 1
vt 0 1
vt 0 1
vt 0 1
vn -0.4999999999999998 0.8528685319524434 0.1503837331804356
vn 0.4999999999999998 -0.8528685319524434 -0.1503837331804356
vn 0 0 0
vn 0 0 0
vn 0 0 0
vn 0 0 0
usemtl m_2f782488-5985-7342-163e-a8a36ac958ed
f 3674/11017/2755 3673/11018/2755 3675/11019/2755 3676/11020/2755
f 3679/11021/2756 3677/11022/2756 3678/11023/2756 3680/11024/2756
f 3673/11025/2757 3674/11026/2757 3677/11027/2757 3678/11028/2757
f 3675/11029/2758 3679/11030/2758 3676/11031/2758 3680/11032/2758
f 3673/11033/2759 3677/11034/2759 3675/11035/2759 3679/11036/2759
f 3674/11037/2760 3676/11038/2760 3678/11039/2760 3680/11040/2760
o cuboid
v 0.3838749373584628 0.189397697043721 -0.11823172952423577
v 0.3838749373584628 0.16769167483535463 0.004869239602290236
v 0.29171527025719735 0.10623188775384229 -0.13289610557449613
v 0.29171527025719735 0.08452586554547592 -0.009795136447970115
v 0.3838749373584628 0.189397697043721 -0.11823172952423577
v 0.3838749373584628 0.16769167483535463 0.004869239602290236
v 0.29171527025719735 0.10623188775384229 -0.13289610557449613
v 0.29171527025719735 0.08452586554547592 -0.009795136447970115
vt 0.4375 0.484375
vt 0.421875 0.484375
vt 0.421875 0.46875
vt 0.4375 0.46875
vt 0.53125 0.5625
vt 0.53125 0.578125
vt 0.515625 0.578125
vt 0.515625 0.5625
vt 0 0.984375
vt 0 1
vt 0 0.984375
vt 0 1
vt 0 0.984375
vt 0 0.984375
vt 0 1
vt 0 1
vt 0 1
vt 0 1
vt 0 1
vt 0 1
vt 0 1
vt 0 1
vt 0 1
vt 0 1
vn -0.6755902076156604 0.7260764374108031 0.1280268659722059
vn 0.6755902076156604 -0.7260764374108031 -0.1280268659722059
vn 0 0 0
vn 0 0 0
vn 0 0 0
vn 0 0 0
usemtl m_2f782488-5985-7342-163e-a8a36ac958ed
f 3682/11041/2761 3681/11042/2761 3683/11043/2761 3684/11044/2761
f 3687/11045/2762 3685/11046/2762 3686/11047/2762 3688/11048/2762
f 3681/11049/2763 3682/11050/2763 3685/11051/2763 3686/11052/2763
f 3683/11053/2764 3687/11054/2764 3684/11055/2764 3688/11056/2764
f 3681/11057/2765 3685/11058/2765 3683/11059/2765 3687/11060/2765
f 3682/11061/2766 3684/11062/2766 3686/11063/2766 3688/11064/2766
o cuboid
v 0.4454245494164362 0.2788409556293462 -0.10246046979310594
v 0.4454245494164362 0.2571349334209799 0.02064049933342007
v 0.37372749487255547 0.17800254511539643 -0.12024100225847148
v 0.37372749487255547 0.15629652290703006 0.0028599668680545295
v 0.4454245494164362 0.2788409556293462 -0.10246046979310594
v 0.4454245494164362 0.2571349334209799 0.02064049933342007
v 0.37372749487255547 0.17800254511539643 -0.12024100225847148
v 0.37372749487255547 0.15629652290703006 0.0028599668680545295
vt 0.4609375 0.484375
vt 0.4453125 0.484375
vt 0.4453125 0.46875
vt 0.4609375 0.46875
vt 0.53125 0.5390625
vt 0.53125 0.5546875
vt 0.515625 0.5546875
vt 0.515625 0.5390625
vt 0 0.984375
vt 0 1
vt 0 0.984375
vt 0 1
vt 0 0.984375
vt 0 0.984375
vt 0 1
vt 0 1
vt 0 1
vt 0 1
vt 0 1
vt 0 1
vt 0 1
vt 0 1
vt 0 1
vt 0 1
vn -0.8191520442889917 0.5648625214636236 0.0996005029250514
vn 0.8191520442889917 -0.5648625214636236 -0.0996005029250514
vn 0 0 0
vn 0 0 0
vn 0 0 0
vn 0 0 0
usemtl m_2f782488-5985-7342-163e-a8a36ac958ed
f 3690/11065/2767 3689/11066/2767 3691/11067/2767 3692/11068/2767
f 3695/11069/2768 3693/11070/2768 3694/11071/2768 3696/11072/2768
f 3689/11073/2769 3690/11074/2769 3693/11075/2769 3694/11076/2769
f 3691/11077/2770 3695/11078/2770 3692/11079/2770 3696/11080/2770
f 3689/11081/2771 3693/11082/2771 3691/11083/2771 3695/11084/2771
f 3690/11085/2772 3692/11086/2772 3694/11087/2772 3696/11088/2772
o cuboid
v 0.48585748077846147 0.37928343843710194 -0.08474975006475245
v 0.48585748077846147 0.3575774162287356 0.038351219061773564
v 0.43802205173282527 0.26555297262880073 -0.10480349971529755
v 0.43802205173282527 0.24384695042043442 0.018297469411228465
v 0.48585748077846147 0.37928343843710194 -0.08474975006475245
v 0.48585748077846147 0.3575774162287356 0.038351219061773564
v 0.43802205173282527 0.26555297262880073 -0.10480349971529755
v 0.43802205173282527 0.24384695042043442 0.018297469411228465
vt 0.484375 0.484375
vt 0.46875 0.484375
vt 0.46875 0.46875
vt 0.484375 0.46875
vt 0.53125 0.515625
vt 0.53125 0.53125
vt 0.515625 0.53125
vt 0.515625 0.515625
vt 0 0.984375
vt 0 1
vt 0 0.984375
vt 0 1
vt 0 0.984375
vt 0 0.984375
vt 0 1
vt 0 1
vt 0 1
vt 0 1
vt 0 1
vt 0 1
vt 0 1
vt 0 1
vt 0 1
vt 0 1
vn -0.9238795325112867 0.3768696111424636 0.06645228065352397
vn 0.9238795325112867 -0.3768696111424636 -0.06645228065352397
vn 0 0 0
vn 0 0 0
vn 0 0 0
vn 0 0 0
usemtl m_2f782488-5985-7342-163e-a8a36ac958ed
f 3698/11089/2773 3697/11090/2773 3699/11091/2773 3700/11092/2773
f 3703/11093/2774 3701/11094/2774 3702/11095/2774 3704/11096/2774
f 3697/11097/2775 3698/11098/2775 3701/11099/2775 3702/11100/2775
f 3699/11101/2776 3703/11102/2776 3700/11103/2776 3704/11104/2776
f 3697/11105/2777 3701/11106/2777 3699/11107/2777 3703/11108/2777
f 3698/11109/2778 3700/11110/2778 3702/11111/2778 3704/11112/2778
o cuboid
v 0.5032568876102872 0.48596336967232556 -0.06593919988785876
v 0.5032568876102872 0.4642573474639592 0.05716176923866725
v 0.48155086540192094 0.36473258087320626 -0.08731545884571311
v 0.48155086540192094 0.3430265586648399 0.03578551028081291
v 0.5032568876102872 0.48596336967232556 -0.06593919988785876
v 0.5032568876102872 0.4642573474639592 0.05716176923866725
v 0.48155086540192094 0.36473258087320626 -0.08731545884571311
v 0.48155086540192094 0.3430265586648399 0.03578551028081291
vt 0.5078125 0.484375
vt 0.4921875 0.484375
vt 0.4921875 0.46875
vt 0.5078125 0.46875
vt 0.53125 0.4921875
vt 0.53125 0.5078125
vt 0.515625 0.5078125
vt 0.515625 0.4921875
vt 0 0.984375
vt 0 1
vt 0 0.984375
vt 0 1
vt 0 0.984375
vt 0 0.984375
vt 0 1
vt 0 1
vt 0 1
vt 0 1
vt 0 1
vt 0 1
vt 0 1
vt 0 1
vt 0 1
vt 0 1
vn -0.9848077530122081 0.1710100716628345 0.03015368960704586
vn 0.9848077530122081 -0.1710100716628345 -0.03015368960704586
vn 0 0 0
vn 0 0 0
vn 0 0 0
vn 0 0 0
usemtl m_2f782488-5985-7342-163e-a8a36ac958ed
f 3706/11113/2779 3705/11114/2779 3707/11115/2779 3708/11116/2779
f 3711/11117/2780 3709/11118/2780 3710/11119/2780 3712/11120/2780
f 3705/11121/2781 3706/11122/2781 3709/11123/2781 3710/11124/2781
f 3707/11125/2782 3711/11126/2782 3708/11127/2782 3712/11128/2782
f 3705/11129/2783 3709/11130/2783 3707/11131/2783 3711/11132/2783
f 3706/11133/2784 3708/11134/2784 3710/11135/2784 3712/11136/2784
o ball_botan
v -0.0625 0.5625 -0.4375
v -0.0625 0.5625 -0.5625
v 0.0625 0.5625 -0.4375
v 0.0625 0.5625 -0.5625
v -0.0625 0.4375 -0.4375
v -0.0625 0.4375 -0.5625
v 0.0625 0.4375 -0.4375
v 0.0625 0.4375 -0.5625
vt 0.015625 1
vt 0 1
vt 0 0.984375
vt 0.015625 0.984375
vt 0.015625 0.9609375
vt 0.015625 0.9765625
vt 0 0.9765625
vt 0 0.9609375
vt 0.0234375 0.984375
vt 0.0390625 0.984375
vt 0.0390625 1
vt 0.0234375 1
vt 0.0390625 0.9609375
vt 0.0390625 0.9765625
vt 0.0234375 0.9765625
vt 0.0234375 0.9609375
vt 0.015625 0.9375
vt 0.015625 0.953125
vt 0 0.953125
vt 0 0.9375
vt 0.0625 1
vt 0.046875 1
vt 0.046875 0.984375
vt 0.0625 0.984375
vn 2.220446049250313e-16 1 0
vn -2.220446049250313e-16 -1 0
vn -1 2.220446049250313e-16 0
vn 1 -2.220446049250313e-16 0
vn 0 0 1
vn 0 0 -1
usemtl m_2f782488-5985-7342-163e-a8a36ac958ed
f 3714/11137/2785 3713/11138/2785 3715/11139/2785 3716/11140/2785
f 3719/11141/2786 3717/11142/2786 3718/11143/2786 3720/11144/2786
f 3717/11145/2787 3713/11146/2787 3714/11147/2787 3718/11148/2787
f 3716/11149/2788 3715/11150/2788 3719/11151/2788 3720/11152/2788
f 3715/11153/2789 3713/11154/2789 3717/11155/2789 3719/11156/2789
f 3718/11157/2790 3714/11158/2790 3716/11159/2790 3720/11160/2790
