g arbok_model
v -0.661755 7.759763 0.1061498
v -0.661755 7.121599 -0.5619286
v -0.661755 7.433692 -0.5619286
v -0.661755 7.02217 0.1061498
v -0.5394461 7.02217 0.1961855
v -0.5394461 7.759763 0.1961855
v -0.4801297 7.845012 0.1266765
v -0.5922462 7.845012 0.0441439
v -0.661755 7.759763 -1.305996
v -0.5922462 7.845012 -1.24399
v -0.5394461 7.759763 -1.396031
v -0.4801297 7.845012 -1.326522
v 1.488311E-16 7.759763 -1.396031
v 0.4801297 7.845012 -1.326522
v 0.5394461 7.759763 -1.396031
v 0.5922462 7.845012 -1.24399
v 0.5394461 7.759763 0.1961855
v 0.4801297 7.845012 0.1266765
v 0.661755 7.759763 0.1061498
v 0.5922462 7.845012 0.0441439
v 0.661755 7.759763 -1.305996
v 0.5394461 7.02217 0.1961855
v 0.661755 7.02217 0.1061498
v -0.1125117 7.56989 -1.396031
v -0.1466603 7.56989 -1.396031
v -0.1466603 7.479093 -1.396031
v -0.1125117 7.479093 -1.396031
v 1.488311E-16 7.433692 -1.396031
v -0.5394461 7.433692 -1.396031
v -0.661755 7.433692 -1.305996
v 0.1125117 7.56989 -1.396031
v 0.1125117 7.479093 -1.396031
v 0.1466603 7.56989 -1.396031
v 0.1466603 7.479093 -1.396031
v 0.5394461 7.433692 -1.396031
v -0.5263374 7.433692 -1.305996
v 0.5263374 7.433692 -1.305996
v -0.577536 7.433692 -1.26136
v -0.577536 7.433692 -0.5619286
v -0.661755 7.433692 -0.5619286
v -0.661755 7.759763 0.1061498
v -0.661755 7.121599 -0.5619286
v -0.577536 7.121599 -0.5619286
v 0.661755 7.433692 -1.305996
v 0.577536 7.433692 -1.26136
v 0.577536 7.433692 -0.5619286
v 0.661755 7.433692 -0.5619286
v 0.661755 7.759763 0.1061498
v 0.577536 7.121599 -0.5619286
v 0.661755 7.02217 0.1061498
v 0.661755 7.121599 -0.5619286
v 0.661755 7.02217 -1.098805
v 0.661755 7.121599 -1.098805
v 0.5394461 7.02217 -1.188838
v 0.5394461 7.121599 -1.188838
v -0.5394461 7.121599 -1.188838
v 0.4919929 6.960134 -1.133233
v 0.606148 6.960134 -1.049201
v -0.5394461 7.02217 -1.188838
v -0.661755 7.121599 -1.098805
v -0.4919929 6.960134 -1.133233
v -0.661755 7.02217 -1.098805
v -0.606148 6.960134 -1.049201
v 0.606148 6.960134 0.05654514
v -0.606148 6.960134 0.05654514
v -0.606148 6.960134 -1.049201
v -0.661755 7.02217 -1.098805
v -0.4919929 6.960134 0.1405783
v 0.4919929 6.960134 0.1405783
v 0.606148 6.960134 -1.049201
v 0.661755 7.02217 -1.098805
v -1.674827 3.724004 -0.7084254
v -1.674827 6.967762 0.1728326
v -1.674827 3.724004 0.1728326
v -1.674827 6.967762 -0.7084254
v -1.546719 6.96915 -0.8196357
v -1.592401 7.083233 -0.6181848
v -1.592401 7.083233 0.08259223
v -1.674827 6.967762 0.1728326
v -1.470598 7.083233 -0.7182743
v -1.470598 7.083233 0.1826814
v -1.546719 6.967762 0.2840429
v 1.470598 7.083233 0.1826814
v 1.546719 6.96915 -0.8196357
v 1.470598 7.083233 -0.7182743
v -1.546719 3.724004 0.2840429
v -1.674827 3.724004 0.1728326
v 1.546719 6.967762 0.2840429
v 1.592401 7.083233 0.08259223
v 1.546719 3.724004 0.2840429
v 1.674827 6.967762 0.1728326
v 1.592401 7.083233 -0.6181848
v 1.674827 6.967762 -0.7084254
v 1.674827 3.724004 0.1728326
v 1.470598 3.606247 0.1826814
v 1.592401 3.606247 0.08259223
v -1.470598 3.606247 0.1826814
v 1.674827 3.724004 -0.7084254
v 1.592401 3.606247 -0.6181848
v 1.674827 3.724004 0.1728326
v 1.674827 6.967762 0.1728326
v -1.592401 3.606247 0.08259223
v -1.470598 3.606247 -0.7182743
v 1.546719 3.724665 -0.8196357
v -1.592401 3.606247 -0.6181848
v -1.546719 3.724665 -0.8196357
v 1.470598 3.606247 -0.7182743
v 1.470598 3.606247 0.1826814
v 1.592401 3.606247 0.08259223
v -1.470598 3.606247 0.1826814
v -1.470598 7.083233 0.1826814
v -1.592401 7.083233 0.08259223
v -1.592401 7.083233 -0.6181848
v -1.470598 7.083233 -0.7182743
v 1.470598 7.083233 -0.7182743
v 1.470598 7.083233 0.1826814
v 1.592401 7.083233 0.08259223
v 1.592401 7.083233 -0.6181848
v -0.14769 7.192858 -1.352256
v -0.14769 7.245183 -1.303105
v -0.14769 7.112566 -1.222813
v 0.14769 7.245183 -1.303105
v -0.14769 7.245183 -0.5433633
v -0.14769 7.112566 -0.5433633
v 0.14769 7.245183 -0.5433633
v -0.14769 7.112566 -1.222813
v 0.14769 7.112566 -0.5433633
v 0.14769 7.112566 -1.222813
v 0.14769 7.192858 -1.352256
v 0.14769 7.112566 -1.222813
v -0.14769 5.686406 -1.222813
v -0.14769 5.755701 -1.352256
v 0.14769 5.755701 -1.352256
v 0.14769 5.686406 -1.222813
v 0.14769 5.63396 -1.27501
v 0.14769 5.755701 -1.352256
v -0.14769 5.63396 -1.27501
v -0.14769 5.755701 -1.352256
v -0.03728395 5.63396 -1.54904
v -0.14769 5.63396 -1.762172
v 0.03656105 5.63396 -1.54904
v 0.14769 5.63396 -1.762172
v 0.03656105 5.755701 -1.54904
v 0.14769 5.755701 -1.762172
v 0.14769 5.63396 -1.27501
v 0.14769 5.63396 -1.762172
v 0.03656105 5.63396 -1.762172
v 0.03656105 5.63396 -1.54904
v 0.03656105 5.755701 -1.762172
v -0.03728395 5.63396 -1.54904
v -0.03728395 5.755701 -1.54904
v -0.14769 5.755701 -1.762172
v -0.14769 5.63396 -1.27501
v -0.14769 5.63396 -1.762172
v -0.03728395 5.63396 -1.762172
v -0.03728395 5.755701 -1.762172
v -0.3753068 7.318233 -1.331169
v -0.3753068 7.438715 -1.331169
v -0.4802757 7.438715 -1.331169
v -0.4802757 7.318233 -1.331169
v -0.4802757 7.438715 -1.230966
v -0.4802757 7.318233 -1.331169
v -0.4802757 7.438715 -1.331169
v -0.4802757 7.318233 -1.230966
v -0.3753068 7.438715 -1.230966
v -0.3753068 7.318233 -1.230966
v -0.3753068 7.318233 -1.331169
v -0.3753068 7.438715 -1.331169
v -0.4873467 7.188395 -0.7077855
v -0.4873467 7.117469 -0.7077855
v -0.5836142 7.117469 -0.7077855
v -0.5836142 7.188395 -0.7077855
v -0.5836142 7.117469 -1.10306
v -0.5836142 7.188395 -0.7077855
v -0.5836142 7.117469 -0.7077855
v -0.5836142 7.188395 -1.10306
v -0.4873467 7.117469 -1.10306
v -0.4873467 7.188395 -1.10306
v -0.4873467 7.188395 -0.7077855
v -0.4873467 7.117469 -0.7077855
v 0.3753068 7.318233 -1.331169
v 0.4802757 7.318233 -1.331169
v 0.4802757 7.438715 -1.331169
v 0.3753068 7.438715 -1.331169
v 0.4802757 7.438715 -1.230966
v 0.4802757 7.438715 -1.331169
v 0.4802757 7.318233 -1.331169
v 0.4802757 7.318233 -1.230966
v 0.3753068 7.438715 -1.230966
v 0.3753068 7.318233 -1.230966
v 0.3753068 7.318233 -1.331169
v 0.3753068 7.438715 -1.331169
v 0.4873467 7.188395 -0.7077855
v 0.5836142 7.188395 -0.7077855
v 0.5836142 7.117469 -0.7077855
v 0.4873467 7.117469 -0.7077855
v 0.5836142 7.117469 -1.10306
v 0.5836142 7.117469 -0.7077855
v 0.5836142 7.188395 -0.7077855
v 0.5836142 7.188395 -1.10306
v 0.4873467 7.117469 -1.10306
v 0.4873467 7.188395 -1.10306
v 0.4873467 7.188395 -0.7077855
v 0.4873467 7.117469 -0.7077855
v 0.577536 7.121599 -1.05417
v 0.661755 7.121599 -0.5619286
v 0.577536 7.121599 -0.5619286
v 0.661755 7.121599 -1.098805
v 0.5394461 7.121599 -1.188838
v 0.5263374 7.121599 -1.098805
v -0.5394461 7.121599 -1.188838
v -0.5263374 7.121599 -1.098805
v -0.577536 7.121599 -1.05417
v -0.661755 7.121599 -1.098805
v -0.577536 7.121599 -0.5619286
v -0.661755 7.121599 -0.5619286
v -0.4801297 7.845012 -1.326522
v 0.4801297 7.845012 -1.326522
v 0.5922462 7.845012 -1.24399
v -0.5922462 7.845012 -1.24399
v -0.5922462 7.845012 0.0441439
v 0.5922462 7.845012 0.0441439
v -0.4801297 7.845012 0.1266765
v 0.4801297 7.845012 0.1266765
v -0.577536 7.121599 -1.05417
v -0.5263374 7.121599 -1.098805
v 0.5263374 7.121599 -1.098805
v 0.577536 7.121599 -1.05417
v -0.577536 7.121599 -0.5619286
v 0.577536 7.121599 -0.5619286
v -0.577536 7.433692 -0.5619286
v 0.577536 7.433692 -0.5619286
v -0.577536 7.433692 -1.26136
v 0.577536 7.433692 -1.26136
v -0.5263374 7.433692 -1.305996
v 0.5263374 7.433692 -1.305996
v 0.4562086 5.331307 -0.8577713
v 0.9427227 5.331307 -0.8577713
v 0.9427227 5.707129 -0.8577713
v 0.4562086 5.707129 -0.8577713
v 0.7380656 5.839457 -0.8577713
v 1.093477 6.236361 -0.8577713
v 0.7380655 6.236361 -0.8577713
v 0.9427227 5.707129 -0.8577713
v 1.093477 5.198977 -0.8577713
v 0.3064801 5.839457 -0.8577713
v 0.9427227 5.331307 -0.8577713
v 0.4562086 5.707129 -0.8577713
v 0.3064801 5.198977 -0.8577713
v 0.4562086 5.331307 -0.8577713
v -0.4562086 5.331307 -0.8577713
v -0.4562086 5.707129 -0.8577713
v -0.9427227 5.707129 -0.8577713
v -0.9427227 5.331307 -0.8577713
v -0.7380656 5.839457 -0.8577713
v -0.7380655 6.236361 -0.8577713
v -1.093477 6.236361 -0.8577713
v -0.9427227 5.707129 -0.8577713
v -1.093477 5.198977 -0.8577713
v -0.3064801 5.839457 -0.8577713
v -0.9427227 5.331307 -0.8577713
v -0.4562086 5.707129 -0.8577713
v -0.3064801 5.198977 -0.8577713
v -0.4562086 5.331307 -0.8577713
v -0.2773178 7.210931 -1.051532
v -0.2773178 7.113853 -1.051532
v -0.3743978 7.113853 -1.051532
v -0.3743978 7.210931 -1.051532
v -0.3743978 7.113853 -1.148611
v -0.3743978 7.210931 -1.051532
v -0.3743978 7.113853 -1.051532
v -0.3743978 7.210931 -1.148611
v -0.2773178 7.113853 -1.148611
v -0.2773178 7.210931 -1.148611
v -0.2773178 7.210931 -1.051532
v -0.2773178 7.113853 -1.051532
v 0.2773178 7.210931 -1.051532
v 0.3743978 7.210931 -1.051532
v 0.3743978 7.113853 -1.051532
v 0.2773178 7.113853 -1.051532
v 0.3743978 7.113853 -1.148611
v 0.3743978 7.113853 -1.051532
v 0.3743978 7.210931 -1.051532
v 0.3743978 7.210931 -1.148611
v 0.2773178 7.113853 -1.148611
v 0.2773178 7.210931 -1.148611
v 0.2773178 7.210931 -1.051532
v 0.2773178 7.113853 -1.051532
v -0.6346182 5.255057 0.2367145
v -0.5665981 5.255057 0.1708559
v 0.5665981 5.255057 0.1708559
v 0.6346182 5.255057 0.2367145
v -0.6346182 5.255057 1.080264
v 0.6346182 5.255057 1.080264
v -0.5665981 5.255057 1.146123
v 0.5665981 5.255057 1.146123
v -0.7466096 1.693571 0.168451
v -0.7466096 2.537448 1.148528
v -0.7466096 1.693571 1.148528
v -0.7466095 2.537448 0.168451
v -0.666586 2.537448 0.09097038
v -0.666586 1.693571 0.09097038
v 0.666586 2.537448 0.09097038
v -0.5999274 1.626564 0.1442274
v -0.6719488 1.626564 0.21396
v -0.7466096 1.693571 1.148528
v 0.666586 1.693571 0.09097038
v 0.5999274 1.626564 0.1442274
v 0.6719488 1.626564 0.21396
v 0.7466096 1.693571 0.168451
v 0.7466095 2.537448 0.168451
v 0.7466096 2.537448 1.148528
v 0.7466096 1.693571 1.148528
v 0.6719488 1.626564 1.103019
v 0.6719488 1.626564 1.103019
v -0.6719488 1.626564 1.103019
v 0.5999274 1.626564 1.172752
v 0.7466096 1.693571 1.148528
v 0.666586 1.693571 1.226008
v 0.7466096 2.537448 1.148528
v 0.666586 2.537448 1.226008
v -0.5999274 1.626564 1.172752
v -0.666586 1.693571 1.226008
v -0.666586 2.537448 1.226008
v -0.7466096 2.537448 1.148528
v 0.7466096 5.174184 0.168451
v 0.6346182 5.255057 0.2367145
v 0.5665981 5.255057 0.1708559
v 0.666586 5.174184 0.09097038
v 0.7466096 3.921785 0.168451
v -0.5665981 5.255057 0.1708559
v 0.666586 3.921785 0.09097038
v -0.666586 5.174184 0.09097038
v -0.6346182 5.255057 0.2367145
v -0.666586 3.921785 0.09097038
v -0.7466096 5.174184 0.168451
v -0.7466096 3.921785 0.168451
v -0.7466096 5.174184 0.168451
v -0.6346182 5.255057 0.2367145
v -0.6346182 5.255057 1.080264
v -0.7466096 5.174184 1.148528
v -0.7466096 3.921785 0.168451
v -0.7466096 3.921785 1.148528
v -0.5665981 5.255057 1.146123
v -0.666586 3.921785 1.226008
v -0.666586 5.174184 1.226008
v 0.5665981 5.255057 1.146123
v 0.666586 3.921785 1.226008
v 0.666586 5.174184 1.226008
v 0.6346182 5.255057 1.080264
v 0.7466096 5.174184 1.148528
v 0.6346182 5.255057 0.2367145
v 0.7466096 3.921785 1.148528
v 0.7466096 5.174184 0.168451
v 0.7466096 3.921785 0.168451
v 0.7466096 3.737245 0.168451
v 0.7466096 3.921785 0.168451
v 0.666586 3.921785 0.09097038
v 0.666586 3.737245 0.09097038
v -0.666586 3.921785 0.09097038
v -0.666586 3.737245 0.09097038
v -0.7466096 3.921785 0.168451
v -0.7466096 3.737245 0.168451
v 0.7466096 3.737245 1.148528
v 0.7466096 3.921785 0.168451
v 0.7466096 3.921785 1.148528
v 0.666586 3.737245 1.226008
v 0.666586 3.921785 1.226008
v -0.666586 3.737245 1.226008
v -0.666586 3.921785 1.226008
v -0.7466096 3.737245 1.148528
v -0.7466096 3.921785 1.148528
v -0.7466096 3.737245 0.168451
v -0.7466096 3.921785 0.168451
v 0.7466096 2.718749 0.168451
v 0.7466096 3.737245 0.168451
v 0.666586 3.737245 0.09097038
v 0.666586 2.718749 0.09097038
v -0.666586 3.737245 0.09097038
v -0.666586 2.718749 0.09097038
v -0.7466096 3.737245 0.168451
v -0.7466096 2.718749 0.168451
v -0.7466096 2.718749 0.168451
v -0.7466096 3.737245 0.168451
v -0.7466096 3.737245 1.148528
v -0.7466096 2.718749 1.148528
v -0.666586 3.737245 1.226008
v -0.666586 2.718749 1.226008
v 0.666586 3.737245 1.226008
v 0.666586 2.718749 1.226008
v 0.7466096 3.737245 1.148528
v 0.7466096 2.718749 1.148528
v 0.7466096 3.737245 0.168451
v 0.7466096 2.718749 0.168451
v 0.7466096 2.718749 1.148528
v 0.7466096 2.537448 1.148528
v 0.666586 2.537448 1.226008
v 0.666586 2.718749 1.226008
v -0.666586 2.537448 1.226008
v -0.666586 2.718749 1.226008
v -0.7466096 2.537448 1.148528
v -0.7466096 2.718749 1.148528
v -0.7466095 2.537448 0.168451
v -0.7466096 2.718749 1.148528
v -0.7466096 2.537448 1.148528
v -0.7466096 2.718749 0.168451
v -0.666586 2.537448 0.09097038
v -0.666586 2.718749 0.09097038
v 0.666586 2.537448 0.09097038
v 0.666586 2.718749 0.09097038
v 0.7466095 2.537448 0.168451
v 0.7466096 2.718749 0.168451
v 0.7466096 2.537448 1.148528
v 0.7466096 2.718749 1.148528
v -0.3865413 2.536318 -0.7907072
v -0.3212715 2.536318 -0.8565657
v 0.3212715 2.536318 -0.8565657
v 0.3865413 2.536318 -0.7907072
v -0.3865413 2.536318 0.1020764
v 0.3865413 2.536318 0.1020764
v -0.3212715 2.536318 0.167935
v 0.3212715 2.536318 0.167935
v -0.4547544 0.08070724 -0.8589706
v -0.4547544 0.5981053 0.1703397
v -0.4547544 0.08070724 0.1703397
v -0.4547544 0.5981053 -0.8589706
v -0.3779665 0.5981053 -0.9364511
v -0.3779665 0.08070724 -0.9364511
v 0.3779665 0.5981053 -0.9364511
v -0.3401698 0.01369919 -0.8831941
v -0.409279 0.01369919 -0.8134617
v -0.4547544 0.08070724 0.1703397
v 0.3779665 0.08070724 -0.9364511
v 0.3401698 0.01369919 -0.8831941
v 0.409279 0.01369919 -0.8134617
v 0.4547544 0.08070724 -0.8589706
v 0.4547544 0.5981053 -0.8589706
v 0.4547544 0.5981053 0.1703397
v 0.4547544 0.08070724 0.1703397
v 0.409279 0.01369919 0.1248308
v 0.409279 0.01369919 0.1248308
v -0.409279 0.01369919 0.1248308
v 0.3401698 0.01369919 0.1945636
v 0.4547544 0.08070724 0.1703397
v 0.3779665 0.08070724 0.2478205
v 0.4547544 0.5981053 0.1703397
v 0.3779665 0.5981053 0.2478205
v -0.3401698 0.01369919 0.1945636
v -0.3779665 0.08070724 0.2478205
v -0.3779665 0.5981053 0.2478205
v -0.4547544 0.5981053 0.1703397
v 0.4547544 2.455442 -0.8589706
v 0.3865413 2.536318 -0.7907072
v 0.3212715 2.536318 -0.8565657
v 0.3779665 2.455442 -0.9364511
v 0.4547544 1.585336 -0.8589706
v -0.3212715 2.536318 -0.8565657
v 0.3779665 1.585336 -0.9364511
v -0.3779665 2.455442 -0.9364511
v -0.3865413 2.536318 -0.7907072
v -0.3779665 1.585336 -0.9364511
v -0.4547544 2.455442 -0.8589706
v -0.4547544 1.585336 -0.8589706
v -0.4547544 2.455442 -0.8589706
v -0.3865413 2.536318 -0.7907072
v -0.3865413 2.536318 0.1020764
v -0.4547544 2.455442 0.1703397
v -0.4547544 1.585336 -0.8589706
v -0.4547544 1.585336 0.1703397
v -0.3212715 2.536318 0.167935
v -0.3779665 1.585336 0.2478205
v -0.3779665 2.455442 0.2478205
v 0.3212715 2.536318 0.167935
v 0.3779665 1.585336 0.2478205
v 0.3779665 2.455442 0.2478205
v 0.3865413 2.536318 0.1020764
v 0.4547544 2.455442 0.1703397
v 0.3865413 2.536318 -0.7907072
v 0.4547544 1.585336 0.1703397
v 0.4547544 2.455442 -0.8589706
v 0.4547544 1.585336 -0.8589706
v 0.4547544 1.585336 0.1703397
v 0.4547544 1.460336 0.1703397
v 0.3779665 1.460336 0.2478205
v 0.3779665 1.585336 0.2478205
v -0.3779665 1.460336 0.2478205
v -0.3779665 1.585336 0.2478205
v -0.4547544 1.460336 0.1703397
v -0.4547544 1.585336 0.1703397
v -0.4547544 1.460336 -0.8589706
v -0.4547544 1.585336 -0.8589706
v 0.4547544 1.460336 0.1703397
v 0.4547544 1.585336 -0.8589706
v 0.4547544 1.460336 -0.8589706
v 0.3779665 1.585336 -0.9364511
v 0.3779665 1.460336 -0.9364511
v -0.3779665 1.585336 -0.9364511
v -0.3779665 1.460336 -0.9364511
v -0.4547544 1.585336 -0.8589706
v -0.4547544 1.460336 -0.8589706
v 0.4547544 1.460336 0.1703397
v 0.4547544 0.7231051 0.1703397
v 0.3779665 0.7231051 0.2478205
v 0.3779665 1.460336 0.2478205
v -0.3779665 0.7231051 0.2478205
v -0.3779665 1.460336 0.2478205
v -0.4547544 0.7231051 0.1703397
v -0.4547544 1.460336 0.1703397
v -0.4547544 0.5981053 -0.8589706
v -0.4547544 0.7231051 0.1703397
v -0.4547544 0.5981053 0.1703397
v -0.4547544 0.7231051 -0.8589706
v -0.3779665 0.5981053 -0.9364511
v -0.3779665 0.7231051 -0.936451
v 0.3779665 0.5981053 -0.9364511
v 0.3779665 0.7231051 -0.936451
v 0.4547544 0.5981053 -0.8589706
v 0.4547544 0.7231051 -0.8589706
v 0.4547544 0.5981053 0.1703397
v 0.4547544 0.7231051 0.1703397
v 0.3779665 0.5981053 0.2478205
v 0.3779665 0.7231051 0.2478205
v -0.3779665 0.5981053 0.2478205
v -0.3779665 0.7231051 0.2478205
v -0.4547544 0.5981053 0.1703397
v -0.4547544 0.7231051 0.1703397
v -0.4547544 0.7231051 -0.8589706
v -0.4547544 1.460336 -0.8589706
v -0.4547544 1.460336 0.1703397
v -0.4547544 0.7231051 0.1703397
v 0.4547544 0.7231051 0.1703397
v 0.4547544 1.460336 0.1703397
v 0.4547544 1.460336 -0.8589706
v 0.4547544 0.7231051 -0.8589706
v 0.3779665 1.460336 -0.9364511
v 0.3779665 0.7231051 -0.936451
v -0.3779665 1.460336 -0.9364511
v -0.3779665 0.7231051 -0.936451
v -0.4547544 1.460336 -0.8589706
v -0.4547544 0.7231051 -0.8589706
v -0.2692323 0.4767396 0.05773551
v -0.2288474 0.5576143 0.05773551
v -0.2288474 0.5576143 0.7789834
v -0.2692323 0.4767396 0.8288073
v -0.2692323 0.0938871 0.05773551
v -0.1902052 0.5576143 0.8270521
v -0.2692323 0.0938871 0.8288073
v -0.242309 0.02687927 0.05773551
v -0.2237708 0.4767396 0.8853588
v 0.1902052 0.5576143 0.8270521
v -0.2237708 0.0938871 0.8853588
v -0.242309 0.02687927 0.7955912
v 0.2237708 0.4767396 0.8853588
v 0.2288474 0.5576143 0.7789834
v 0.2237708 0.0938871 0.8853588
v 0.2692323 0.4767396 0.8288073
v 0.2288474 0.5576143 0.05773551
v 0.2692323 0.4767396 0.05773551
v 0.2692323 0.0938871 0.05773551
v 0.2692323 0.0938871 0.8288073
v -0.2013937 0.02687927 0.8464877
v 0.2013937 0.02687927 0.8464877
v 0.242309 0.02687927 0.7955912
v 0.242309 0.02687927 0.05773551
v -0.1902052 0.5576143 0.8270521
v 0.2288474 0.5576143 0.7789834
v 0.1902052 0.5576143 0.8270521
v -0.2288474 0.5576143 0.7789834
v 0.2288474 0.5576143 0.05773551
v -0.2288474 0.5576143 0.05773551
v -0.461914 0.9868146 0.03544951
v -0.461914 0.9868146 -0.3097339
v -0.461914 1.331998 -0.3097339
v -0.461914 1.331998 0.03544951
v -0.461914 0.8582397 -0.4855456
v -0.461914 0.8582397 -0.6709562
v -0.461914 1.04365 -0.6709562
v -0.461914 1.04365 -0.4855456
v -0.461914 0.2582077 -0.1687666
v -0.461914 0.2582077 -0.3541771
v -0.461914 0.4436183 -0.3541771
v -0.461914 0.4436183 -0.1687666
v -0.461914 2.095702 -0.1020645
v -0.461914 2.095702 -0.287475
v -0.461914 2.281113 -0.287475
v -0.461914 2.281113 -0.1020645
v -0.461914 1.85885 -0.3816755
v -0.461914 1.85885 -0.726859
v -0.461914 2.204033 -0.726859
v -0.461914 2.204033 -0.3816755
v -0.2802382 0.1577783 0.5655783
v -0.2802382 0.1577783 0.3801678
v -0.2802382 0.3431889 0.3801678
v -0.2802382 0.3431889 0.5655783
v -0.752424 1.948405 0.8781313
v -0.752424 1.948405 0.6815929
v -0.752424 2.144943 0.6815929
v -0.752424 2.144943 0.8781313
v -0.752424 3.263788 0.5975245
v -0.752424 3.263788 0.4009863
v -0.752424 3.460327 0.4009863
v -0.752424 3.460327 0.5975245
v -0.752424 2.914569 0.71858
v -0.752424 2.914569 0.5220416
v -0.752424 3.111107 0.5220416
v -0.752424 3.111107 0.71858
v -0.752424 4.381512 1.079235
v -0.752424 4.381512 0.7530298
v -0.752424 4.707716 0.7530298
v -0.752424 4.707716 1.079235
v -0.752424 4.829162 0.6023454
v -0.752424 4.829162 0.4058071
v -0.752424 5.0257 0.4058071
v -0.752424 5.0257 0.6023454
v 0.461914 2.184062 -0.6024859
v 0.461914 2.184062 -0.4170753
v 0.461914 2.369473 -0.4170753
v 0.461914 2.369473 -0.6024859
v 0.461914 0.8548812 -0.2356174
v 0.461914 0.8548812 -0.05020691
v 0.461914 1.040292 -0.05020691
v 0.461914 1.040292 -0.2356174
v 0.461914 0.1776186 -0.7507278
v 0.461914 0.1776186 -0.4055443
v 0.461914 0.5228021 -0.4055443
v 0.461914 0.5228021 -0.7507278
v 0.461914 1.689318 -0.503835
v 0.461914 1.689318 -0.1586515
v 0.461914 2.034501 -0.1586515
v 0.461914 2.034501 -0.503835
v 0.2802382 0.1340303 0.322912
v 0.2802382 0.1340303 0.5083225
v 0.2802382 0.3194408 0.5083225
v 0.2802382 0.3194408 0.322912
v 0.752424 2.044061 0.3947555
v 0.752424 2.044061 0.5912939
v 0.752424 2.240599 0.5912939
v 0.752424 2.240599 0.3947555
v 0.752424 4.108279 0.7957347
v 0.752424 4.108279 0.992273
v 0.752424 4.304818 0.992273
v 0.752424 4.304818 0.7957347
v 0.752424 4.621545 0.5332247
v 0.752424 4.621545 0.729763
v 0.752424 4.818083 0.729763
v 0.752424 4.818083 0.5332247
v 0.752424 2.848487 0.4114284
v 0.752424 2.848487 0.7376333
v 0.752424 3.174692 0.7376333
v 0.752424 3.174692 0.4114284
v 0.07935157 2.867661 1.230742
v -0.2468534 2.867661 1.230742
v -0.2468534 3.193866 1.230742
v 0.07935157 3.193866 1.230742
v 0.4229242 1.997783 1.230742
v 0.2232343 1.997783 1.230742
v 0.2232343 2.197473 1.230742
v 0.4229242 2.197473 1.230742
v 0.2200011 4.206399 1.230742
v 0.02031116 4.206399 1.230742
v 0.02031116 4.406089 1.230742
v 0.2200011 4.406089 1.230742
v -0.1189713 4.693841 1.230742
v -0.4457973 4.693841 1.230742
v -0.4457973 5.020667 1.230742
v -0.1189713 5.020667 1.230742
v -0.03031033 0.9579946 0.2522924
v -0.2157209 0.9579946 0.2522924
v -0.2157209 1.143405 0.2522924
v -0.03031033 1.143405 0.2522924
v -0.1972584 6.188091 0.2916504
v -0.5240844 6.188091 0.2916504
v -0.5240844 6.514917 0.2916504
v -0.1972584 6.514917 0.2916504
v 1.181931 5.823988 0.2916504
v 0.855105 5.823988 0.2916504
v 0.855105 6.150814 0.2916504
v 1.181931 6.150814 0.2916504
v 0.6706294 5.672256 0.2916504
v 0.504552 5.672256 0.2916504
v 0.504552 5.838334 0.2916504
v 0.6706294 5.838334 0.2916504
v -1.211819 4.280143 0.2916504
v -1.395685 4.280143 0.2916504
v -1.395685 4.464009 0.2916504
v -1.211819 4.464009 0.2916504
v 1.348202 5.301326 0.2916504
v 1.164336 5.301326 0.2916504
v 1.164336 5.485191 0.2916504
v 1.348202 5.485191 0.2916504
v -0.8082296 7.087131 0.07138092
v -1.057085 7.087131 0.07138092
v -1.057085 7.087131 -0.1774744
v -0.8082296 7.087131 -0.1774744
v -1.185202 7.087131 -0.3596347
v -1.349329 7.087131 -0.3596347
v -1.349329 7.087131 -0.523762
v -1.185202 7.087131 -0.523762
v 1.373055 7.087131 0.0197435
v 1.208928 7.087131 0.0197435
v 1.208928 7.087131 -0.1443838
v 1.373055 7.087131 -0.1443838
v 1.041097 7.087131 -0.1082788
v 0.8057256 7.087131 -0.1082788
v 0.8057256 7.087131 -0.3436499
v 1.041097 7.087131 -0.3436499
v -0.06568038 7.853506 -0.7976987
v -0.3633652 7.853506 -0.7976987
v -0.3633652 7.853506 -1.095383
v -0.06568038 7.853506 -1.095383
v 0.3366206 7.853506 -0.6319137
v 0.1681884 7.853506 -0.6319137
v 0.1681884 7.853506 -0.8003459
v 0.3366206 7.853506 -0.8003459
v 0.04031189 7.853506 -0.1030562
v -0.1281203 7.853506 -0.1030562
v -0.1281203 7.853506 -0.2714883
v 0.04031189 7.853506 -0.2714883
v -0.106535 5.262074 0.8205481
v -0.3553903 5.262074 0.8205481
v -0.3553903 5.262074 0.5716928
v -0.106535 5.262074 0.5716928
v 1.676483 4.144642 -0.5164124
v 1.676483 4.144642 -0.3198741
v 1.676483 4.341181 -0.3198741
v 1.676483 4.341181 -0.5164124
v 1.676483 6.208412 -0.229975
v 1.676483 6.208412 0.05294584
v 1.676483 6.491333 0.05294584
v 1.676483 6.491333 -0.229975
v 1.676483 5.65284 -0.4067062
v 1.676483 5.65284 -0.210168
v 1.676483 5.849379 -0.210168
v 1.676483 5.849379 -0.4067062
v -1.676483 6.238443 -0.1387375
v -1.676483 6.238443 -0.3352758
v -1.676483 6.434983 -0.3352758
v -1.676483 6.434983 -0.1387375
v -1.676483 4.392002 -0.2999933
v -1.676483 4.392002 -0.4965315
v -1.676483 4.588541 -0.4965315
v -1.676483 4.588541 -0.2999933
v -1.676483 3.947632 -0.009147167
v -1.676483 3.947632 -0.292068
v -1.676483 4.230553 -0.292068
v -1.676483 4.230553 -0.009147167
v 0.0232063 2.108122 -0.941648
v 0.2086168 2.108122 -0.941648
v 0.2086168 2.293533 -0.941648
v 0.0232063 2.293533 -0.941648
v -0.1921653 0.9744511 -0.941648
v -0.00675478 0.9744511 -0.941648
v -0.00675478 1.159862 -0.941648
v -0.1921653 1.159862 -0.941648
v -0.160725 0.207108 -0.941648
v 0.02468557 0.207108 -0.941648
v 0.02468557 0.3925186 -0.941648
v -0.160725 0.3925186 -0.941648
v -0.3844282 2.830943 0.08718624
v -0.1990176 2.830943 0.08718624
v -0.1990176 3.016353 0.08718624
v -0.3844282 3.016353 0.08718624
v 0.1846502 3.150145 0.0871862
v 0.4731896 3.150145 0.0871862
v 0.4731896 3.438684 0.0871862
v 0.1846502 3.438684 0.0871862
v -0.7217945 7.421581 -0.1369893
v -0.6470212 7.752577 -0.1369893
v -0.6470212 7.421581 -0.1369893
v -0.7217945 7.752577 -0.1369893
v -0.7217945 7.421581 -0.4679854
v -0.7217945 7.752577 -0.4679854
v -0.6470212 7.752577 -0.4679854
v -0.7217945 7.752577 -0.4679854
v -0.6470212 7.421581 -0.4679854
v -0.7217945 7.421581 -0.4679854
v -0.6470212 7.421581 -0.1369893
v -0.7217945 7.421581 -0.1369893
v -0.7522471 7.523781 -0.2649048
v -0.7151673 7.650378 -0.2649048
v -0.7151673 7.523781 -0.2649048
v -0.7522471 7.650378 -0.2649048
v -0.7522471 7.523781 -0.3915018
v -0.7522471 7.650378 -0.3915018
v -0.7151673 7.650378 -0.3915018
v -0.7522471 7.650378 -0.3915018
v -0.7151673 7.523781 -0.3915018
v -0.7522471 7.523781 -0.3915018
v -0.7151673 7.523781 -0.2649048
v -0.7522471 7.523781 -0.2649048
v 0.7217945 7.421581 -0.1369893
v 0.6470212 7.421581 -0.1369893
v 0.6470212 7.752577 -0.1369893
v 0.7217945 7.752577 -0.1369893
v 0.7217945 7.421581 -0.4679854
v 0.7217945 7.752577 -0.4679854
v 0.6470212 7.752577 -0.4679854
v 0.7217945 7.752577 -0.4679854
v 0.6470212 7.421581 -0.4679854
v 0.7217945 7.421581 -0.4679854
v 0.6470212 7.421581 -0.1369893
v 0.7217945 7.421581 -0.1369893
v 0.7522471 7.572261 -0.2649048
v 0.7151673 7.572261 -0.2649048
v 0.7151673 7.698858 -0.2649048
v 0.7522471 7.698858 -0.2649048
v 0.7522471 7.572261 -0.3915018
v 0.7522471 7.698858 -0.3915018
v 0.7151673 7.698858 -0.3915018
v 0.7522471 7.698858 -0.3915018
v 0.7151673 7.572261 -0.3915018
v 0.7522471 7.572261 -0.3915018
v 0.7151673 7.572261 -0.2649048
v 0.7522471 7.572261 -0.2649048
v 0.1647892 5.961509 -0.8577713
v 0.5938934 5.961509 -0.8015958
v 0.1647892 5.961509 -0.8015958
v 0.1647892 5.081731 -0.8015958
v 0.5938934 5.961509 -0.8577713
v 0.5938934 6.391321 -0.8577713
v 0.5938934 6.391321 -0.8015958
v 1.2408 6.391321 -0.8577713
v 1.2408 6.391321 -0.8015958
v 1.2408 5.081731 -0.8015958
v 1.2408 5.081731 -0.8577713
v 0.1647892 5.081731 -0.8577713
v 1.093477 5.198977 -0.8577713
v 0.3064801 5.198977 -0.8577713
v 1.093477 6.236361 -0.8577713
v 0.3064801 5.839457 -0.8577713
v 0.7380655 6.236361 -0.8577713
v 0.7380656 5.839457 -0.8577713
v 0.1287482 6.979021 -0.8011522
v 0.1287482 6.979021 -1.030867
v 0.1287482 6.925457 -1.030867
v -0.1287482 6.979021 -1.030867
v 0.1287482 6.925457 -0.8581377
v 0.1287482 6.287004 -0.8011522
v -0.1287482 6.925457 -1.030867
v -0.1287482 6.979021 -0.8011522
v -0.1287482 6.925457 -0.8581377
v -0.1287482 6.287004 -0.8011522
v -0.1287482 6.287004 -0.8581377
v 0.1287482 6.287004 -0.8581377
v 0.4540888 6.10412 -0.8581377
v 0.2850577 6.287004 -0.8581377
v 0.2850577 6.287004 -0.8011522
v -0.2850577 6.287004 -0.8581377
v -0.2850577 6.287004 -0.8011522
v 0.2850577 6.568504 -0.8581377
v 0.2850577 6.568504 -0.8011522
v 0.4540888 6.568504 -0.8581377
v 0.4540888 6.568504 -0.8011522
v 0.4540888 6.10412 -0.8011522
v -0.4540888 6.10412 -0.8011522
v -0.4540888 6.10412 -0.8581377
v -0.4540888 6.568504 -0.8011522
v -0.4540888 6.568504 -0.8581377
v -0.2850577 6.568504 -0.8011522
v -0.2850577 6.568504 -0.8581377
v 1.160466 4.917342 -0.8027222
v 1.381798 4.917342 -0.8568125
v 1.381798 4.917342 -0.8027222
v 1.381798 4.25143 -0.8027222
v 1.160466 4.917342 -0.8568125
v 1.160466 4.770135 -0.8027222
v 1.381798 4.25143 -0.8568125
v 0.1779249 4.25143 -0.8568125
v 0.1779249 4.25143 -0.8027222
v 1.160466 4.770135 -0.8568125
v 0.3209062 4.770135 -0.8027222
v 0.3209062 4.770135 -0.8568125
v 0.3209062 4.911415 -0.8027222
v 0.1779249 4.02267 -0.8568125
v -0.1779249 4.25143 -0.8568125
v 0.1779249 4.02267 -0.8027222
v -0.1779249 4.02267 -0.8568125
v -0.1779249 4.02267 -0.8027222
v -0.1779249 4.25143 -0.8027222
v -1.381798 4.25143 -0.8027222
v 0.3209062 4.911415 -0.8568125
v -0.3209062 4.911415 -0.8027222
v -0.3209062 4.770135 -0.8568125
v -0.3209062 4.911415 -0.8568125
v -0.3209062 4.770135 -0.8027222
v -1.160466 4.770135 -0.8568125
v -1.160466 4.770135 -0.8027222
v -1.381798 4.25143 -0.8568125
v -1.160466 4.917342 -0.8568125
v -1.160466 4.917342 -0.8027222
v -1.381798 4.917342 -0.8568125
v -1.381798 4.917342 -0.8027222
v -0.1647892 5.961509 -0.8577713
v -0.1647892 5.961509 -0.8015958
v -0.5938934 5.961509 -0.8015958
v -0.1647892 5.081731 -0.8015958
v -0.5938934 5.961509 -0.8577713
v -0.5938934 6.391321 -0.8577713
v -0.5938934 6.391321 -0.8015958
v -1.2408 6.391321 -0.8577713
v -1.2408 6.391321 -0.8015958
v -1.2408 5.081731 -0.8015958
v -1.2408 5.081731 -0.8577713
v -0.1647892 5.081731 -0.8577713
v -1.093477 5.198977 -0.8577713
v -0.3064801 5.198977 -0.8577713
v -1.093477 6.236361 -0.8577713
v -0.3064801 5.839457 -0.8577713
v -0.7380655 6.236361 -0.8577713
v -0.7380656 5.839457 -0.8577713
v 0.1125117 7.479093 -1.396031
v 0.1125117 7.479093 -1.373557
v 0.1125117 7.56989 -1.373557
v 0.1125117 7.56989 -1.396031
v 0.1466603 7.479093 -1.396031
v 0.1466603 7.56989 -1.373557
v 0.1466603 7.56989 -1.396031
v 0.1466603 7.479093 -1.373557
v -0.1125117 7.479093 -1.396031
v -0.1125117 7.479093 -1.373557
v -0.1466603 7.479093 -1.373557
v -0.1466603 7.479093 -1.396031
v -0.1125117 7.56989 -1.396031
v -0.1466603 7.56989 -1.373557
v -0.1466603 7.56989 -1.396031
v -0.1125117 7.56989 -1.373557
vt 0.5897431 0.8217722
vt 0.5897431 0.7352285
vt 0.5897431 0.7775527
vt 0.5897431 0.7217447
vt 0.5731563 0.7217447
vt 0.5731563 0.8217722
vt 0.5651121 0.8333334
vt 0.5803167 0.8333334
vt 0.5897431 0.8217722
vt 0.5803167 0.8333334
vt 0.5731563 0.8217722
vt 0.5651121 0.8333334
vt 0.5 0.8217722
vt 0.4348878 0.8333334
vt 0.4268437 0.8217722
vt 0.4196833 0.8333334
vt 0.4268437 0.8217722
vt 0.4348878 0.8333334
vt 0.410257 0.8217722
vt 0.4196833 0.8333334
vt 0.410257 0.8217722
vt 0.4268437 0.7217447
vt 0.410257 0.7217447
vt 0.5152581 0.7960229
vt 0.5198891 0.7960229
vt 0.5198891 0.7837095
vt 0.5152581 0.7837095
vt 0.5 0.7775527
vt 0.5731563 0.7775527
vt 0.5897431 0.7775527
vt 0.4847419 0.7960229
vt 0.4847419 0.7837095
vt 0.4801109 0.7960229
vt 0.4801109 0.7837095
vt 0.4268437 0.7775527
vt 0.5713785 0.7775527
vt 0.4286214 0.7775527
vt 0.5783218 0.7775527
vt 0.5783218 0.7775527
vt 0.5897431 0.7775527
vt 0.5897431 0.8217722
vt 0.5897431 0.7352285
vt 0.5783218 0.7352285
vt 0.410257 0.7775527
vt 0.4216782 0.7775527
vt 0.4216782 0.7775527
vt 0.410257 0.7775527
vt 0.410257 0.8217722
vt 0.4216782 0.7352285
vt 0.410257 0.7217447
vt 0.410257 0.7352285
vt 0.410257 0.7217447
vt 0.410257 0.7352285
vt 0.4268437 0.7217447
vt 0.4268437 0.7352285
vt 0.5731563 0.7352285
vt 0.433279 0.7133318
vt 0.417798 0.7133318
vt 0.5731563 0.7217447
vt 0.5897431 0.7352285
vt 0.566721 0.7133318
vt 0.5897431 0.7217447
vt 0.582202 0.7133318
vt 0.417798 0.7133318
vt 0.582202 0.7133318
vt 0.582202 0.7133318
vt 0.5897431 0.7217447
vt 0.566721 0.7133318
vt 0.433279 0.7133318
vt 0.417798 0.7133318
vt 0.410257 0.7217447
vt 0.7271294 0.2901056
vt 0.7271294 0.7143661
vt 0.7271294 0.2901056
vt 0.7271294 0.7143661
vt 0.7097563 0.7145545
vt 0.7159513 0.7300256
vt 0.7159513 0.7300256
vt 0.7271294 0.7143661
vt 0.6994332 0.7300256
vt 0.6994332 0.7300256
vt 0.7097563 0.7143661
vt 0.3005668 0.7300256
vt 0.2902437 0.7145545
vt 0.3005668 0.7300256
vt 0.7097563 0.2901056
vt 0.7271294 0.2901056
vt 0.2902437 0.7143661
vt 0.2840487 0.7300256
vt 0.2902437 0.2901056
vt 0.2728706 0.7143661
vt 0.2840487 0.7300256
vt 0.2728706 0.7143661
vt 0.2728706 0.2901056
vt 0.3005668 0.2741362
vt 0.2840487 0.2741362
vt 0.6994332 0.2741362
vt 0.2728706 0.2901056
vt 0.2840487 0.2741362
vt 0.2728706 0.2901056
vt 0.2728706 0.7143661
vt 0.7159513 0.2741362
vt 0.6994332 0.2741362
vt 0.2902437 0.2901953
vt 0.7159513 0.2741362
vt 0.7097563 0.2901953
vt 0.3005668 0.2741362
vt 0.3005668 0.2741362
vt 0.2840487 0.2741362
vt 0.6994332 0.2741362
vt 0.6994332 0.7300256
vt 0.7159513 0.7300256
vt 0.7159513 0.7300256
vt 0.6994332 0.7300256
vt 0.3005668 0.7300256
vt 0.3005668 0.7300256
vt 0.2840487 0.7300256
vt 0.2840487 0.7300256
vt 0.5200288 0.7448921
vt 0.5200288 0.7519882
vt 0.5200288 0.7340035
vt 0.4799712 0.7519882
vt 0.5200288 0.7519882
vt 0.5200288 0.7340035
vt 0.4799712 0.7519882
vt 0.5200288 0.7340035
vt 0.4799712 0.7340035
vt 0.4799712 0.7340035
vt 0.4799712 0.7448921
vt 0.4799712 0.7340035
vt 0.5200288 0.5405969
vt 0.5200288 0.5499941
vt 0.4799712 0.5499941
vt 0.4799712 0.5405969
vt 0.4799712 0.5334844
vt 0.4799712 0.5499941
vt 0.5200288 0.5334844
vt 0.5200288 0.5499941
vt 0.5050562 0.5334844
vt 0.5200288 0.5334844
vt 0.4950418 0.5334844
vt 0.4799712 0.5334844
vt 0.4950418 0.5499941
vt 0.4799712 0.5499941
vt 0.4799712 0.5334844
vt 0.4799712 0.5334844
vt 0.4950418 0.5334844
vt 0.4950418 0.5334844
vt 0.4950418 0.5499941
vt 0.5050562 0.5334844
vt 0.5050562 0.5499941
vt 0.5200288 0.5499941
vt 0.5200288 0.5334844
vt 0.5200288 0.5334844
vt 0.5050562 0.5334844
vt 0.5050562 0.5499941
vt 0.5508967 0.7618951
vt 0.5508967 0.7782338
vt 0.565132 0.7782338
vt 0.565132 0.7618951
vt 0.565132 0.7782338
vt 0.565132 0.7618951
vt 0.565132 0.7782338
vt 0.565132 0.7618951
vt 0.5508967 0.7782338
vt 0.5508967 0.7618951
vt 0.5508967 0.7618951
vt 0.5508967 0.7782338
vt 0.5660909 0.7442869
vt 0.5660909 0.7346686
vt 0.5791461 0.7346686
vt 0.5791461 0.7442869
vt 0.5791461 0.7346686
vt 0.5791461 0.7442869
vt 0.5791461 0.7346686
vt 0.5791461 0.7442869
vt 0.5660909 0.7346686
vt 0.5660909 0.7442869
vt 0.5660909 0.7442869
vt 0.5660909 0.7346686
vt 0.4491033 0.7618951
vt 0.434868 0.7618951
vt 0.434868 0.7782338
vt 0.4491033 0.7782338
vt 0.434868 0.7782338
vt 0.434868 0.7782338
vt 0.434868 0.7618951
vt 0.434868 0.7618951
vt 0.4491033 0.7782338
vt 0.4491033 0.7618951
vt 0.4491033 0.7618951
vt 0.4491033 0.7782338
vt 0.4339091 0.7442869
vt 0.4208539 0.7442869
vt 0.4208539 0.7346686
vt 0.4339091 0.7346686
vt 0.4208539 0.7346686
vt 0.4208539 0.7346686
vt 0.4208539 0.7442869
vt 0.4208539 0.7442869
vt 0.4339091 0.7346686
vt 0.4339091 0.7442869
vt 0.4339091 0.7442869
vt 0.4339091 0.7346686
vt 0.4216782 0.7352285
vt 0.410257 0.7352285
vt 0.4216782 0.7352285
vt 0.410257 0.7352285
vt 0.4268437 0.7352285
vt 0.4286214 0.7352285
vt 0.5731563 0.7352285
vt 0.5713785 0.7352285
vt 0.5783218 0.7352285
vt 0.5897431 0.7352285
vt 0.5783218 0.7352285
vt 0.5897431 0.7352285
vt 0.5651121 0.8333334
vt 0.4348878 0.8333334
vt 0.4196833 0.8333334
vt 0.5803167 0.8333334
vt 0.5803167 0.8333334
vt 0.4196833 0.8333334
vt 0.5651121 0.8333334
vt 0.4348878 0.8333334
vt 0.5783218 0.7352285
vt 0.5713785 0.7352285
vt 0.4286214 0.7352285
vt 0.4216782 0.7352285
vt 0.5783218 0.7352285
vt 0.4216782 0.7352285
vt 0.5783218 0.7775527
vt 0.4216782 0.7775527
vt 0.5783218 0.7775527
vt 0.4216782 0.7775527
vt 0.5713785 0.7775527
vt 0.4286214 0.7775527
vt 0.4381319 0.4924404
vt 0.3721539 0.4924404
vt 0.3721539 0.543407
vt 0.4381319 0.543407
vt 0.3999082 0.5613525
vt 0.3517095 0.6151782
vt 0.3999082 0.6151782
vt 0.3721539 0.543407
vt 0.3517095 0.4744948
vt 0.4584371 0.5613525
vt 0.3721539 0.4924404
vt 0.4381319 0.543407
vt 0.4584371 0.4744948
vt 0.4381319 0.4924404
vt 0.5618681 0.4924404
vt 0.5618681 0.543407
vt 0.6278461 0.543407
vt 0.6278461 0.4924404
vt 0.6000918 0.5613525
vt 0.6000918 0.6151782
vt 0.6482905 0.6151782
vt 0.6278461 0.543407
vt 0.6482905 0.4744948
vt 0.5415629 0.5613525
vt 0.6278461 0.4924404
vt 0.5618681 0.543407
vt 0.5415629 0.4744948
vt 0.5618681 0.4924404
vt 0.5376081 0.7473433
vt 0.5376081 0.734178
vt 0.5507734 0.734178
vt 0.5507734 0.7473433
vt 0.5507734 0.734178
vt 0.5507734 0.7473433
vt 0.5507734 0.734178
vt 0.5507734 0.7473433
vt 0.5376081 0.734178
vt 0.5376081 0.7473433
vt 0.5376081 0.7473433
vt 0.5376081 0.734178
vt 0.4623919 0.7473433
vt 0.4492265 0.7473433
vt 0.4492265 0.734178
vt 0.4623919 0.734178
vt 0.4492265 0.734178
vt 0.4492265 0.734178
vt 0.4492265 0.7473433
vt 0.4492265 0.7473433
vt 0.4623919 0.734178
vt 0.4623919 0.7473433
vt 0.4623919 0.7473433
vt 0.4623919 0.734178
vt 0.576587 0.4881434
vt 0.5631986 0.4881434
vt 0.4368013 0.4881434
vt 0.4234129 0.4881434
vt 0.576587 0.4881434
vt 0.4234129 0.4881434
vt 0.5631986 0.4881434
vt 0.4368013 0.4881434
vt 0.5901024 0.1780033
vt 0.5901024 0.2614202
vt 0.5901024 0.1780033
vt 0.5901024 0.2614203
vt 0.5743514 0.2614203
vt 0.5743514 0.1780033
vt 0.4256486 0.2614203
vt 0.5669162 0.1666667
vt 0.5810922 0.1666667
vt 0.5901024 0.1780033
vt 0.4256486 0.1780033
vt 0.4330838 0.1666667
vt 0.4189078 0.1666667
vt 0.4098976 0.1780033
vt 0.4098976 0.2614203
vt 0.4098976 0.2614202
vt 0.4098976 0.1780033
vt 0.4189078 0.1666667
vt 0.4189078 0.1666667
vt 0.5810922 0.1666667
vt 0.4330838 0.1666667
vt 0.4098976 0.1780033
vt 0.4256486 0.1780033
vt 0.4098976 0.2614202
vt 0.4256486 0.2614202
vt 0.5669162 0.1666667
vt 0.5743514 0.1780033
vt 0.5743514 0.2614202
vt 0.5901024 0.2614202
vt 0.4098976 0.4744606
vt 0.4234129 0.4881434
vt 0.4368013 0.4881434
vt 0.4256486 0.4744606
vt 0.4098976 0.3929234
vt 0.5631986 0.4881434
vt 0.4256486 0.3929234
vt 0.5743514 0.4744606
vt 0.576587 0.4881434
vt 0.5743514 0.3929234
vt 0.5901024 0.4744606
vt 0.5901024 0.3929234
vt 0.5901024 0.4744606
vt 0.576587 0.4881434
vt 0.576587 0.4881434
vt 0.5901024 0.4744606
vt 0.5901024 0.3929234
vt 0.5901024 0.3929234
vt 0.5631986 0.4881434
vt 0.5743514 0.3929234
vt 0.5743514 0.4744606
vt 0.4368013 0.4881434
vt 0.4256486 0.3929234
vt 0.4256486 0.4744606
vt 0.4234129 0.4881434
vt 0.4098976 0.4744606
vt 0.4234129 0.4881434
vt 0.4098976 0.3929234
vt 0.4098976 0.4744606
vt 0.4098976 0.3929234
vt 0.4098976 0.3751746
vt 0.4098976 0.3929234
vt 0.4256486 0.3929234
vt 0.4256486 0.3751746
vt 0.5743514 0.3929234
vt 0.5743514 0.3751746
vt 0.5901024 0.3929234
vt 0.5901024 0.3751746
vt 0.4098976 0.3751745
vt 0.4098976 0.3929234
vt 0.4098976 0.3929234
vt 0.4256486 0.3751745
vt 0.4256486 0.3929234
vt 0.5743514 0.3751745
vt 0.5743514 0.3929234
vt 0.5901024 0.3751745
vt 0.5901024 0.3929234
vt 0.5901024 0.3751746
vt 0.5901024 0.3929234
vt 0.4098976 0.2711015
vt 0.4098976 0.3751746
vt 0.4256486 0.3751746
vt 0.4256486 0.2711015
vt 0.5743514 0.3751746
vt 0.5743514 0.2711015
vt 0.5901024 0.3751746
vt 0.5901024 0.2711015
vt 0.5901024 0.2711015
vt 0.5901024 0.3751746
vt 0.5901024 0.3751745
vt 0.5901024 0.2711014
vt 0.5743514 0.3751745
vt 0.5743514 0.2711014
vt 0.4256486 0.3751745
vt 0.4256486 0.2711014
vt 0.4098976 0.3751745
vt 0.4098976 0.2711014
vt 0.4098976 0.3751746
vt 0.4098976 0.2711015
vt 0.4098976 0.2711014
vt 0.4098976 0.2614202
vt 0.4256486 0.2614202
vt 0.4256486 0.2711014
vt 0.5743514 0.2614202
vt 0.5743514 0.2711014
vt 0.5901024 0.2614202
vt 0.5901024 0.2711014
vt 0.5901024 0.2614203
vt 0.5901024 0.2711014
vt 0.5901024 0.2614202
vt 0.5901024 0.2711015
vt 0.5743514 0.2614203
vt 0.5743514 0.2711015
vt 0.4256486 0.2614203
vt 0.4256486 0.2711015
vt 0.4098976 0.2614203
vt 0.4098976 0.2711015
vt 0.4098976 0.2614202
vt 0.4098976 0.2711014
vt 0.576587 0.4881434
vt 0.5631986 0.4881434
vt 0.4368013 0.4881434
vt 0.4234129 0.4881434
vt 0.576587 0.4881434
vt 0.4234129 0.4881434
vt 0.5631986 0.4881434
vt 0.4368013 0.4881434
vt 0.5901024 0.1780033
vt 0.5901024 0.2487571
vt 0.5901024 0.1780033
vt 0.5901024 0.2487571
vt 0.5743514 0.2487571
vt 0.5743514 0.1780033
vt 0.4256486 0.2487571
vt 0.5669162 0.1666667
vt 0.5810922 0.1666667
vt 0.5901024 0.1780033
vt 0.4256486 0.1780033
vt 0.4330838 0.1666667
vt 0.4189078 0.1666667
vt 0.4098976 0.1780033
vt 0.4098976 0.2487571
vt 0.4098976 0.2487571
vt 0.4098976 0.1780033
vt 0.4189078 0.1666667
vt 0.4189078 0.1666667
vt 0.5810922 0.1666667
vt 0.4330838 0.1666667
vt 0.4098976 0.1780033
vt 0.4256486 0.1780033
vt 0.4098976 0.2487571
vt 0.4256486 0.2487571
vt 0.5669162 0.1666667
vt 0.5743514 0.1780033
vt 0.5743514 0.2487571
vt 0.5901024 0.2487571
vt 0.4098976 0.4744606
vt 0.4234129 0.4881434
vt 0.4368013 0.4881434
vt 0.4256486 0.4744606
vt 0.4098976 0.3821277
vt 0.5631986 0.4881434
vt 0.4256486 0.3821277
vt 0.5743514 0.4744606
vt 0.576587 0.4881434
vt 0.5743514 0.3821277
vt 0.5901024 0.4744606
vt 0.5901024 0.3821277
vt 0.5901024 0.4744606
vt 0.576587 0.4881434
vt 0.576587 0.4881434
vt 0.5901024 0.4744606
vt 0.5901024 0.3821277
vt 0.5901024 0.3821277
vt 0.5631986 0.4881434
vt 0.5743514 0.3821277
vt 0.5743514 0.4744606
vt 0.4368013 0.4881434
vt 0.4256486 0.3821277
vt 0.4256486 0.4744606
vt 0.4234129 0.4881434
vt 0.4098976 0.4744606
vt 0.4234129 0.4881434
vt 0.4098976 0.3821277
vt 0.4098976 0.4744606
vt 0.4098976 0.3821277
vt 0.4098976 0.3821277
vt 0.4098975 0.3606658
vt 0.4256486 0.3606658
vt 0.4256486 0.3821277
vt 0.5743514 0.3606658
vt 0.5743514 0.3821277
vt 0.5901024 0.3606658
vt 0.5901024 0.3821277
vt 0.5901024 0.3606658
vt 0.5901024 0.3821277
vt 0.4098975 0.3606658
vt 0.4098976 0.3821277
vt 0.4098976 0.3606658
vt 0.4256486 0.3821277
vt 0.4256486 0.3606658
vt 0.5743514 0.3821277
vt 0.5743514 0.3606658
vt 0.5901024 0.3821277
vt 0.5901024 0.3606658
vt 0.4098975 0.3606658
vt 0.4098976 0.2625541
vt 0.4256486 0.2625541
vt 0.4256486 0.3606658
vt 0.5743514 0.2625541
vt 0.5743514 0.3606658
vt 0.5901024 0.2625541
vt 0.5901024 0.3606658
vt 0.5901024 0.2487571
vt 0.5901024 0.2625541
vt 0.5901024 0.2487571
vt 0.5901024 0.2625541
vt 0.5743514 0.2487571
vt 0.5743513 0.2625541
vt 0.4256486 0.2487571
vt 0.4256486 0.2625541
vt 0.4098976 0.2487571
vt 0.4098976 0.2625541
vt 0.4098976 0.2487571
vt 0.4098976 0.2625541
vt 0.4256486 0.2487571
vt 0.4256486 0.2625541
vt 0.5743514 0.2487571
vt 0.5743514 0.2625541
vt 0.5901024 0.2487571
vt 0.5901024 0.2625541
vt 0.5901024 0.2625541
vt 0.5901024 0.3606658
vt 0.5901024 0.3606658
vt 0.5901024 0.2625541
vt 0.4098976 0.2625541
vt 0.4098975 0.3606658
vt 0.4098976 0.3606658
vt 0.4098976 0.2625541
vt 0.4256486 0.3606658
vt 0.4256486 0.2625541
vt 0.5743514 0.3606658
vt 0.5743513 0.2625541
vt 0.5901024 0.3606658
vt 0.5901024 0.2625541
vt 0.5901024 0.4744606
vt 0.576587 0.4881434
vt 0.576587 0.4881434
vt 0.5901024 0.4744606
vt 0.5901024 0.1780033
vt 0.5631986 0.4881434
vt 0.5901024 0.1780033
vt 0.5810922 0.1666667
vt 0.5743514 0.4744606
vt 0.4368013 0.4881434
vt 0.5743514 0.1780033
vt 0.5810922 0.1666667
vt 0.4256486 0.4744606
vt 0.4234129 0.4881434
vt 0.4256486 0.1780033
vt 0.4098976 0.4744606
vt 0.4234129 0.4881434
vt 0.4098976 0.4744606
vt 0.4098976 0.1780033
vt 0.4098976 0.1780033
vt 0.5669162 0.1666667
vt 0.4330838 0.1666667
vt 0.4189078 0.1666667
vt 0.4189078 0.1666667
vt 0.5631986 0.4881434
vt 0.4234129 0.4881434
vt 0.4368013 0.4881434
vt 0.576587 0.4881434
vt 0.4234129 0.4881434
vt 0.576587 0.4881434
vt 0 0
vt 0 1
vt 1 1
vt 1 0
vt 0 0
vt 0 1
vt 1 1
vt 1 0
vt 0 0
vt 0 1
vt 1 1
vt 1 0
vt 0 0
vt 0 1
vt 1 1
vt 1 0
vt 0 0
vt 0 1
vt 1 1
vt 1 0
vt 0 0
vt 0 1
vt 1 1
vt 1 0
vt 0 0
vt 0 1
vt 1 1
vt 1 0
vt 0 0
vt 0 1
vt 1 1
vt 1 0
vt 0 0
vt 0 1
vt 1 1
vt 1 0
vt 0 0
vt 0 1
vt 1 1
vt 1 0
vt 0 0
vt 0 1
vt 1 1
vt 1 0
vt 0 0
vt 0 1
vt 1 1
vt 1 0
vt 0 0
vt 0 1
vt 1 1
vt 1 0
vt 0 0
vt 0 1
vt 1 1
vt 1 0
vt 0 0
vt 0 1
vt 1 1
vt 1 0
vt 0 0
vt 0 1
vt 1 1
vt 1 0
vt 0 0
vt 0 1
vt 1 1
vt 1 0
vt 0 0
vt 0 1
vt 1 1
vt 1 0
vt 0 0
vt 0 1
vt 1 1
vt 1 0
vt 0 0
vt 0 1
vt 1 1
vt 1 0
vt 0 0
vt 0 1
vt 1 1
vt 1 0
vt 0 0
vt 0 1
vt 1 1
vt 1 0
vt 0 0
vt 0 1
vt 1 1
vt 1 0
vt 0 0
vt 0 1
vt 1 1
vt 1 0
vt 0 0
vt 0 1
vt 1 1
vt 1 0
vt 0 0
vt 0 1
vt 1 1
vt 1 0
vt 0 0
vt 0 1
vt 1 1
vt 1 0
vt 0 0
vt 0 1
vt 1 1
vt 1 0
vt 0 0
vt 0 1
vt 1 1
vt 1 0
vt 0 0
vt 0 1
vt 1 1
vt 1 0
vt 0 0
vt 0 1
vt 1 1
vt 1 0
vt 0 0
vt 0 1
vt 1 1
vt 1 0
vt 0 0
vt 0 1
vt 1 1
vt 1 0
vt 0 0
vt 0 1
vt 1 1
vt 1 0
vt 0 0
vt 0 1
vt 1 1
vt 1 0
vt 0 0
vt 0 1
vt 1 1
vt 1 0
vt 0 0
vt 0 1
vt 1 1
vt 1 0
vt 0 0
vt 0 1
vt 1 1
vt 1 0
vt 0 0
vt 0 1
vt 1 1
vt 1 0
vt 0 0
vt 0 1
vt 1 1
vt 1 0
vt 0 0
vt 0 1
vt 1 1
vt 1 0
vt 0 0
vt 0 1
vt 1 1
vt 1 0
vt 0 0
vt 0 1
vt 1 1
vt 1 0
vt 0 0
vt 0 1
vt 1 1
vt 1 0
vt 0 0
vt 0 1
vt 1 1
vt 1 0
vt 0 0
vt 0 1
vt 1 1
vt 1 0
vt 0 0
vt 0 1
vt 1 1
vt 1 0
vt 0 0
vt 0 1
vt 1 1
vt 1 0
vt 0 0
vt 0 1
vt 1 1
vt 1 0
vt 0.375 0
vt 0.625 0.25
vt 0.625 0
vt 0.375 0.25
vt 0.125 0
vt 0.125 0.25
vt 0.625 0.5
vt 0.375 0.5
vt 0.625 0.75
vt 0.375 0.75
vt 0.625 1
vt 0.375 1
vt 0.375 0
vt 0.625 0.25
vt 0.625 0
vt 0.375 0.25
vt 0.125 0
vt 0.125 0.25
vt 0.625 0.5
vt 0.375 0.5
vt 0.625 0.75
vt 0.375 0.75
vt 0.625 1
vt 0.375 1
vt 0.375 0
vt 0.625 0
vt 0.625 0.25
vt 0.375 0.25
vt 0.125 0
vt 0.125 0.25
vt 0.625 0.5
vt 0.375 0.5
vt 0.625 0.75
vt 0.375 0.75
vt 0.625 1
vt 0.375 1
vt 0.375 0
vt 0.625 0
vt 0.625 0.25
vt 0.375 0.25
vt 0.125 0
vt 0.125 0.25
vt 0.625 0.5
vt 0.375 0.5
vt 0.625 0.75
vt 0.375 0.75
vt 0.625 1
vt 0.375 1
vt 0.4776523 0.5779045
vt 0.4194599 0.5779045
vt 0.4776523 0.5779045
vt 0.4776523 0.4585947
vt 0.4194599 0.5779045
vt 0.4194599 0.6361927
vt 0.4194599 0.6361927
vt 0.3317305 0.6361927
vt 0.3317305 0.6361927
vt 0.3317305 0.4585947
vt 0.3317305 0.4585947
vt 0.4776523 0.4585947
vt 0.3517095 0.4744948
vt 0.4584371 0.4744948
vt 0.3517095 0.6151782
vt 0.4584371 0.5613525
vt 0.3999082 0.6151782
vt 0.3999082 0.5613525
vt 0.48254 0.715893
vt 0.48254 0.715893
vt 0.48254 0.7086289
vt 0.51746 0.715893
vt 0.48254 0.7086289
vt 0.48254 0.622046
vt 0.51746 0.7086289
vt 0.51746 0.715893
vt 0.51746 0.7086289
vt 0.51746 0.622046
vt 0.51746 0.622046
vt 0.48254 0.622046
vt 0.4384193 0.5972445
vt 0.4613422 0.622046
vt 0.4613422 0.622046
vt 0.5386577 0.622046
vt 0.5386577 0.622046
vt 0.4613422 0.6602213
vt 0.4613422 0.6602213
vt 0.4384193 0.6602213
vt 0.4384193 0.6602213
vt 0.4384193 0.5972445
vt 0.5615807 0.5972445
vt 0.5615807 0.5972445
vt 0.5615807 0.6602213
vt 0.5615807 0.6602213
vt 0.5386577 0.6602213
vt 0.5386577 0.6602213
vt 0.3426249 0.4363012
vt 0.3126092 0.4363012
vt 0.3126092 0.4363012
vt 0.3126092 0.3459942
vt 0.3426249 0.4363012
vt 0.3426249 0.4163378
vt 0.3126092 0.3459942
vt 0.475871 0.3459942
vt 0.475871 0.3459942
vt 0.3426249 0.4163378
vt 0.4564807 0.4163378
vt 0.4564807 0.4163378
vt 0.4564807 0.4354972
vt 0.475871 0.3149714
vt 0.5241291 0.3459942
vt 0.475871 0.3149714
vt 0.5241291 0.3149714
vt 0.5241291 0.3149714
vt 0.5241291 0.3459942
vt 0.6873908 0.3459942
vt 0.4564807 0.4354972
vt 0.5435193 0.4354972
vt 0.5435193 0.4163378
vt 0.5435193 0.4354972
vt 0.5435193 0.4163378
vt 0.6573751 0.4163378
vt 0.6573751 0.4163378
vt 0.6873908 0.3459942
vt 0.6573751 0.4363012
vt 0.6573751 0.4363012
vt 0.6873908 0.4363012
vt 0.6873908 0.4363012
vt 0.5223477 0.5779045
vt 0.5223477 0.5779045
vt 0.5805401 0.5779045
vt 0.5223477 0.4585947
vt 0.5805401 0.5779045
vt 0.5805401 0.6361927
vt 0.5805401 0.6361927
vt 0.6682695 0.6361927
vt 0.6682695 0.6361927
vt 0.6682695 0.4585947
vt 0.6682695 0.4585947
vt 0.5223477 0.4585947
vt 0.6482905 0.4744948
vt 0.5415629 0.4744948
vt 0.6482905 0.6151782
vt 0.5415629 0.5613525
vt 0.6000918 0.6151782
vt 0.6000918 0.5613525
vt 0.4847419 0.7837095
vt 0.4847419 0.7837095
vt 0.4847419 0.7960229
vt 0.4847419 0.7960229
vt 0.4801109 0.7837095
vt 0.4801109 0.7960229
vt 0.4801109 0.7960229
vt 0.4801109 0.7837095
vt 0.5152581 0.7837095
vt 0.5152581 0.7837095
vt 0.5198891 0.7837095
vt 0.5198891 0.7837095
vt 0.5152581 0.7960229
vt 0.5198891 0.7960229
vt 0.5198891 0.7960229
vt 0.5152581 0.7960229
vn -0.9705405 0.1454631 0.1920719
vn -0.9957604 0.0786498 -0.04770319
vn -0.9980299 -0.05758695 -0.02490138
vn -0.9707654 -0.1134151 0.2115456
vn -0.07654789 -0.05265842 0.9956744
vn -0.07703438 0.06480877 0.9949198
vn -0.02569642 0.8936823 0.4479639
vn -0.09412184 0.99554 0.006418465
vn -0.981914 0.1586906 -0.1032578
vn -0.09412188 0.99554 -0.006418512
vn -0.2511082 0.1804143 -0.9509971
vn -0.038248 0.9728062 -0.2284409
vn 0 0.3554095 -0.9347106
vn 0.03824802 0.9728062 -0.2284409
vn 0.2511082 0.1804139 -0.9509971
vn 0.09412188 0.99554 -0.006418512
vn 0.07703438 0.06480877 0.9949198
vn 0.02569642 0.8936823 0.4479639
vn 0.9705405 0.1454631 0.1920719
vn 0.09412184 0.99554 0.006418465
vn 0.981914 0.1586906 -0.1032578
vn 0.07654789 -0.05265842 0.9956744
vn 0.9707654 -0.1134151 0.2115456
vn -0.01823023 -0.006856232 -0.9998104
vn 0.01027236 -0.003863402 -0.9999398
vn 0.0180623 0.006793175 -0.9998139
vn -0.0391787 0.01473482 -0.9991236
vn 0 -0.9065506 -0.4220971
vn -0.237464 -0.2290971 -0.9439944
vn -0.9867025 -0.1254785 -0.1033116
vn 0.01823024 -0.006856235 -0.9998104
vn 0.0391787 0.01473482 -0.9991236
vn -0.01027236 -0.003863404 -0.9999398
vn -0.0180623 0.006793175 -0.9998139
vn 0.2374638 -0.2290969 -0.9439945
vn 0 -1 -6.916103E-06
vn 0 -1 -8.091872E-06
vn 0 -1 -4.282642E-07
vn 0 -0.9135402 -0.4067484
vn -0.9980299 -0.05758695 -0.02490138
vn -0.9705405 0.1454631 0.1920719
vn -0.9957604 0.0786498 -0.04770319
vn 0 0.8452989 -0.5342937
vn 0.9867025 -0.1254784 -0.1033116
vn 0 -1 -4.282643E-07
vn 0 -0.9135402 -0.4067484
vn 0.9980299 -0.05758693 -0.02490138
vn 0.9705405 0.1454631 0.1920719
vn 0 0.8452989 -0.5342937
vn 0.9707654 -0.1134151 0.2115456
vn 0.9957604 0.0786498 -0.04770319
vn 0.93665 -0.3294237 -0.1190249
vn 0.9279322 0.3535428 -0.1181068
vn 0.08187249 -0.2788851 -0.9568281
vn 0.05894015 0.6149409 -0.7863675
vn -0.05894014 0.6149409 -0.7863675
vn 0.02072511 -0.9301741 -0.3665335
vn 0.06903459 -0.9975993 -0.005460752
vn -0.08187249 -0.2788851 -0.9568281
vn -0.9279322 0.3535428 -0.1181069
vn -0.02072511 -0.9301741 -0.3665335
vn -0.93665 -0.3294236 -0.1190249
vn -0.06903461 -0.9975993 -0.005460752
vn 0.06903483 -0.9975993 0.005460763
vn -0.06903484 -0.9975993 0.005460763
vn -0.06903461 -0.9975993 -0.005460752
vn -0.93665 -0.3294236 -0.1190249
vn -0.02072541 -0.9301762 0.3665278
vn 0.02072541 -0.9301762 0.3665278
vn 0.06903459 -0.9975993 -0.005460752
vn 0.93665 -0.3294237 -0.1190249
vn -0.9914278 -0.0187023 -0.1293105
vn -0.991401 0.01862195 0.1295266
vn -0.9913977 -0.01868645 0.129543
vn -0.9913328 0.01858818 -0.1300525
vn -0.03459655 0.0219759 -0.9991597
vn -0.4795871 0.8759928 -0.05131019
vn -0.4795934 0.8759595 0.05181755
vn -0.991401 0.01862195 0.1295266
vn -0.003944278 0.989298 -0.1458559
vn -0.003945791 0.9890662 0.1474195
vn -0.03475337 0.02201148 0.9991535
vn 0.003945794 0.9890662 0.1474195
vn 0.03459655 0.0219759 -0.9991597
vn 0.003944281 0.989298 -0.1458559
vn -0.03475545 -0.02207971 0.9991519
vn -0.9913977 -0.01868645 0.129543
vn 0.03475337 0.02201148 0.9991535
vn 0.4795935 0.8759595 0.05181758
vn 0.03475545 -0.0220797 0.9991519
vn 0.991401 0.01862196 0.1295266
vn 0.4795871 0.8759928 -0.05131022
vn 0.9913328 0.01858818 -0.1300524
vn 0.9913977 -0.01868645 0.129543
vn 0.00402268 -0.9886776 0.1500018
vn 0.4862555 -0.8722285 0.05265901
vn -0.004022684 -0.9886776 0.1500018
vn 0.9914278 -0.0187023 -0.1293105
vn 0.4862581 -0.8722125 -0.05289973
vn 0.9913977 -0.01868645 0.129543
vn 0.991401 0.01862196 0.1295266
vn -0.4862555 -0.8722285 0.05265898
vn -0.004023395 -0.9885648 -0.1507428
vn 0.03482457 -0.02208923 -0.9991493
vn -0.4862582 -0.8722125 -0.05289982
vn -0.03482457 -0.02208923 -0.9991493
vn 0.004023395 -0.9885648 -0.1507427
vn 0.00402268 -0.9886776 0.1500018
vn 0.4862555 -0.8722285 0.05265901
vn -0.004022684 -0.9886776 0.1500018
vn -0.003945791 0.9890662 0.1474195
vn -0.4795934 0.8759595 0.05181755
vn -0.4795871 0.8759928 -0.05131019
vn -0.003944278 0.989298 -0.1458559
vn 0.003944281 0.989298 -0.1458559
vn 0.003945794 0.9890662 0.1474195
vn 0.4795935 0.8759595 0.05181758
vn 0.4795871 0.8759928 -0.05131022
vn -0.2721441 0.03173595 -0.961733
vn -0.2686843 0.9612193 -0.06217902
vn -0.6323909 -0.3331781 0.6993383
vn 0.2686844 0.9612193 -0.06217902
vn -0.3913333 0.920249 0
vn -0.4294247 -0.9031028 0
vn 0.3913333 0.920249 0
vn -0.6323909 -0.3331781 0.6993383
vn 0.4294247 -0.9031028 0
vn 0.6323909 -0.3331781 0.6993383
vn 0.2721441 0.03173595 -0.961733
vn 0.6323909 -0.3331781 0.6993383
vn -0.2882754 -0.0337819 0.9569515
vn -0.5999891 0.05989148 -0.7977632
vn 0.5999875 0.05993671 -0.797761
vn 0.2882754 -0.0337819 0.9569515
vn 0.5352856 -0.8180521 0.2103806
vn 0.5999875 0.05993671 -0.797761
vn -0.5353389 -0.8180119 0.2104016
vn -0.5999891 0.05989148 -0.7977632
vn 0.2379053 -0.9677845 -0.08242674
vn -0.9323255 -0.2794715 -0.229488
vn -0.2373006 -0.9679508 -0.08221722
vn 0.9314101 -0.2814667 -0.2307635
vn -0.2968806 0.9493583 -0.1028626
vn 0.9371007 0.2606488 -0.2321734
vn 0.5352856 -0.8180521 0.2103806
vn 0.9314101 -0.2814667 -0.2307635
vn -0.8219439 -0.3751487 -0.4285691
vn -0.2373006 -0.9679508 -0.08221722
vn -0.8219439 0.3751487 -0.4285691
vn 0.2379053 -0.9677845 -0.08242674
vn 0.2976303 0.9490954 -0.1031224
vn -0.9379189 0.2588621 -0.2308648
vn -0.5353389 -0.8180119 0.2104016
vn -0.9323255 -0.2794715 -0.229488
vn 0.8236782 -0.3734947 -0.4266802
vn 0.8236782 0.3734947 -0.4266802
vn 0.5916785 -0.5154996 -0.6198199
vn 0.6904954 0 -0.7233368
vn -0.6904954 0 -0.7233368
vn -0.5916785 -0.5154996 -0.6198199
vn -0.6904954 0 0.7233368
vn -0.5916785 -0.5154996 -0.6198199
vn -0.6904954 0 -0.7233368
vn -0.5916785 -0.5154996 0.6198199
vn 0.6904954 0 0.7233368
vn 0.5916785 -0.5154996 0.6198199
vn 0.5916785 -0.5154996 -0.6198199
vn 0.6904954 0 -0.7233368
vn 0.5870582 0.7968192 0.1429751
vn 0.9716002 0 0.2366283
vn -0.9716002 0 0.2366283
vn -0.5870582 0.7968192 0.1429751
vn -0.9716002 0 -0.2366283
vn -0.5870582 0.7968192 0.1429751
vn -0.9716002 0 0.2366283
vn -0.5870582 0.7968192 -0.1429751
vn 0.9716002 0 -0.2366283
vn 0.5870582 0.7968192 -0.1429751
vn 0.5870582 0.7968192 0.1429751
vn 0.9716002 0 0.2366283
vn -0.5916785 -0.5154996 -0.6198199
vn 0.5916785 -0.5154996 -0.6198199
vn 0.6904954 0 -0.7233368
vn -0.6904954 0 -0.7233368
vn 0.6904954 0 0.7233368
vn 0.6904954 0 -0.7233368
vn 0.5916785 -0.5154996 -0.6198199
vn 0.5916785 -0.5154996 0.6198199
vn -0.6904954 0 0.7233368
vn -0.5916785 -0.5154996 0.6198199
vn -0.5916785 -0.5154996 -0.6198199
vn -0.6904954 0 -0.7233368
vn -0.5870582 0.7968192 0.1429751
vn 0.5870582 0.7968192 0.1429751
vn 0.9716002 0 0.2366283
vn -0.9716002 0 0.2366283
vn 0.9716002 0 -0.2366283
vn 0.9716002 0 0.2366283
vn 0.5870582 0.7968192 0.1429751
vn 0.5870582 0.7968192 -0.1429751
vn -0.9716002 0 -0.2366283
vn -0.5870582 0.7968192 -0.1429751
vn -0.5870582 0.7968192 0.1429751
vn -0.9716002 0 0.2366283
vn 0 1 -4.565257E-07
vn 0.9957604 0.0786498 -0.04770319
vn 0 0.8452989 -0.5342937
vn 0.9279322 0.3535428 -0.1181068
vn 0.05894015 0.6149409 -0.7863675
vn 0 1 -5.264187E-06
vn -0.05894014 0.6149409 -0.7863675
vn 0 1 -5.436533E-06
vn 0 1 -5.022089E-07
vn -0.9279322 0.3535428 -0.1181069
vn 0 0.8452989 -0.5342937
vn -0.9957604 0.0786498 -0.04770319
vn -0.038248 0.9728062 -0.2284409
vn 0.03824802 0.9728062 -0.2284409
vn 0.09412188 0.99554 -0.006418512
vn -0.09412188 0.99554 -0.006418512
vn -0.09412184 0.99554 0.006418465
vn 0.09412184 0.99554 0.006418465
vn -0.02569642 0.8936823 0.4479639
vn 0.02569642 0.8936823 0.4479639
vn 0 1 -5.022089E-07
vn 0 1 -5.436533E-06
vn 0 1 -5.264187E-06
vn 0 1 -4.565257E-07
vn 0 0.8452989 -0.5342937
vn 0 0.8452989 -0.5342937
vn 0 -0.9135402 -0.4067484
vn 0 -0.9135402 -0.4067484
vn 0 -1 -4.282642E-07
vn 0 -1 -4.282643E-07
vn 0 -1 -6.916103E-06
vn 0 -1 -8.091872E-06
vn 0 0 -1
vn -1.521514E-07 0 -1
vn -1.972776E-07 0 -1
vn 0 0 -1
vn 0 0 -1
vn 0 0 -1
vn 1.347157E-07 0 -1
vn -1.972776E-07 0 -1
vn 0 0 -1
vn -2.312389E-07 0 -1
vn -1.521514E-07 0 -1
vn 0 0 -1
vn -1.734831E-07 0 -1
vn 0 0 -1
vn 0 0 -1
vn 0 0 -1
vn 1.753337E-07 0 -1
vn 1.521514E-07 0 -1
vn 0 0 -1
vn 0 0 -1
vn 0 0 -1
vn 1.753337E-07 0 -1
vn 0 0 -1
vn 1.519707E-07 0 -1
vn 1.521514E-07 0 -1
vn 0 0 -1
vn 1.138728E-07 0 -1
vn 0 0 -1
vn 0.5773457 0.5773527 0.5773524
vn 0.7071027 0 0.7071109
vn -0.7071027 0 0.7071109
vn -0.5773457 0.5773527 0.5773524
vn -0.7071027 0 -0.7071109
vn -0.5773457 0.5773527 0.5773524
vn -0.7071027 0 0.7071109
vn -0.5773457 0.5773527 -0.5773524
vn 0.7071027 0 -0.7071109
vn 0.5773457 0.5773527 -0.5773524
vn 0.5773457 0.5773527 0.5773524
vn 0.7071027 0 0.7071109
vn -0.5773457 0.5773527 0.5773524
vn 0.5773457 0.5773527 0.5773524
vn 0.7071027 0 0.7071109
vn -0.7071027 0 0.7071109
vn 0.7071027 0 -0.7071109
vn 0.7071027 0 0.7071109
vn 0.5773457 0.5773527 0.5773524
vn 0.5773457 0.5773527 -0.5773524
vn -0.7071027 0 -0.7071109
vn -0.5773457 0.5773527 -0.5773524
vn -0.5773457 0.5773527 0.5773524
vn -0.7071027 0 0.7071109
vn -0.08083222 0.9967132 -0.005401675
vn -0.0171832 0.8765842 -0.4809416
vn 0.0171832 0.8765842 -0.4809416
vn 0.08083221 0.9967132 -0.005401674
vn -0.08083216 0.9967132 0.005401684
vn 0.08083216 0.9967132 0.005401681
vn -0.01718319 0.8765841 0.4809419
vn 0.01718318 0.8765841 0.4809419
vn -0.995181 -0.06195401 -0.07600405
vn -0.9971494 0 0.07545256
vn -0.995181 -0.06195411 0.07600399
vn -0.9971494 0 -0.0754526
vn -0.05474432 0 -0.9985003
vn -0.05650264 -0.03885033 -0.9976463
vn 0.05474432 0 -0.9985003
vn -0.01715255 -0.8847623 -0.4657269
vn -0.06356713 -0.9979683 -0.004288514
vn -0.995181 -0.06195411 0.07600399
vn 0.05650264 -0.03885033 -0.9976463
vn 0.01715255 -0.8847623 -0.4657269
vn 0.06356715 -0.9979683 -0.004288506
vn 0.995181 -0.06195401 -0.07600404
vn 0.9971494 0 -0.0754526
vn 0.9971494 0 0.07545256
vn 0.995181 -0.0619541 0.07600399
vn 0.06356706 -0.9979683 0.004288513
vn 0.06356706 -0.9979683 0.004288513
vn -0.06356705 -0.9979683 0.004288507
vn 0.01715258 -0.8847619 0.4657275
vn 0.995181 -0.0619541 0.07600399
vn 0.05650278 -0.03885001 0.9976463
vn 0.9971494 0 0.07545256
vn 0.05474443 0 0.9985003
vn -0.01715259 -0.8847619 0.4657275
vn -0.05650279 -0.03885001 0.9976463
vn -0.05474443 0 0.9985003
vn -0.9971494 0 0.07545256
vn 0.9952957 0.06019403 -0.075915
vn 0.08083221 0.9967132 -0.005401674
vn 0.0171832 0.8765842 -0.4809416
vn 0.05627604 0.03665853 -0.9977421
vn 0.9971494 0 -0.0754526
vn -0.0171832 0.8765842 -0.4809416
vn 0.05474431 0 -0.9985003
vn -0.05627604 0.03665853 -0.9977421
vn -0.08083222 0.9967132 -0.005401675
vn -0.05474431 0 -0.9985003
vn -0.9952957 0.06019401 -0.075915
vn -0.9971494 0 -0.0754526
vn -0.9952957 0.06019401 -0.075915
vn -0.08083222 0.9967132 -0.005401675
vn -0.08083216 0.9967132 0.005401684
vn -0.9952957 0.06019409 0.07591499
vn -0.9971494 0 -0.0754526
vn -0.9971494 0 0.07545259
vn -0.01718319 0.8765841 0.4809419
vn -0.05474448 0 0.9985003
vn -0.0562762 0.03665858 0.9977421
vn 0.01718318 0.8765841 0.4809419
vn 0.05474448 0 0.9985003
vn 0.0562762 0.03665858 0.9977421
vn 0.08083216 0.9967132 0.005401681
vn 0.9952957 0.06019409 0.07591499
vn 0.08083221 0.9967132 -0.005401674
vn 0.9971494 0 0.07545259
vn 0.9952957 0.06019403 -0.075915
vn 0.9971494 0 -0.0754526
vn 0.9971494 0 -0.07545262
vn 0.9971494 0 -0.0754526
vn 0.05474431 0 -0.9985003
vn 0.05474431 0 -0.9985003
vn -0.05474431 0 -0.9985003
vn -0.05474431 0 -0.9985003
vn -0.9971494 0 -0.0754526
vn -0.9971494 0 -0.07545262
vn 0.9971494 0 0.0754526
vn 0.9971494 0 -0.0754526
vn 0.9971494 0 0.07545259
vn 0.0547445 0 0.9985003
vn 0.05474448 0 0.9985003
vn -0.0547445 0 0.9985003
vn -0.05474448 0 0.9985003
vn -0.9971494 0 0.0754526
vn -0.9971494 0 0.07545259
vn -0.9971494 0 -0.07545262
vn -0.9971494 0 -0.0754526
vn 0.9971494 0 -0.07545261
vn 0.9971494 0 -0.07545262
vn 0.05474431 0 -0.9985003
vn 0.05474432 0 -0.9985003
vn -0.05474431 0 -0.9985003
vn -0.05474432 0 -0.9985003
vn -0.9971494 0 -0.07545262
vn -0.9971494 0 -0.07545262
vn -0.9971494 0 -0.07545262
vn -0.9971494 0 -0.07545262
vn -0.9971494 0 0.0754526
vn -0.9971494 0 0.0754526
vn -0.0547445 0 0.9985003
vn -0.05474449 0 0.9985003
vn 0.0547445 0 0.9985003
vn 0.05474449 0 0.9985003
vn 0.9971494 0 0.0754526
vn 0.9971494 0 0.0754526
vn 0.9971494 0 -0.07545262
vn 0.9971494 0 -0.07545261
vn 0.9971494 0 0.0754526
vn 0.9971494 0 0.07545256
vn 0.05474443 0 0.9985003
vn 0.05474449 0 0.9985003
vn -0.05474443 0 0.9985003
vn -0.05474449 0 0.9985003
vn -0.9971494 0 0.07545256
vn -0.9971494 0 0.0754526
vn -0.9971494 0 -0.0754526
vn -0.9971494 0 0.0754526
vn -0.9971494 0 0.07545256
vn -0.9971494 0 -0.07545262
vn -0.05474432 0 -0.9985003
vn -0.05474432 0 -0.9985003
vn 0.05474432 0 -0.9985003
vn 0.05474432 0 -0.9985003
vn 0.9971494 0 -0.0754526
vn 0.9971494 0 -0.07545261
vn 0.9971494 0 0.07545256
vn 0.9971494 0 0.0754526
vn -0.1363323 0.9906386 -0.006984601
vn -0.03650658 0.8864989 -0.4612883
vn 0.03650655 0.8864989 -0.4612884
vn 0.1363322 0.9906386 -0.00698461
vn -0.1363322 0.9906386 0.006984668
vn 0.1363322 0.9906386 0.006984656
vn -0.03650657 0.8864987 0.4612888
vn 0.03650659 0.8864987 0.4612887
vn -0.9957004 -0.0589678 -0.07143813
vn -0.9976019 0 0.06921256
vn -0.9957004 -0.05896781 0.07143813
vn -0.9976019 0 -0.06921256
vn -0.09264485 2.266362E-07 -0.9956993
vn -0.0941643 -0.07230177 -0.9929277
vn 0.09264485 2.260586E-07 -0.9956993
vn -0.03555634 -0.8959224 -0.4427853
vn -0.1067096 -0.9942742 -0.005637272
vn -0.9957004 -0.05896781 0.07143813
vn 0.09416431 -0.07230177 -0.9929277
vn 0.03555636 -0.8959224 -0.4427853
vn 0.1067096 -0.9942742 -0.005637274
vn 0.9957004 -0.0589678 -0.07143814
vn 0.9976019 0 -0.06921256
vn 0.9976019 0 0.06921256
vn 0.9957004 -0.05896781 0.07143813
vn 0.1067096 -0.9942743 0.005637264
vn 0.1067096 -0.9942743 0.005637264
vn -0.1067096 -0.9942743 0.005637266
vn 0.03555641 -0.8959225 0.4427848
vn 0.9957004 -0.05896781 0.07143813
vn 0.09416457 -0.0723016 0.9929277
vn 0.9976019 0 0.06921256
vn 0.09264509 0 0.9956992
vn -0.03555644 -0.8959225 0.4427848
vn -0.09416456 -0.0723016 0.9929277
vn -0.09264509 0 0.9956992
vn -0.9976019 0 0.06921256
vn 0.9962074 0.05029238 -0.07100374
vn 0.1363322 0.9906386 -0.00698461
vn 0.03650655 0.8864989 -0.4612884
vn 0.09387805 0.06237811 -0.9936277
vn 0.9976019 0 -0.06921256
vn -0.03650658 0.8864989 -0.4612883
vn 0.09264488 0 -0.9956993
vn -0.09387805 0.06237812 -0.9936277
vn -0.1363323 0.9906386 -0.006984601
vn -0.09264488 0 -0.9956993
vn -0.9962074 0.05029238 -0.07100374
vn -0.9976019 0 -0.06921256
vn -0.9962074 0.05029238 -0.07100374
vn -0.1363323 0.9906386 -0.006984601
vn -0.1363322 0.9906386 0.006984668
vn -0.9962074 0.05029238 0.07100374
vn -0.9976019 0 -0.06921256
vn -0.9976019 0 0.06921256
vn -0.03650657 0.8864987 0.4612888
vn -0.09264509 0 0.9956992
vn -0.09387825 0.06237813 0.9936277
vn 0.03650659 0.8864987 0.4612887
vn 0.09264509 0 0.9956992
vn 0.09387825 0.06237815 0.9936277
vn 0.1363322 0.9906386 0.006984656
vn 0.9962074 0.0502924 0.07100374
vn 0.1363322 0.9906386 -0.00698461
vn 0.9976019 0 0.06921256
vn 0.9962074 0.05029238 -0.07100374
vn 0.9976019 0 -0.06921256
vn 0.9976019 0 0.06921256
vn 0.9976019 0 0.06921256
vn 0.09264509 0 0.9956992
vn 0.09264509 0 0.9956992
vn -0.09264509 0 0.9956992
vn -0.09264509 0 0.9956992
vn -0.9976019 0 0.06921256
vn -0.9976019 0 0.06921256
vn -0.9976019 0 -0.06921256
vn -0.9976019 0 -0.06921256
vn 0.9976019 0 0.06921256
vn 0.9976019 0 -0.06921256
vn 0.9976019 0 -0.06921256
vn 0.09264488 0 -0.9956993
vn 0.09264476 -1.684231E-07 -0.9956993
vn -0.09264488 0 -0.9956993
vn -0.09264477 -1.688534E-07 -0.9956993
vn -0.9976019 0 -0.06921256
vn -0.9976019 0 -0.06921256
vn 0.9976019 0 0.06921256
vn 0.9976019 0 0.06921256
vn 0.09264508 0 0.9956992
vn 0.09264509 0 0.9956992
vn -0.09264508 0 0.9956992
vn -0.09264509 0 0.9956992
vn -0.9976019 0 0.06921256
vn -0.9976019 0 0.06921256
vn -0.9976019 0 -0.06921256
vn -0.9976019 0 0.06921256
vn -0.9976019 0 0.06921256
vn -0.9976019 0 -0.06921257
vn -0.09264485 2.266362E-07 -0.9956993
vn -0.09264479 0 -0.9956993
vn 0.09264485 2.260586E-07 -0.9956993
vn 0.09264479 0 -0.9956993
vn 0.9976019 0 -0.06921256
vn 0.9976019 0 -0.06921257
vn 0.9976019 0 0.06921256
vn 0.9976019 0 0.06921256
vn 0.09264509 0 0.9956992
vn 0.09264508 0 0.9956992
vn -0.09264509 0 0.9956992
vn -0.09264508 0 0.9956992
vn -0.9976019 0 0.06921256
vn -0.9976019 0 0.06921256
vn -0.9976019 0 -0.06921257
vn -0.9976019 0 -0.06921256
vn -0.9976019 0 0.06921256
vn -0.9976019 0 0.06921256
vn 0.9976019 0 0.06921256
vn 0.9976019 0 0.06921256
vn 0.9976019 0 -0.06921256
vn 0.9976019 0 -0.06921257
vn 0.09264476 -1.684231E-07 -0.9956993
vn 0.09264479 0 -0.9956993
vn -0.09264477 -1.688534E-07 -0.9956993
vn -0.09264479 0 -0.9956993
vn -0.9976019 0 -0.06921256
vn -0.9976019 0 -0.06921257
vn -0.9964278 0.08444869 0
vn -0.1652103 0.9862584 0
vn -0.2120104 0.9772355 0.007905464
vn -0.9959469 0.0687803 0.05795535
vn -0.9982789 -0.05864625 0
vn -0.06313153 0.8154117 0.5754287
vn -0.997122 -0.04973716 0.05721759
vn -0.1326006 -0.9911696 0
vn -0.1143451 0.1029204 0.9880954
vn 0.06313154 0.8154117 0.5754287
vn -0.1143857 -0.07419337 0.990662
vn -0.1674515 -0.985858 0.006633033
vn 0.1143451 0.1029204 0.9880954
vn 0.2120104 0.9772355 0.007905466
vn 0.1143857 -0.07419337 0.990662
vn 0.9959469 0.0687803 0.05795535
vn 0.1652102 0.9862584 0
vn 0.9964278 0.08444869 0
vn 0.9982789 -0.05864626 0
vn 0.997122 -0.04973716 0.05721759
vn -0.06124943 -0.8294181 0.5552604
vn 0.06124943 -0.8294181 0.5552604
vn 0.1674514 -0.985858 0.006633034
vn 0.1326006 -0.9911696 0
vn -0.06313153 0.8154117 0.5754287
vn 0.2120104 0.9772355 0.007905466
vn 0.06313154 0.8154117 0.5754287
vn -0.2120104 0.9772355 0.007905464
vn 0.1652102 0.9862584 0
vn -0.1652103 0.9862584 0
vn -1 0 0
vn -1 0 0
vn -1 0 0
vn -1 0 0
vn -1 0 0
vn -1 0 0
vn -1 0 0
vn -1 0 0
vn -1 0 0
vn -1 0 0
vn -1 0 0
vn -1 0 0
vn -1 0 0
vn -1 0 0
vn -1 0 0
vn -1 0 0
vn -1 0 0
vn -1 0 0
vn -1 0 0
vn -1 0 0
vn -1 -1.775462E-07 0
vn -1 -1.775462E-07 0
vn -1 -1.775462E-07 0
vn -1 -1.775462E-07 0
vn -1 0 0
vn -1 0 0
vn -1 0 0
vn -1 0 0
vn -1 0 0
vn -1 0 0
vn -1 0 0
vn -1 0 0
vn -1 0 0
vn -1 0 0
vn -1 0 0
vn -1 0 0
vn -1 0 0
vn -1 0 0
vn -1 0 0
vn -1 0 0
vn -1 0 0
vn -1 0 0
vn -1 0 0
vn -1 0 0
vn 1 0 0
vn 1 0 0
vn 1 0 0
vn 1 0 0
vn 1 0 0
vn 1 0 0
vn 1 0 0
vn 1 0 0
vn 1 0 0
vn 1 0 0
vn 1 0 0
vn 1 0 0
vn 1 0 0
vn 1 0 0
vn 1 0 0
vn 1 0 0
vn 1 -1.775462E-07 0
vn 1 -1.775462E-07 0
vn 1 -1.775462E-07 0
vn 1 -1.775462E-07 0
vn 1 0 0
vn 1 0 0
vn 1 0 0
vn 1 0 0
vn 1 0 0
vn 1 0 0
vn 1 0 0
vn 1 0 0
vn 1 0 0
vn 1 0 0
vn 1 0 0
vn 1 0 0
vn 1 0 0
vn 1 0 0
vn 1 0 0
vn 1 0 0
vn 0 0 1
vn 0 0 1
vn 0 0 1
vn 0 0 1
vn 0 0 1
vn 0 0 1
vn 0 0 1
vn 0 0 1
vn 0 0 1
vn 0 0 1
vn 0 0 1
vn 0 0 1
vn 0 0 1
vn 0 0 1
vn 0 0 1
vn 0 0 1
vn 0 0 1
vn 0 0 1
vn 0 0 1
vn 0 0 1
vn 0 0 1
vn 0 0 1
vn 0 0 1
vn 0 0 1
vn 0 0 1
vn 0 0 1
vn 0 0 1
vn 0 0 1
vn 0 0 1
vn 0 0 1
vn 0 0 1
vn 0 0 1
vn 0 0 1
vn 0 0 1
vn 0 0 1
vn 0 0 1
vn 0 0 1
vn 0 0 1
vn 0 0 1
vn 0 0 1
vn 0 1 0
vn 0 1 0
vn 0 1 0
vn 0 1 0
vn 0 1 0
vn 0 1 0
vn 0 1 0
vn 0 1 0
vn 0 1 0
vn 0 1 0
vn 0 1 0
vn 0 1 0
vn 0 1 0
vn 0 1 0
vn 0 1 0
vn 0 1 0
vn 0 1 0
vn 0 1 0
vn 0 1 0
vn 0 1 0
vn 0 1 0
vn 0 1 0
vn 0 1 0
vn 0 1 0
vn 0 1 0
vn 0 1 0
vn 0 1 0
vn 0 1 0
vn 0 1 0
vn 0 1 0
vn 0 1 0
vn 0 1 0
vn 1 -6.320403E-07 0
vn 1 -6.320403E-07 0
vn 1 -6.320403E-07 0
vn 1 -6.320403E-07 0
vn 1 -6.100153E-07 0
vn 1 -6.100153E-07 0
vn 1 -6.100153E-07 0
vn 1 -6.100153E-07 0
vn 1 -6.320404E-07 0
vn 1 -6.320404E-07 0
vn 1 -6.320404E-07 0
vn 1 -6.320404E-07 0
vn -1 -6.320383E-07 0
vn -1 -6.320383E-07 0
vn -1 -6.320383E-07 0
vn -1 -6.320383E-07 0
vn -1 -6.320406E-07 0
vn -1 -6.320406E-07 0
vn -1 -6.320406E-07 0
vn -1 -6.320406E-07 0
vn -1 -6.100153E-07 0
vn -1 -6.100153E-07 0
vn -1 -6.100153E-07 0
vn -1 -6.100153E-07 0
vn 0 0 -1
vn 0 0 -1
vn 0 0 -1
vn 0 0 -1
vn 0 0 -1
vn 0 0 -1
vn 0 0 -1
vn 0 0 -1
vn 0 0 -1
vn 0 0 -1
vn 0 0 -1
vn 0 0 -1
vn 0 0 -1
vn 0 0 -1
vn 0 0 -1
vn 0 0 -1
vn 0 0 -1
vn 0 0 -1
vn 0 0 -1
vn 0 0 -1
vn -0.9525688 -0.2151893 0.2151893
vn 0 0.7071068 0.7071068
vn 0 -0.7071068 0.7071068
vn -0.9525688 0.2151893 0.2151893
vn -0.9525688 -0.2151893 -0.2151893
vn -0.9525688 0.2151893 -0.2151893
vn 0 0.7071068 -0.7071068
vn -0.9525688 0.2151893 -0.2151893
vn 0 -0.7071068 -0.7071068
vn -0.9525688 -0.2151893 -0.2151893
vn 0 -0.7071068 0.7071068
vn -0.9525688 -0.2151893 0.2151893
vn -0.9238781 -0.2706013 0.2705999
vn 0 0.7071086 0.7071049
vn 0 -0.7071086 0.7071049
vn -0.9238781 0.2706013 0.2705999
vn -0.9238781 -0.2706013 -0.2705999
vn -0.9238781 0.2706013 -0.2705999
vn 0 0.7071086 -0.7071049
vn -0.9238781 0.2706013 -0.2705999
vn 0 -0.7071086 -0.7071049
vn -0.9238781 -0.2706013 -0.2705999
vn 0 -0.7071086 0.7071049
vn -0.9238781 -0.2706013 0.2705999
vn 0.9525688 -0.2151893 0.2151893
vn 0 -0.7071068 0.7071068
vn 0 0.7071068 0.7071068
vn 0.9525688 0.2151893 0.2151893
vn 0.9525688 -0.2151893 -0.2151893
vn 0.9525688 0.2151893 -0.2151893
vn 0 0.7071068 -0.7071068
vn 0.9525688 0.2151893 -0.2151893
vn 0 -0.7071068 -0.7071068
vn 0.9525688 -0.2151893 -0.2151893
vn 0 -0.7071068 0.7071068
vn 0.9525688 -0.2151893 0.2151893
vn 0.9238781 -0.2706013 0.2705999
vn 0 -0.7071086 0.7071049
vn 0 0.7071086 0.7071049
vn 0.9238781 0.2706013 0.2705999
vn 0.9238781 -0.2706013 -0.2705999
vn 0.9238781 0.2706013 -0.2705999
vn 0 0.7071086 -0.7071049
vn 0.9238781 0.2706013 -0.2705999
vn 0 -0.7071086 -0.7071049
vn 0.9238781 -0.2706013 -0.2705999
vn 0 -0.7071086 0.7071049
vn 0.9238781 -0.2706013 0.2705999
vn -0.4975408 0.2426713 -0.8328047
vn -0.7076892 0.7065238 0
vn -0.8987907 0.4383778 0
vn -0.6329813 -0.7741671 0
vn -0.1410016 0.1407696 -0.9799502
vn -0.2956322 0.4449539 -0.8453507
vn -0.5533989 0.8329164 0
vn 0.4954911 0.244761 -0.8334149
vn 0.8965769 0.4428881 0
vn 0.7726462 -0.6348369 0
vn 0.4228004 -0.3473896 -0.8369948
vn -0.3700186 -0.4525506 -0.8113471
vn 0 0 -1
vn -1.734831E-07 0 -1
vn 0 0 -1
vn -2.312389E-07 0 -1
vn 1.347157E-07 0 -1
vn 0 0 -1
vn 1 0 0
vn 0.6157475 1.743411E-07 -0.7879437
vn 0.225499 -0.9305283 -0.2885607
vn -0.6157475 0 -0.7879437
vn 0.3916658 -0.2402912 -0.8881768
vn 0.9734876 0.2287396 0
vn -0.225499 -0.9305283 -0.2885606
vn -1 0 0
vn -0.3916658 -0.2402912 -0.8881768
vn -0.9734876 0.2287396 0
vn -0.1084138 0.0254739 -0.9937794
vn 0.1084138 0.0254739 -0.9937794
vn 0.2969869 -0.5808048 -0.7579344
vn -0.1352033 0.07507477 -0.9879695
vn -0.8742621 0.4854542 0
vn 0.1352033 0.07507477 -0.9879695
vn 0.8742621 0.4854542 0
vn -0.2439495 0.1464831 -0.9586613
vn -0.857317 0.5147888 0
vn 0.3832838 0.1395112 -0.9130335
vn 0.9396868 0.3420361 0
vn 0.4552704 -0.8903532 0
vn -0.4552704 -0.8903532 0
vn -0.2969869 -0.5808048 -0.7579344
vn -0.9396868 0.3420361 0
vn -0.3832838 0.1395112 -0.9130335
vn 0.857317 0.5147888 0
vn 0.2439495 0.1464831 -0.9586613
vn -0.553794 0.8326537 0
vn 0.3688146 0.1225845 -0.9213842
vn 0.948956 0.3154086 0
vn 0.4840279 -0.8750525 0
vn -0.08737841 0.1313773 -0.9874741
vn -0.1727036 0.9849739 0
vn 0.08503367 -0.1537286 -0.9844475
vn 0.01497405 -0.07880256 -0.9967778
vn 0.1866794 -0.9824209 0
vn -0.00966085 0.05509838 -0.9984341
vn 0.1659446 0.9861351 0
vn 0.008243809 0.0489893 -0.9987652
vn 0.2149787 0.9766187 0
vn 0.146332 -0.2276282 -0.9626902
vn -0.01497405 -0.07880256 -0.9967778
vn 0.5407563 -0.8411793 0
vn -0.146332 -0.2276282 -0.9626902
vn -0.5407563 -0.8411793 0
vn -0.1866794 -0.9824209 0
vn -0.4840279 -0.8750525 0
vn 0.07846358 0.3564493 -0.9310142
vn -0.2149787 0.9766187 0
vn -0.008243809 0.0489893 -0.9987652
vn -0.07846358 0.3564493 -0.9310142
vn -0.1659446 0.9861351 0
vn 0.009660851 0.05509838 -0.9984341
vn 0.1727036 0.9849739 0
vn -0.08503368 -0.1537286 -0.9844475
vn 0.08737841 0.1313773 -0.9874741
vn 0.553794 0.8326537 0
vn -0.3688146 0.1225845 -0.9213842
vn -0.948956 0.3154086 0
vn 0.4975409 0.2426714 -0.8328046
vn 0.8987907 0.4383778 0
vn 0.7076892 0.7065238 0
vn 0.6329813 -0.7741671 0
vn 0.141002 0.1407697 -0.9799501
vn 0.2956323 0.4449538 -0.8453506
vn 0.5533989 0.8329164 0
vn -0.4954911 0.2447611 -0.833415
vn -0.8965769 0.4428881 0
vn -0.7726462 -0.6348369 0
vn -0.4228005 -0.3473897 -0.8369946
vn 0.3700187 -0.4525509 -0.8113469
vn 0 0 -1
vn 1.138728E-07 0 -1
vn 0 0 -1
vn 1.519707E-07 0 -1
vn 0 0 -1
vn 0 0 -1
vn 0.0391787 0.01473482 -0.9991236
vn 0.5383708 0.2024796 -0.8180214
vn 0.5383708 -0.2024796 -0.8180214
vn 0.01823024 -0.006856235 -0.9998104
vn -0.0180623 0.006793175 -0.9998139
vn -0.5383708 -0.2024796 -0.8180214
vn -0.01027236 -0.003863404 -0.9999398
vn -0.5383708 0.2024796 -0.8180214
vn -0.0391787 0.01473482 -0.9991236
vn -0.5383708 0.2024796 -0.8180214
vn 0.5383708 0.2024796 -0.8180214
vn 0.0180623 0.006793175 -0.9998139
vn -0.01823023 -0.006856232 -0.9998104
vn 0.5383708 -0.2024796 -0.8180214
vn 0.01027236 -0.003863402 -0.9999398
vn -0.5383708 -0.2024796 -0.8180214
g arbok_model_0
f 3/3/3 2/2/2 1/1/1
f 2/2/2 4/4/4 1/1/1
f 4/4/4 5/5/5 1/1/1
f 5/5/5 6/6/6 1/1/1
f 6/6/6 7/7/7 1/1/1
f 7/7/7 8/8/8 1/1/1
f 1/1/1 8/8/8 9/9/9
f 8/8/8 10/10/10 9/9/9
f 9/9/9 10/10/10 11/11/11
f 10/10/10 12/12/12 11/11/11
f 13/13/13 11/11/11 12/12/12
f 14/14/14 13/13/13 12/12/12
f 14/14/14 15/15/15 13/13/13
f 14/14/14 16/16/16 15/15/15
f 6/6/6 17/17/17 7/7/7
f 17/17/17 6/6/6 5/5/5
f 17/17/17 18/18/18 7/7/7
f 18/18/18 17/17/17 19/19/19
f 20/20/20 18/18/18 19/19/19
f 16/16/16 20/20/20 21/21/21
f 20/20/20 19/19/19 21/21/21
f 16/16/16 21/21/21 15/15/15
f 17/17/17 22/22/22 19/19/19
f 22/22/22 17/17/17 5/5/5
f 22/22/22 23/23/23 19/19/19
f 13/13/13 24/24/24 11/11/11
f 24/24/24 25/25/25 11/11/11
f 25/25/25 26/26/26 11/11/11
f 24/24/24 13/13/13 27/27/27
f 13/13/13 28/28/28 27/27/27
f 27/27/27 28/28/28 29/29/29
f 26/26/26 27/27/27 29/29/29
f 26/26/26 29/29/29 11/11/11
f 29/29/29 30/30/30 11/11/11
f 30/30/30 9/9/9 11/11/11
f 13/13/13 31/31/31 28/28/28
f 31/31/31 13/13/13 15/15/15
f 31/31/31 32/32/32 28/28/28
f 33/33/33 31/31/31 15/15/15
f 32/32/32 34/34/34 28/28/28
f 34/34/34 33/33/33 35/35/35
f 33/33/33 15/15/15 35/35/35
f 34/34/34 35/35/35 28/28/28
f 29/29/29 28/28/28 36/36/36
f 29/29/29 36/36/36 30/30/30
f 28/28/28 37/37/37 36/36/36
f 28/28/28 35/35/35 37/37/37
f 36/36/36 38/38/38 30/30/30
f 38/38/38 39/39/39 30/30/30
f 30/30/30 40/40/40 9/9/9
f 39/39/39 40/40/40 30/30/30
f 40/40/40 41/41/41 9/9/9
f 40/40/40 39/39/39 42/42/42
f 39/39/39 43/43/43 42/42/42
f 44/44/44 35/35/35 15/15/15
f 35/35/35 44/44/44 37/37/37
f 44/44/44 45/45/45 37/37/37
f 21/21/21 44/44/44 15/15/15
f 45/45/45 44/44/44 46/46/46
f 47/47/47 44/44/44 21/21/21
f 44/44/44 47/47/47 46/46/46
f 48/48/48 47/47/47 21/21/21
f 46/46/46 47/47/47 49/49/49
f 47/47/47 48/48/48 50/50/50
f 47/47/47 51/51/51 49/49/49
f 51/51/51 47/47/47 50/50/50
f 51/51/51 50/50/50 52/52/52
f 53/53/53 51/51/51 52/52/52
f 52/52/52 54/54/54 53/53/53
f 54/54/54 55/55/55 53/53/53
f 55/55/55 54/54/54 56/56/56
f 57/57/57 54/54/54 52/52/52
f 58/58/58 57/57/57 52/52/52
f 54/54/54 59/59/59 56/56/56
f 56/56/56 59/59/59 60/60/60
f 54/54/54 57/57/57 61/61/61
f 61/61/61 57/57/57 58/58/58
f 59/59/59 54/54/54 61/61/61
f 59/59/59 62/62/62 60/60/60
f 59/59/59 61/61/61 62/62/62
f 42/42/42 60/60/60 62/62/62
f 4/4/4 42/42/42 62/62/62
f 61/61/61 63/63/63 62/62/62
f 63/63/63 61/61/61 58/58/58
f 63/63/63 58/58/58 64/64/64
f 65/65/65 63/63/63 64/64/64
f 66/66/66 65/65/65 4/4/4
f 67/67/67 66/66/66 4/4/4
f 4/4/4 65/65/65 5/5/5
f 65/65/65 68/68/68 5/5/5
f 65/65/65 64/64/64 68/68/68
f 22/22/22 5/5/5 68/68/68
f 69/69/69 22/22/22 68/68/68
f 64/64/64 69/69/69 68/68/68
f 69/69/69 64/64/64 22/22/22
f 64/64/64 23/23/23 22/22/22
f 64/64/64 70/70/70 23/23/23
f 70/70/70 71/71/71 23/23/23
f 74/74/74 73/73/73 72/72/72
f 73/73/73 75/75/75 72/72/72
f 72/72/72 75/75/75 76/76/76
f 75/75/75 77/77/77 76/76/76
f 78/78/78 77/77/77 75/75/75
f 79/79/79 78/78/78 75/75/75
f 77/77/77 80/80/80 76/76/76
f 81/81/81 78/78/78 79/79/79
f 82/82/82 81/81/81 79/79/79
f 83/83/83 81/81/81 82/82/82
f 76/76/76 80/80/80 84/84/84
f 80/80/80 85/85/85 84/84/84
f 82/82/82 79/79/79 86/86/86
f 79/79/79 87/87/87 86/86/86
f 88/88/88 83/83/83 82/82/82
f 89/89/89 83/83/83 88/88/88
f 88/88/88 82/82/82 90/90/90
f 82/82/82 86/86/86 90/90/90
f 91/91/91 89/89/89 88/88/88
f 88/88/88 90/90/90 91/91/91
f 92/92/92 89/89/89 91/91/91
f 85/85/85 92/92/92 93/93/93
f 93/93/93 92/92/92 91/91/91
f 84/84/84 85/85/85 93/93/93
f 90/90/90 94/94/94 91/91/91
f 90/90/90 95/95/95 94/94/94
f 95/95/95 96/96/96 94/94/94
f 97/97/97 95/95/95 90/90/90
f 86/86/86 97/97/97 90/90/90
f 94/94/94 96/96/96 98/98/98
f 84/84/84 93/93/93 98/98/98
f 96/96/96 99/99/99 98/98/98
f 98/98/98 93/93/93 100/100/100
f 93/93/93 101/101/101 100/100/100
f 102/102/102 97/97/97 86/86/86
f 87/87/87 102/102/102 86/86/86
f 97/97/97 102/102/102 103/103/103
f 104/104/104 84/84/84 98/98/98
f 98/98/98 99/99/99 104/104/104
f 84/84/84 104/104/104 76/76/76
f 105/105/105 102/102/102 87/87/87
f 102/102/102 105/105/105 103/103/103
f 72/72/72 105/105/105 87/87/87
f 103/103/103 105/105/105 72/72/72
f 106/106/106 72/72/72 76/76/76
f 104/104/104 106/106/106 76/76/76
f 106/106/106 103/103/103 72/72/72
f 104/104/104 107/107/107 106/106/106
f 99/99/99 107/107/107 104/104/104
f 107/107/107 103/103/103 106/106/106
f 107/107/107 99/99/99 108/108/108
f 107/107/107 108/108/108 103/103/103
f 99/99/99 109/109/109 108/108/108
f 108/108/108 110/110/110 103/103/103
f 113/113/113 112/112/112 111/111/111
f 114/114/114 113/113/113 111/111/111
f 115/115/115 114/114/114 111/111/111
f 116/116/116 115/115/115 111/111/111
f 116/116/116 117/117/117 115/115/115
f 117/117/117 118/118/118 115/115/115
f 121/121/121 120/120/120 119/119/119
f 120/120/120 122/122/122 119/119/119
f 120/120/120 123/123/123 122/122/122
f 124/124/124 123/123/123 120/120/120
f 123/123/123 125/125/125 122/122/122
f 126/126/126 124/124/124 120/120/120
f 122/122/122 125/125/125 127/127/127
f 124/124/124 126/126/126 127/127/127
f 128/128/128 122/122/122 127/127/127
f 126/126/126 128/128/128 127/127/127
f 122/122/122 129/129/129 119/119/119
f 130/130/130 129/129/129 122/122/122
f 126/126/126 131/131/131 128/128/128
f 119/119/119 132/132/132 126/126/126
f 132/132/132 131/131/131 126/126/126
f 129/129/129 133/133/133 119/119/119
f 133/133/133 132/132/132 119/119/119
f 128/128/128 134/134/134 129/129/129
f 131/131/131 134/134/134 128/128/128
f 134/134/134 133/133/133 129/129/129
f 134/134/134 131/131/131 135/135/135
f 134/134/134 135/135/135 136/136/136
f 131/131/131 137/137/137 135/135/135
f 138/138/138 137/137/137 131/131/131
f 137/137/137 139/139/139 135/135/135
f 140/140/140 139/139/139 137/137/137
f 139/139/139 141/141/141 135/135/135
f 142/142/142 135/135/135 141/141/141
f 133/133/133 143/143/143 132/132/132
f 133/133/133 144/144/144 143/143/143
f 144/144/144 133/133/133 145/145/145
f 146/146/146 144/144/144 145/145/145
f 144/144/144 146/146/146 147/147/147
f 147/147/147 146/146/146 148/148/148
f 149/149/149 144/144/144 147/147/147
f 149/149/149 147/147/147 148/148/148
f 144/144/144 149/149/149 143/143/143
f 143/143/143 149/149/149 148/148/148
f 143/143/143 148/148/148 150/150/150
f 143/143/143 151/151/151 132/132/132
f 151/151/151 143/143/143 150/150/150
f 151/151/151 152/152/152 132/132/132
f 132/132/132 152/152/152 153/153/153
f 152/152/152 154/154/154 153/153/153
f 154/154/154 155/155/155 150/150/150
f 150/150/150 155/155/155 151/151/151
f 155/155/155 154/154/154 152/152/152
f 155/155/155 156/156/156 151/151/151
f 156/156/156 155/155/155 152/152/152
f 151/151/151 156/156/156 152/152/152
f 159/159/159 158/158/158 157/157/157
f 160/160/160 159/159/159 157/157/157
f 163/163/163 162/162/162 161/161/161
f 162/162/162 164/164/164 161/161/161
f 161/161/161 164/164/164 165/165/165
f 164/164/164 162/162/162 166/166/166
f 164/164/164 166/166/166 165/165/165
f 162/162/162 167/167/167 166/166/166
f 165/165/165 166/166/166 168/168/168
f 166/166/166 167/167/167 168/168/168
f 171/171/171 170/170/170 169/169/169
f 172/172/172 171/171/171 169/169/169
f 175/175/175 174/174/174 173/173/173
f 174/174/174 176/176/176 173/173/173
f 173/173/173 176/176/176 177/177/177
f 176/176/176 174/174/174 178/178/178
f 176/176/176 178/178/178 177/177/177
f 174/174/174 179/179/179 178/178/178
f 177/177/177 178/178/178 180/180/180
f 178/178/178 179/179/179 180/180/180
f 183/183/183 182/182/182 181/181/181
f 184/184/184 183/183/183 181/181/181
f 187/187/187 186/186/186 185/185/185
f 188/188/188 187/187/187 185/185/185
f 188/188/188 185/185/185 189/189/189
f 187/187/187 188/188/188 190/190/190
f 190/190/190 188/188/188 189/189/189
f 191/191/191 187/187/187 190/190/190
f 190/190/190 189/189/189 192/192/192
f 191/191/191 190/190/190 192/192/192
f 195/195/195 194/194/194 193/193/193
f 196/196/196 195/195/195 193/193/193
f 199/199/199 198/198/198 197/197/197
f 200/200/200 199/199/199 197/197/197
f 200/200/200 197/197/197 201/201/201
f 199/199/199 200/200/200 202/202/202
f 202/202/202 200/200/200 201/201/201
f 203/203/203 199/199/199 202/202/202
f 202/202/202 201/201/201 204/204/204
f 203/203/203 202/202/202 204/204/204
f 207/207/207 206/206/206 205/205/205
f 206/206/206 208/208/208 205/205/205
f 205/205/205 208/208/208 209/209/209
f 210/210/210 205/205/205 209/209/209
f 210/210/210 209/209/209 211/211/211
f 212/212/212 210/210/210 211/211/211
f 213/213/213 212/212/212 211/211/211
f 214/214/214 213/213/213 211/211/211
f 215/215/215 213/213/213 214/214/214
f 216/216/216 215/215/215 214/214/214
f 219/219/219 218/218/218 217/217/217
f 220/220/220 219/219/219 217/217/217
f 220/220/220 221/221/221 219/219/219
f 221/221/221 222/222/222 219/219/219
f 221/221/221 223/223/223 222/222/222
f 223/223/223 224/224/224 222/222/222
f 227/227/227 226/226/226 225/225/225
f 228/228/228 227/227/227 225/225/225
f 228/228/228 225/225/225 229/229/229
f 230/230/230 228/228/228 229/229/229
f 230/230/230 229/229/229 231/231/231
f 232/232/232 230/230/230 231/231/231
f 232/232/232 231/231/231 233/233/233
f 234/234/234 232/232/232 233/233/233
f 234/234/234 233/233/233 235/235/235
f 236/236/236 234/234/234 235/235/235
f 239/239/239 238/238/238 237/237/237
f 240/240/240 239/239/239 237/237/237
f 243/243/243 242/242/242 241/241/241
f 241/241/241 242/242/242 244/244/244
f 242/242/242 245/245/245 244/244/244
f 246/246/246 241/241/241 244/244/244
f 245/245/245 247/247/247 244/244/244
f 248/248/248 246/246/246 244/244/244
f 247/247/247 245/245/245 249/249/249
f 248/248/248 250/250/250 246/246/246
f 250/250/250 247/247/247 249/249/249
f 250/250/250 249/249/249 246/246/246
f 253/253/253 252/252/252 251/251/251
f 254/254/254 253/253/253 251/251/251
f 257/257/257 256/256/256 255/255/255
f 257/257/257 255/255/255 258/258/258
f 259/259/259 257/257/257 258/258/258
f 255/255/255 260/260/260 258/258/258
f 261/261/261 259/259/259 258/258/258
f 260/260/260 262/262/262 258/258/258
f 259/259/259 261/261/261 263/263/263
f 264/264/264 262/262/262 260/260/260
f 261/261/261 264/264/264 263/263/263
f 263/263/263 264/264/264 260/260/260
f 267/267/267 266/266/266 265/265/265
f 268/268/268 267/267/267 265/265/265
f 271/271/271 270/270/270 269/269/269
f 270/270/270 272/272/272 269/269/269
f 269/269/269 272/272/272 273/273/273
f 272/272/272 270/270/270 274/274/274
f 272/272/272 274/274/274 273/273/273
f 270/270/270 275/275/275 274/274/274
f 273/273/273 274/274/274 276/276/276
f 274/274/274 275/275/275 276/276/276
f 279/279/279 278/278/278 277/277/277
f 280/280/280 279/279/279 277/277/277
f 283/283/283 282/282/282 281/281/281
f 284/284/284 283/283/283 281/281/281
f 284/284/284 281/281/281 285/285/285
f 283/283/283 284/284/284 286/286/286
f 286/286/286 284/284/284 285/285/285
f 287/287/287 283/283/283 286/286/286
f 286/286/286 285/285/285 288/288/288
f 287/287/287 286/286/286 288/288/288
f 291/291/291 290/290/290 289/289/289
f 292/292/292 291/291/291 289/289/289
f 292/292/292 289/289/289 293/293/293
f 294/294/294 292/292/292 293/293/293
f 294/294/294 293/293/293 295/295/295
f 296/296/296 294/294/294 295/295/295
f 299/299/299 298/298/298 297/297/297
f 298/298/298 300/300/300 297/297/297
f 300/300/300 301/301/301 297/297/297
f 301/301/301 302/302/302 297/297/297
f 301/301/301 303/303/303 302/302/302
f 302/302/302 304/304/304 297/297/297
f 304/304/304 305/305/305 297/297/297
f 297/297/297 305/305/305 306/306/306
f 303/303/303 307/307/307 302/302/302
f 308/308/308 304/304/304 302/302/302
f 307/307/307 308/308/308 302/302/302
f 308/308/308 309/309/309 304/304/304
f 309/309/309 308/308/308 307/307/307
f 309/309/309 305/305/305 304/304/304
f 307/307/307 303/303/303 310/310/310
f 310/310/310 309/309/309 307/307/307
f 303/303/303 311/311/311 310/310/310
f 311/311/311 312/312/312 310/310/310
f 312/312/312 313/313/313 310/310/310
f 313/313/313 314/314/314 310/310/310
f 314/314/314 309/309/309 310/310/310
f 309/309/309 315/315/315 305/305/305
f 315/315/315 316/316/316 305/305/305
f 305/305/305 316/316/316 306/306/306
f 315/315/315 317/317/317 316/316/316
f 317/317/317 315/315/315 318/318/318
f 319/319/319 317/317/317 318/318/318
f 319/319/319 318/318/318 320/320/320
f 321/321/321 319/319/319 320/320/320
f 317/317/317 322/322/322 316/316/316
f 322/322/322 317/317/317 319/319/319
f 323/323/323 319/319/319 321/321/321
f 323/323/323 322/322/322 319/319/319
f 316/316/316 322/322/322 323/323/323
f 306/306/306 316/316/316 323/323/323
f 324/324/324 323/323/323 321/321/321
f 306/306/306 323/323/323 324/324/324
f 325/325/325 306/306/306 324/324/324
f 328/328/328 327/327/327 326/326/326
f 329/329/329 328/328/328 326/326/326
f 329/329/329 326/326/326 330/330/330
f 331/331/331 328/328/328 329/329/329
f 332/332/332 329/329/329 330/330/330
f 333/333/333 331/331/331 329/329/329
f 333/333/333 329/329/329 332/332/332
f 334/334/334 331/331/331 333/333/333
f 335/335/335 333/333/333 332/332/332
f 336/336/336 334/334/334 333/333/333
f 336/336/336 333/333/333 335/335/335
f 337/337/337 336/336/336 335/335/335
f 340/340/340 339/339/339 338/338/338
f 341/341/341 340/340/340 338/338/338
f 341/341/341 338/338/338 342/342/342
f 343/343/343 341/341/341 342/342/342
f 344/344/344 340/340/340 341/341/341
f 343/343/343 345/345/345 341/341/341
f 346/346/346 344/344/344 341/341/341
f 345/345/345 346/346/346 341/341/341
f 347/347/347 344/344/344 346/346/346
f 345/345/345 348/348/348 346/346/346
f 349/349/349 347/347/347 346/346/346
f 348/348/348 349/349/349 346/346/346
f 350/350/350 347/347/347 349/349/349
f 349/349/349 348/348/348 351/351/351
f 351/351/351 350/350/350 349/349/349
f 352/352/352 350/350/350 351/351/351
f 348/348/348 353/353/353 351/351/351
f 354/354/354 352/352/352 351/351/351
f 354/354/354 351/351/351 353/353/353
f 355/355/355 354/354/354 353/353/353
f 358/358/358 357/357/357 356/356/356
f 359/359/359 358/358/358 356/356/356
f 360/360/360 358/358/358 359/359/359
f 361/361/361 360/360/360 359/359/359
f 362/362/362 360/360/360 361/361/361
f 363/363/363 362/362/362 361/361/361
f 356/356/356 365/365/365 364/364/364
f 365/365/365 366/366/366 364/364/364
f 367/367/367 364/364/364 366/366/366
f 368/368/368 367/367/367 366/366/366
f 369/369/369 367/367/367 368/368/368
f 370/370/370 369/369/369 368/368/368
f 371/371/371 369/369/369 370/370/370
f 372/372/372 371/371/371 370/370/370
f 371/371/371 372/372/372 373/373/373
f 372/372/372 374/374/374 373/373/373
f 377/377/377 376/376/376 375/375/375
f 378/378/378 377/377/377 375/375/375
f 379/379/379 377/377/377 378/378/378
f 380/380/380 379/379/379 378/378/378
f 381/381/381 379/379/379 380/380/380
f 382/382/382 381/381/381 380/380/380
f 385/385/385 384/384/384 383/383/383
f 386/386/386 385/385/385 383/383/383
f 385/385/385 386/386/386 387/387/387
f 386/386/386 388/388/388 387/387/387
f 387/387/387 388/388/388 389/389/389
f 388/388/388 390/390/390 389/389/389
f 389/389/389 390/390/390 391/391/391
f 390/390/390 392/392/392 391/391/391
f 393/393/393 391/391/391 392/392/392
f 394/394/394 393/393/393 392/392/392
f 397/397/397 396/396/396 395/395/395
f 398/398/398 397/397/397 395/395/395
f 399/399/399 397/397/397 398/398/398
f 400/400/400 399/399/399 398/398/398
f 401/401/401 399/399/399 400/400/400
f 402/402/402 401/401/401 400/400/400
f 405/405/405 404/404/404 403/403/403
f 404/404/404 406/406/406 403/403/403
f 403/403/403 406/406/406 407/407/407
f 406/406/406 408/408/408 407/407/407
f 407/407/407 408/408/408 409/409/409
f 408/408/408 410/410/410 409/409/409
f 409/409/409 410/410/410 411/411/411
f 410/410/410 412/412/412 411/411/411
f 411/411/411 412/412/412 413/413/413
f 412/412/412 414/414/414 413/413/413
f 417/417/417 416/416/416 415/415/415
f 418/418/418 417/417/417 415/415/415
f 418/418/418 415/415/415 419/419/419
f 420/420/420 418/418/418 419/419/419
f 420/420/420 419/419/419 421/421/421
f 422/422/422 420/420/420 421/421/421
f 425/425/425 424/424/424 423/423/423
f 424/424/424 426/426/426 423/423/423
f 426/426/426 427/427/427 423/423/423
f 427/427/427 428/428/428 423/423/423
f 427/427/427 429/429/429 428/428/428
f 428/428/428 430/430/430 423/423/423
f 430/430/430 431/431/431 423/423/423
f 423/423/423 431/431/431 432/432/432
f 429/429/429 433/433/433 428/428/428
f 434/434/434 430/430/430 428/428/428
f 433/433/433 434/434/434 428/428/428
f 434/434/434 435/435/435 430/430/430
f 435/435/435 434/434/434 433/433/433
f 435/435/435 431/431/431 430/430/430
f 433/433/433 429/429/429 436/436/436
f 436/436/436 435/435/435 433/433/433
f 429/429/429 437/437/437 436/436/436
f 437/437/437 438/438/438 436/436/436
f 438/438/438 439/439/439 436/436/436
f 439/439/439 440/440/440 436/436/436
f 440/440/440 435/435/435 436/436/436
f 435/435/435 441/441/441 431/431/431
f 441/441/441 442/442/442 431/431/431
f 431/431/431 442/442/442 432/432/432
f 441/441/441 443/443/443 442/442/442
f 443/443/443 441/441/441 444/444/444
f 445/445/445 443/443/443 444/444/444
f 445/445/445 444/444/444 446/446/446
f 447/447/447 445/445/445 446/446/446
f 443/443/443 448/448/448 442/442/442
f 448/448/448 443/443/443 445/445/445
f 449/449/449 445/445/445 447/447/447
f 449/449/449 448/448/448 445/445/445
f 442/442/442 448/448/448 449/449/449
f 432/432/432 442/442/442 449/449/449
f 450/450/450 449/449/449 447/447/447
f 432/432/432 449/449/449 450/450/450
f 451/451/451 432/432/432 450/450/450
f 454/454/454 453/453/453 452/452/452
f 455/455/455 454/454/454 452/452/452
f 455/455/455 452/452/452 456/456/456
f 457/457/457 454/454/454 455/455/455
f 458/458/458 455/455/455 456/456/456
f 459/459/459 457/457/457 455/455/455
f 459/459/459 455/455/455 458/458/458
f 460/460/460 457/457/457 459/459/459
f 461/461/461 459/459/459 458/458/458
f 462/462/462 460/460/460 459/459/459
f 462/462/462 459/459/459 461/461/461
f 463/463/463 462/462/462 461/461/461
f 466/466/466 465/465/465 464/464/464
f 467/467/467 466/466/466 464/464/464
f 467/467/467 464/464/464 468/468/468
f 469/469/469 467/467/467 468/468/468
f 470/470/470 466/466/466 467/467/467
f 469/469/469 471/471/471 467/467/467
f 472/472/472 470/470/470 467/467/467
f 471/471/471 472/472/472 467/467/467
f 473/473/473 470/470/470 472/472/472
f 471/471/471 474/474/474 472/472/472
f 475/475/475 473/473/473 472/472/472
f 474/474/474 475/475/475 472/472/472
f 476/476/476 473/473/473 475/475/475
f 475/475/475 474/474/474 477/477/477
f 477/477/477 476/476/476 475/475/475
f 478/478/478 476/476/476 477/477/477
f 474/474/474 479/479/479 477/477/477
f 480/480/480 478/478/478 477/477/477
f 480/480/480 477/477/477 479/479/479
f 481/481/481 480/480/480 479/479/479
f 484/484/484 483/483/483 482/482/482
f 485/485/485 484/484/484 482/482/482
f 486/486/486 484/484/484 485/485/485
f 487/487/487 486/486/486 485/485/485
f 488/488/488 486/486/486 487/487/487
f 489/489/489 488/488/488 487/487/487
f 488/488/488 489/489/489 490/490/490
f 489/489/489 491/491/491 490/490/490
f 493/493/493 482/482/482 492/492/492
f 494/494/494 493/493/493 492/492/492
f 495/495/495 493/493/493 494/494/494
f 496/496/496 495/495/495 494/494/494
f 497/497/497 495/495/495 496/496/496
f 498/498/498 497/497/497 496/496/496
f 499/499/499 497/497/497 498/498/498
f 500/500/500 499/499/499 498/498/498
f 503/503/503 502/502/502 501/501/501
f 504/504/504 503/503/503 501/501/501
f 505/505/505 503/503/503 504/504/504
f 506/506/506 505/505/505 504/504/504
f 507/507/507 505/505/505 506/506/506
f 508/508/508 507/507/507 506/506/506
f 511/511/511 510/510/510 509/509/509
f 510/510/510 512/512/512 509/509/509
f 509/509/509 512/512/512 513/513/513
f 512/512/512 514/514/514 513/513/513
f 513/513/513 514/514/514 515/515/515
f 514/514/514 516/516/516 515/515/515
f 515/515/515 516/516/516 517/517/517
f 516/516/516 518/518/518 517/517/517
f 517/517/517 518/518/518 519/519/519
f 518/518/518 520/520/520 519/519/519
f 521/521/521 519/519/519 520/520/520
f 522/522/522 521/521/521 520/520/520
f 523/523/523 521/521/521 522/522/522
f 524/524/524 523/523/523 522/522/522
f 525/525/525 523/523/523 524/524/524
f 526/526/526 525/525/525 524/524/524
f 529/529/529 528/528/528 527/527/527
f 530/530/530 529/529/529 527/527/527
f 533/533/533 532/532/532 531/531/531
f 534/534/534 533/533/533 531/531/531
f 535/535/535 533/533/533 534/534/534
f 536/536/536 535/535/535 534/534/534
f 537/537/537 535/535/535 536/536/536
f 538/538/538 537/537/537 536/536/536
f 539/539/539 537/537/537 538/538/538
f 540/540/540 539/539/539 538/538/538
f 543/543/543 542/542/542 541/541/541
f 544/544/544 543/543/543 541/541/541
f 544/544/544 541/541/541 545/545/545
f 546/546/546 543/543/543 544/544/544
f 547/547/547 544/544/544 545/545/545
f 545/545/545 548/548/548 547/547/547
f 549/549/549 546/546/546 544/544/544
f 550/550/550 546/546/546 549/549/549
f 547/547/547 551/551/551 544/544/544
f 551/551/551 549/549/549 544/544/544
f 548/548/548 552/552/552 547/547/547
f 547/547/547 552/552/552 551/551/551
f 553/553/553 550/550/550 549/549/549
f 554/554/554 550/550/550 553/553/553
f 551/551/551 555/555/555 549/549/549
f 555/555/555 553/553/553 549/549/549
f 556/556/556 554/554/554 553/553/553
f 553/553/553 555/555/555 556/556/556
f 557/557/557 554/554/554 556/556/556
f 558/558/558 557/557/557 556/556/556
f 558/558/558 556/556/556 559/559/559
f 556/556/556 560/560/560 559/559/559
f 555/555/555 560/560/560 556/556/556
f 551/551/551 561/561/561 555/555/555
f 552/552/552 561/561/561 551/551/551
f 561/561/561 562/562/562 555/555/555
f 555/555/555 562/562/562 560/560/560
f 562/562/562 561/561/561 552/552/552
f 563/563/563 552/552/552 548/548/548
f 563/563/563 562/562/562 552/552/552
f 562/562/562 563/563/563 560/560/560
f 560/560/560 563/563/563 559/559/559
f 564/564/564 563/563/563 548/548/548
f 563/563/563 564/564/564 559/559/559
f 567/567/567 566/566/566 565/565/565
f 566/566/566 568/568/568 565/565/565
f 566/566/566 569/569/569 568/568/568
f 569/569/569 570/570/570 568/568/568
f 573/573/573 572/572/572 571/571/571
f 574/574/574 573/573/573 571/571/571
f 577/577/577 576/576/576 575/575/575
f 578/578/578 577/577/577 575/575/575
f 581/581/581 580/580/580 579/579/579
f 582/582/582 581/581/581 579/579/579
f 585/585/585 584/584/584 583/583/583
f 586/586/586 585/585/585 583/583/583
f 589/589/589 588/588/588 587/587/587
f 590/590/590 589/589/589 587/587/587
f 593/593/593 592/592/592 591/591/591
f 594/594/594 593/593/593 591/591/591
f 597/597/597 596/596/596 595/595/595
f 598/598/598 597/597/597 595/595/595
f 601/601/601 600/600/600 599/599/599
f 602/602/602 601/601/601 599/599/599
f 605/605/605 604/604/604 603/603/603
f 606/606/606 605/605/605 603/603/603
f 609/609/609 608/608/608 607/607/607
f 610/610/610 609/609/609 607/607/607
f 613/613/613 612/612/612 611/611/611
f 614/614/614 613/613/613 611/611/611
f 617/617/617 616/616/616 615/615/615
f 618/618/618 617/617/617 615/615/615
f 621/621/621 620/620/620 619/619/619
f 622/622/622 621/621/621 619/619/619
f 625/625/625 624/624/624 623/623/623
f 626/626/626 625/625/625 623/623/623
f 629/629/629 628/628/628 627/627/627
f 630/630/630 629/629/629 627/627/627
f 633/633/633 632/632/632 631/631/631
f 634/634/634 633/633/633 631/631/631
f 637/637/637 636/636/636 635/635/635
f 638/638/638 637/637/637 635/635/635
f 641/641/641 640/640/640 639/639/639
f 642/642/642 641/641/641 639/639/639
f 645/645/645 644/644/644 643/643/643
f 646/646/646 645/645/645 643/643/643
f 649/649/649 648/648/648 647/647/647
f 650/650/650 649/649/649 647/647/647
f 653/653/653 652/652/652 651/651/651
f 654/654/654 653/653/653 651/651/651
f 657/657/657 656/656/656 655/655/655
f 658/658/658 657/657/657 655/655/655
f 661/661/661 660/660/660 659/659/659
f 662/662/662 661/661/661 659/659/659
f 665/665/665 664/664/664 663/663/663
f 666/666/666 665/665/665 663/663/663
f 669/669/669 668/668/668 667/667/667
f 670/670/670 669/669/669 667/667/667
f 673/673/673 672/672/672 671/671/671
f 674/674/674 673/673/673 671/671/671
f 677/677/677 676/676/676 675/675/675
f 678/678/678 677/677/677 675/675/675
f 681/681/681 680/680/680 679/679/679
f 682/682/682 681/681/681 679/679/679
f 685/685/685 684/684/684 683/683/683
f 686/686/686 685/685/685 683/683/683
f 689/689/689 688/688/688 687/687/687
f 690/690/690 689/689/689 687/687/687
f 693/693/693 692/692/692 691/691/691
f 694/694/694 693/693/693 691/691/691
f 697/697/697 696/696/696 695/695/695
f 698/698/698 697/697/697 695/695/695
f 701/701/701 700/700/700 699/699/699
f 702/702/702 701/701/701 699/699/699
f 705/705/705 704/704/704 703/703/703
f 706/706/706 705/705/705 703/703/703
f 709/709/709 708/708/708 707/707/707
f 710/710/710 709/709/709 707/707/707
f 713/713/713 712/712/712 711/711/711
f 714/714/714 713/713/713 711/711/711
f 717/717/717 716/716/716 715/715/715
f 718/718/718 717/717/717 715/715/715
f 721/721/721 720/720/720 719/719/719
f 722/722/722 721/721/721 719/719/719
f 725/725/725 724/724/724 723/723/723
f 726/726/726 725/725/725 723/723/723
f 729/729/729 728/728/728 727/727/727
f 730/730/730 729/729/729 727/727/727
f 733/733/733 732/732/732 731/731/731
f 734/734/734 733/733/733 731/731/731
f 737/737/737 736/736/736 735/735/735
f 738/738/738 737/737/737 735/735/735
f 741/741/741 740/740/740 739/739/739
f 742/742/742 741/741/741 739/739/739
f 745/745/745 744/744/744 743/743/743
f 746/746/746 745/745/745 743/743/743
f 749/749/749 748/748/748 747/747/747
f 750/750/750 749/749/749 747/747/747
f 753/753/753 752/752/752 751/751/751
f 754/754/754 753/753/753 751/751/751
f 757/757/757 756/756/756 755/755/755
f 758/758/758 757/757/757 755/755/755
f 761/761/761 760/760/760 759/759/759
f 762/762/762 761/761/761 759/759/759
f 765/765/765 764/764/764 763/763/763
f 766/766/766 765/765/765 763/763/763
f 769/769/769 768/768/768 767/767/767
f 768/768/768 770/770/770 767/767/767
f 767/767/767 770/770/770 771/771/771
f 770/770/770 772/772/772 771/771/771
f 768/768/768 773/773/773 770/770/770
f 773/773/773 774/774/774 770/770/770
f 773/773/773 775/775/775 774/774/774
f 775/775/775 776/776/776 774/774/774
f 775/775/775 777/777/777 776/776/776
f 777/777/777 778/778/778 776/776/776
f 781/781/781 780/780/780 779/779/779
f 780/780/780 782/782/782 779/779/779
f 779/779/779 782/782/782 783/783/783
f 782/782/782 784/784/784 783/783/783
f 780/780/780 785/785/785 782/782/782
f 785/785/785 786/786/786 782/782/782
f 785/785/785 787/787/787 786/786/786
f 787/787/787 788/788/788 786/786/786
f 787/787/787 789/789/789 788/788/788
f 789/789/789 790/790/790 788/788/788
f 793/793/793 792/792/792 791/791/791
f 794/794/794 793/793/793 791/791/791
f 794/794/794 791/791/791 795/795/795
f 796/796/796 794/794/794 795/795/795
f 797/797/797 793/793/793 794/794/794
f 798/798/798 797/797/797 794/794/794
f 799/799/799 797/797/797 798/798/798
f 800/800/800 799/799/799 798/798/798
f 801/801/801 799/799/799 800/800/800
f 802/802/802 801/801/801 800/800/800
f 805/805/805 804/804/804 803/803/803
f 806/806/806 805/805/805 803/803/803
f 806/806/806 803/803/803 807/807/807
f 808/808/808 806/806/806 807/807/807
f 809/809/809 805/805/805 806/806/806
f 810/810/810 809/809/809 806/806/806
f 811/811/811 809/809/809 810/810/810
f 812/812/812 811/811/811 810/810/810
f 813/813/813 811/811/811 812/812/812
f 814/814/814 813/813/813 812/812/812
f 817/817/817 816/816/816 815/815/815
f 817/817/817 815/815/815 818/818/818
f 816/816/816 819/819/819 815/815/815
f 820/820/820 819/819/819 816/816/816
f 821/821/821 820/820/820 816/816/816
f 822/822/822 820/820/820 821/821/821
f 823/823/823 822/822/822 821/821/821
f 822/822/822 823/823/823 824/824/824
f 825/825/825 824/824/824 818/818/818
f 825/825/825 822/822/822 824/824/824
f 826/826/826 825/825/825 818/818/818
f 815/815/815 826/826/826 818/818/818
f 827/827/827 825/825/825 826/826/826
f 822/822/822 825/825/825 827/827/827
f 828/828/828 827/827/827 826/826/826
f 828/828/828 826/826/826 815/815/815
f 829/829/829 822/822/822 827/827/827
f 830/830/830 828/828/828 815/815/815
f 830/830/830 815/815/815 819/819/819
f 829/829/829 831/831/831 822/822/822
f 831/831/831 820/820/820 822/822/822
f 832/832/832 830/830/830 819/819/819
f 832/832/832 819/819/819 820/820/820
f 831/831/831 832/832/832 820/820/820
f 835/835/835 834/834/834 833/833/833
f 834/834/834 835/835/835 836/836/836
f 837/837/837 835/835/835 833/833/833
f 833/833/833 838/838/838 837/837/837
f 835/835/835 839/839/839 836/836/836
f 836/836/836 839/839/839 840/840/840
f 841/841/841 839/839/839 835/835/835
f 839/839/839 841/841/841 840/840/840
f 837/837/837 841/841/841 835/835/835
f 842/842/842 840/840/840 841/841/841
f 843/843/843 841/841/841 837/837/837
f 843/843/843 842/842/842 841/841/841
f 838/838/838 844/844/844 837/837/837
f 844/844/844 843/843/843 837/837/837
f 843/843/843 844/844/844 845/845/845
f 846/846/846 844/844/844 838/838/838
f 846/846/846 845/845/845 844/844/844
f 847/847/847 846/846/846 838/838/838
f 843/843/843 848/848/848 842/842/842
f 848/848/848 849/849/849 842/842/842
f 850/850/850 846/846/846 847/847/847
f 851/851/851 850/850/850 847/847/847
f 850/850/850 852/852/852 846/846/846
f 852/852/852 850/850/850 851/851/851
f 852/852/852 845/845/845 846/846/846
f 853/853/853 852/852/852 851/851/851
f 852/852/852 853/853/853 845/845/845
f 853/853/853 854/854/854 845/845/845
f 854/854/854 855/855/855 845/845/845
f 856/856/856 843/843/843 845/845/845
f 855/855/855 856/856/856 845/845/845
f 856/856/856 848/848/848 843/843/843
f 855/855/855 857/857/857 856/856/856
f 857/857/857 858/858/858 856/856/856
f 856/856/856 858/858/858 848/848/848
f 858/858/858 857/857/857 859/859/859
f 860/860/860 859/859/859 849/849/849
f 848/848/848 860/860/860 849/849/849
f 858/858/858 860/860/860 848/848/848
f 860/860/860 858/858/858 859/859/859
f 863/863/863 862/862/862 861/861/861
f 862/862/862 863/863/863 864/864/864
f 862/862/862 865/865/865 861/861/861
f 861/861/861 865/865/865 866/866/866
f 867/867/867 862/862/862 864/864/864
f 865/865/865 862/862/862 867/867/867
f 867/867/867 864/864/864 868/868/868
f 864/864/864 869/869/869 868/868/868
f 865/865/865 870/870/870 866/866/866
f 870/870/870 865/865/865 867/867/867
f 867/867/867 868/868/868 870/870/870
f 866/866/866 870/870/870 871/871/871
f 870/870/870 872/872/872 871/871/871
f 868/868/868 872/872/872 870/870/870
f 873/873/873 871/871/871 872/872/872
f 874/874/874 868/868/868 869/869/869
f 875/875/875 868/868/868 874/874/874
f 876/876/876 874/874/874 869/869/869
f 877/877/877 874/874/874 876/876/876
f 877/877/877 875/875/875 874/874/874
f 878/878/878 877/877/877 876/876/876
f 877/877/877 878/878/878 879/879/879
f 875/875/875 877/877/877 879/879/879
f 879/879/879 880/880/880 875/875/875
f 881/881/881 873/873/873 872/872/872
f 882/882/882 873/873/873 881/881/881
f 883/883/883 872/872/872 868/868/868
f 875/875/875 883/883/883 868/868/868
f 884/884/884 881/881/881 872/872/872
f 884/884/884 882/882/882 881/881/881
f 883/883/883 884/884/884 872/872/872
f 882/882/882 884/884/884 883/883/883
f 885/885/885 882/882/882 883/883/883
f 883/883/883 886/886/886 885/885/885
f 883/883/883 875/875/875 886/886/886
f 886/886/886 887/887/887 885/885/885
f 880/880/880 888/888/888 875/875/875
f 875/875/875 888/888/888 886/886/886
f 886/886/886 889/889/889 887/887/887
f 889/889/889 886/886/886 888/888/888
f 889/889/889 890/890/890 887/887/887
f 891/891/891 888/888/888 880/880/880
f 891/891/891 889/889/889 888/888/888
f 889/889/889 891/891/891 890/890/890
f 892/892/892 891/891/891 880/880/880
f 891/891/891 892/892/892 890/890/890
f 895/895/895 894/894/894 893/893/893
f 893/893/893 894/894/894 896/896/896
f 897/897/897 895/895/895 893/893/893
f 897/897/897 898/898/898 895/895/895
f 898/898/898 899/899/899 895/895/895
f 898/898/898 900/900/900 899/899/899
f 900/900/900 901/901/901 899/899/899
f 901/901/901 900/900/900 902/902/902
f 902/902/902 903/903/903 896/896/896
f 900/900/900 903/903/903 902/902/902
f 903/903/903 904/904/904 896/896/896
f 904/904/904 893/893/893 896/896/896
f 903/903/903 905/905/905 904/904/904
f 903/903/903 900/900/900 905/905/905
f 905/905/905 906/906/906 904/904/904
f 904/904/904 906/906/906 893/893/893
f 900/900/900 907/907/907 905/905/905
f 906/906/906 908/908/908 893/893/893
f 893/893/893 908/908/908 897/897/897
f 909/909/909 907/907/907 900/900/900
f 898/898/898 909/909/909 900/900/900
f 908/908/908 910/910/910 897/897/897
f 910/910/910 909/909/909 898/898/898
f 897/897/897 910/910/910 898/898/898
f 913/913/913 912/912/912 911/911/911
f 914/914/914 913/913/913 911/911/911
f 911/911/911 912/912/912 915/915/915
f 916/916/916 913/913/913 914/914/914
f 913/913/913 916/916/916 912/912/912
f 917/917/917 916/916/916 914/914/914
f 915/915/915 918/918/918 917/917/917
f 912/912/912 918/918/918 915/915/915
f 916/916/916 918/918/918 912/912/912
f 918/918/918 916/916/916 917/917/917
f 921/921/921 920/920/920 919/919/919
f 922/922/922 921/921/921 919/919/919
f 919/919/919 920/920/920 923/923/923
f 924/924/924 921/921/921 922/922/922
f 921/921/921 924/924/924 920/920/920
f 925/925/925 924/924/924 922/922/922
f 923/923/923 926/926/926 925/925/925
f 920/920/920 926/926/926 923/923/923
f 924/924/924 926/926/926 920/920/920
f 926/926/926 924/924/924 925/925/925
