g gallop_model
v -0.2836489 6.902418 -0.8337228
v 2.376451E-16 6.988591 -0.8305439
v -0.3425143 6.988591 -0.8305439
v 0.2836489 6.902418 -0.8337228
v 0.3425143 6.988591 -0.8305439
v 0.323801 6.871958 -0.7974231
v 0.410028 6.954813 -0.7902904
v 0.323801 6.368738 -0.1977087
v 0.410028 6.37245 -0.09625641
v 0.3415703 7.303506 -0.566431
v 0.3245771 5.747875 -0.7186748
v 0.410028 7.269597 -0.526019
v 0.410028 6.890329 -0.07402649
v 0.3542302 7.288813 -0.4569668
v 0.3039981 7.320066 -0.4942126
v 0.3542302 6.989596 -0.1003729
v 0.3542302 7.174235 0.05455811
v 0.4106334 5.699453 -0.660968
v 0.4010492 5.73666 -0.8095248
v 0.410028 7.120414 0.1190369
v 0.410028 6.53151 0.8208643
v 0.2967275 7.202967 0.1525861
v 0.3478887 7.165637 0.197074
v 0.3478887 6.62847 0.8372439
v 0.280557 6.582261 0.8923138
v 0.3238011 6.482757 0.8787003
v 0.323801 6.165502 0.6124914
v 0.410028 6.214124 0.5545453
v 0.3245771 5.265396 -0.1436792
v 0.4106458 5.313476 -0.2009787
v 0.4107668 4.174197 1.156761
v 0.4872304 5.688385 -0.7519937
v 0.4872304 4.079503 1.165397
v 0.3244613 4.107541 1.236198
v 0.4010492 4.0098 1.248465
v 0.4010492 3.222638 0.5879574
v 0.4872304 4.901223 -1.412501
v 0.4010492 4.949497 -1.470033
v 0.3396629 4.851041 -1.458366
v 0.4258441 4.805813 -1.404466
v 0.4872304 3.29234 0.5048895
v 0.4258441 3.283686 0.4095343
v 0.3396629 3.217031 0.4889712
v 2.376575E-16 7.303506 -0.566431
v 0.3039981 7.320066 -0.4942126
v -0.3039981 7.320066 -0.4942126
v 0.3415703 7.303506 -0.566431
v 0.3039981 7.320066 -0.4942126
v 0.08901908 7.187294 -0.66391
v 0.05357403 7.187294 -0.66391
v 0.3425143 6.988591 -0.8305439
v 0.3415703 7.303506 -0.566431
v 0.08901908 7.130812 -0.7112379
v 0.3425143 6.988591 -0.8305439
v 0.05357403 7.130812 -0.7112379
v 2.376451E-16 6.988591 -0.8305439
v -0.3425143 6.988591 -0.8305439
v -0.05357403 7.130812 -0.7112379
v -0.08901908 7.130812 -0.7112379
v -0.08901908 7.187294 -0.66391
v -0.05357403 7.187294 -0.66391
v -0.3415703 7.303506 -0.566431
v -0.3039981 7.320066 -0.4942126
v -0.6060872 4.237593 0.04439652
v -0.5806748 4.237593 0.01046811
v -0.3759213 4.237593 0.01046811
v -0.3492028 4.237593 0.04439652
v -0.6060872 4.237628 0.7926427
v -0.3492028 4.237628 0.7926427
v -0.3512622 2.231979 0.6567125
v -0.608396 2.231979 0.6567125
v -0.608396 1.985692 0.6567125
v -0.3512622 1.985692 0.6567125
v -0.3136763 1.985692 0.6900007
v -0.3136763 2.231979 0.6900007
v -0.6416137 1.985692 0.6900007
v -0.3136763 2.231979 0.9994717
v -0.3136763 1.985692 0.9994717
v -0.6416137 1.985692 0.9994717
v -0.608396 1.985692 1.03276
v -0.3512622 1.985692 1.03276
v -0.3512622 2.231979 1.03276
v -0.608396 2.231979 1.03276
v -0.3512622 2.231979 1.03276
v -0.608396 2.231979 1.03276
v -0.608396 3.020571 1.03276
v -0.3512622 3.020571 1.03276
v -0.608396 3.069883 0.980938
v -0.3136763 2.988012 0.999885
v -0.3136763 2.231979 0.9994717
v -0.3136763 2.231979 0.6900007
v -0.3512622 3.069883 0.980938
v -0.608396 3.069883 0.8592939
v -0.3136763 3.040825 0.9480631
v -0.3512622 3.069883 0.8592939
v -0.608396 4.178102 0.8592939
v -0.3136763 3.040825 0.8195957
v -0.3136763 2.820399 0.6897637
v -0.3512622 4.178102 0.8592939
v -0.5743116 4.237628 0.8243877
v -0.3803389 4.237628 0.8243877
v -0.3136763 4.178102 0.8195957
v -0.3492028 4.237628 0.7926427
v -0.3136763 2.852499 0.02309312
v -0.3136763 4.177898 0.02309312
v -0.3492028 4.237593 0.04439652
v -0.3759213 4.237593 0.01046811
v -0.3512622 4.177898 -0.01875445
v -0.608396 4.177898 -0.01875445
v -0.5806748 4.237593 0.01046811
v -0.608396 2.83053 -0.01875445
v -0.3512622 2.83053 -0.01875445
v -0.608396 2.783832 0.03265043
v -0.3136763 2.820399 0.05487721
v -0.3512622 2.783832 0.03265043
v -0.608396 2.783832 0.6567128
v -0.3512622 2.783832 0.6567125
v -0.608396 2.231979 0.6567125
v -0.3512622 2.231979 0.6567125
v -0.608396 2.231979 0.6567125
v -0.6416137 1.985692 0.6900007
v -0.608396 1.985692 0.6567125
v -0.6416137 2.231979 0.6900007
v -0.6416137 2.231979 0.9994717
v -0.6416137 1.985692 0.9994717
v -0.608396 1.985692 1.03276
v -0.608396 2.231979 1.03276
v -0.608396 2.783832 0.6567128
v -0.6416137 2.231979 0.6900007
v -0.608396 2.231979 0.6567125
v -0.6416137 2.820399 0.6897637
v -0.608396 2.783832 0.03265043
v -0.6416137 2.988012 0.999885
v -0.6416137 2.231979 0.9994717
v -0.608396 2.231979 1.03276
v -0.608396 3.020571 1.03276
v -0.6416137 3.040825 0.9480631
v -0.608396 3.069883 0.980938
v -0.6416137 3.040825 0.8195957
v -0.608396 3.069883 0.8592939
v -0.6416137 2.820399 0.05487721
v -0.608396 2.83053 -0.01875445
v -0.6416137 2.852499 0.02309312
v -0.608396 4.177898 -0.01875445
v -0.6416137 4.178102 0.8195957
v -0.608396 4.178102 0.8592939
v -0.5743116 4.237628 0.8243877
v -0.6060872 4.237628 0.7926427
v -0.6416137 4.177898 0.02309312
v -0.5806748 4.237593 0.01046811
v -0.6060872 4.237593 0.04439652
v -0.6060872 4.237628 0.7926427
v -0.3492028 4.237628 0.7926427
v -0.3803389 4.237628 0.8243877
v -0.5743116 4.237628 0.8243877
v -0.2466678 2.419232 0.9995146
v -0.2466678 2.878234 0.9995146
v -0.7056696 2.878234 0.9995146
v -0.7056696 2.419232 0.9995146
v -0.2466678 2.381028 1.037325
v -0.7056696 2.878234 1.458516
v -0.7056696 2.381028 1.037325
v -0.2466678 2.381028 1.420706
v -0.7056696 2.381028 1.420706
v -0.7056696 2.419232 1.458516
v -0.6316687 2.641883 1.458516
v -0.6316687 2.878234 1.458516
v -0.2466678 2.419232 1.458516
v -0.3267462 2.641883 1.458516
v -0.2466678 2.419232 1.458516
v -0.2466678 2.381028 1.420706
v -0.2466678 2.419232 0.9995146
v -0.2466678 2.381028 1.037325
v -0.2466678 2.878234 0.9995146
v -0.2466678 2.878234 1.458516
v -0.3267462 2.641883 1.458516
v -0.3267462 2.878234 1.458516
v -0.6316687 2.878234 1.229015
v -0.6316687 2.878234 1.458516
v -0.7056696 2.878234 1.458516
v -0.7056696 2.878234 0.9995146
v -0.2466678 2.878234 0.9995146
v -0.3267462 2.878234 1.229015
v -0.6316687 3.005989 1.268369
v -0.6316687 2.967804 1.229015
v -0.3267462 2.967804 1.229015
v -0.3267462 3.005989 1.268369
v -0.3963065 3.005989 1.341795
v -0.5621084 3.005989 1.341795
v -0.6316687 3.005989 1.268369
v -0.5621084 3.005989 1.588184
v -0.3267462 3.005989 1.796334
v -0.3963065 3.005989 1.588184
v -0.6316687 3.005989 1.796334
v -0.3963065 3.005989 1.588184
v -0.3267462 3.005989 1.796334
v -0.6316687 2.984995 1.833247
v -0.3267462 2.984995 1.833247
v -0.3267462 2.662877 1.833247
v -0.6316687 2.662877 1.833247
v -0.6316687 2.984995 1.833247
v -0.3267462 2.984995 1.833247
v -0.3267462 2.641883 1.796334
v -0.3267462 3.005989 1.796334
v -0.6316687 2.641883 1.796334
v -0.6316687 2.662877 1.833247
v -0.6316687 3.005989 1.796334
v -0.6316687 2.984995 1.833247
v -0.6316687 2.878234 1.458516
v -0.6316687 2.641883 1.458516
v -0.6316687 2.967804 1.229015
v -0.6316687 3.005989 1.268369
v -0.6316687 2.878234 1.229015
v -0.3267462 2.641883 1.458516
v -0.6316687 2.641883 1.458516
v -0.6316687 2.641883 1.796334
v -0.3267462 2.878234 1.458516
v -0.3267462 3.005989 1.268369
v -0.3267462 2.967804 1.229015
v -0.3267462 2.878234 1.229015
v -0.6316687 2.967804 1.229015
v -0.6316687 2.878234 1.229015
v -0.2466678 2.878234 0.9995146
v -0.2466678 2.878234 1.458516
v -0.3267462 2.878234 1.458516
v -0.3267462 2.878234 1.229015
v -0.3963065 3.164525 1.565383
v -0.5621084 3.164525 1.565383
v -0.5621084 3.164525 1.364596
v -0.3963065 3.164525 1.364596
v -0.3963065 3.137388 1.341795
v -0.5621084 3.137388 1.341795
v -0.5621084 3.137388 1.588184
v -0.5621084 3.164525 1.565383
v -0.3963065 3.137388 1.588184
v -0.3963065 3.005989 1.341795
v -0.5621084 3.137388 1.341795
v -0.5621084 3.005989 1.341795
v -0.3963065 3.137388 1.341795
v -0.3963065 3.005989 1.588184
v -0.3963065 3.137388 1.588184
v -0.5621084 3.005989 1.588184
v -0.5621084 3.137388 1.588184
v -0.3963065 3.164525 1.364596
v -0.3963065 3.164525 1.565383
v -0.5621084 3.005989 1.341795
v -0.5621084 3.137388 1.588184
v -0.5621084 3.005989 1.588184
v -0.5621084 3.137388 1.341795
v -0.5621084 3.164525 1.565383
v -0.5621084 3.164525 1.364596
v -0.5011709 2.545938 1.374036
v -0.5011709 2.754614 1.374036
v -0.7713988 2.754614 1.374036
v -0.7713988 2.545938 1.374036
v -0.5011709 2.515162 1.418839
v -0.7713988 2.78539 1.418838
v -0.7713988 2.515162 1.418839
v -0.5011709 2.515162 1.602042
v -0.7713989 2.515162 1.602042
v -0.7713988 2.78539 1.602042
v -0.7713988 2.545938 1.644264
v -0.7713988 2.754614 1.644264
v -0.5011709 2.754614 1.374036
v -0.5011709 2.78539 1.418838
v -0.7713988 2.78539 1.418838
v -0.7713988 2.754614 1.374036
v -0.5011709 2.78539 1.418838
v -0.7713988 2.78539 1.602042
v -0.5011709 2.78539 1.602042
v -0.5011709 2.754614 1.644264
v -0.7713988 2.754614 1.644264
v -0.7713988 2.78539 1.602042
v -0.5011709 2.754614 1.644264
v -0.7713988 2.545938 1.644264
v -0.7713988 2.754614 1.644264
v -0.5011709 2.545938 1.644264
v -0.7713989 2.515162 1.602042
v -0.5011709 2.515162 1.602042
v -0.5011709 2.78539 1.602042
v -0.5011709 2.515162 1.418839
v -0.5011709 2.78539 1.418838
v -0.5011709 2.545938 1.374036
v -0.5011709 2.754614 1.374036
v 0.2466678 2.419232 0.9995146
v 0.7056696 2.878234 0.9995146
v 0.2466678 2.878234 0.9995146
v 0.7056696 2.419232 0.9995146
v 0.2466678 2.381028 1.037325
v 0.7056696 2.878234 1.458516
v 0.7056696 2.381028 1.037325
v 0.2466678 2.381028 1.420706
v 0.7056696 2.381028 1.420706
v 0.7056696 2.419232 1.458516
v 0.6316687 2.641883 1.458516
v 0.6316687 2.878234 1.458516
v 0.2466678 2.419232 1.458516
v 0.3267462 2.641883 1.458516
v 0.2466678 2.419232 1.458516
v 0.2466678 2.381028 1.420706
v 0.2466678 2.419232 0.9995146
v 0.2466678 2.381028 1.037325
v 0.2466678 2.878234 0.9995146
v 0.2466678 2.878234 1.458516
v 0.3267462 2.641883 1.458516
v 0.3267462 2.878234 1.458516
v 0.6316687 2.878234 1.229015
v 0.7056696 2.878234 1.458516
v 0.6316687 2.878234 1.458516
v 0.7056696 2.878234 0.9995146
v 0.2466678 2.878234 0.9995146
v 0.3267462 2.878234 1.229015
v 0.6316687 3.005989 1.268369
v 0.3267462 2.967804 1.229015
v 0.6316687 2.967804 1.229015
v 0.3267462 3.005989 1.268369
v 0.6316687 3.005989 1.268369
v 0.5621084 3.005989 1.341795
v 0.3963065 3.005989 1.341795
v 0.5621084 3.005989 1.588184
v 0.3267462 3.005989 1.796334
v 0.3963065 3.005989 1.588184
v 0.6316687 3.005989 1.796334
v 0.3963065 3.005989 1.588184
v 0.3267462 3.005989 1.796334
v 0.6316687 2.984995 1.833247
v 0.3267462 2.984995 1.833247
v 0.3267462 2.662877 1.833247
v 0.6316687 2.984995 1.833247
v 0.6316687 2.662877 1.833247
v 0.3267462 2.984995 1.833247
v 0.3267462 2.641883 1.796334
v 0.3267462 3.005989 1.796334
v 0.6316687 2.641883 1.796334
v 0.6316687 2.662877 1.833247
v 0.6316687 3.005989 1.796334
v 0.6316687 2.984995 1.833247
v 0.6316687 2.878234 1.458516
v 0.6316687 2.641883 1.458516
v 0.6316687 2.967804 1.229015
v 0.6316687 3.005989 1.268369
v 0.6316687 2.878234 1.229015
v 0.3267462 2.641883 1.458516
v 0.6316687 2.641883 1.458516
v 0.6316687 2.641883 1.796334
v 0.3267462 2.878234 1.458516
v 0.3267462 3.005989 1.268369
v 0.3267462 2.967804 1.229015
v 0.3267462 2.878234 1.229015
v 0.6316687 2.967804 1.229015
v 0.6316687 2.878234 1.229015
v 0.2466678 2.878234 0.9995146
v 0.3267462 2.878234 1.229015
v 0.3267462 2.878234 1.458516
v 0.2466678 2.878234 1.458516
v 0.3963065 3.164525 1.565383
v 0.5621084 3.164525 1.364596
v 0.5621084 3.164525 1.565383
v 0.3963065 3.164525 1.364596
v 0.3963065 3.137388 1.341795
v 0.5621084 3.137388 1.341795
v 0.5621084 3.137388 1.588184
v 0.3963065 3.137388 1.588184
v 0.5621084 3.164525 1.565383
v 0.3963065 3.005989 1.341795
v 0.5621084 3.005989 1.341795
v 0.5621084 3.137388 1.341795
v 0.3963065 3.137388 1.341795
v 0.3963065 3.005989 1.588184
v 0.3963065 3.137388 1.588184
v 0.5621084 3.005989 1.588184
v 0.5621084 3.137388 1.588184
v 0.3963065 3.164525 1.364596
v 0.3963065 3.164525 1.565383
v 0.5621084 3.005989 1.341795
v 0.5621084 3.005989 1.588184
v 0.5621084 3.137388 1.588184
v 0.5621084 3.137388 1.341795
v 0.5621084 3.164525 1.565383
v 0.5621084 3.164525 1.364596
v 0.5011709 2.545938 1.374036
v 0.7713988 2.754614 1.374036
v 0.5011709 2.754614 1.374036
v 0.7713988 2.545938 1.374036
v 0.5011709 2.515162 1.418839
v 0.7713988 2.78539 1.418838
v 0.7713988 2.515162 1.418839
v 0.5011709 2.515162 1.602042
v 0.7713989 2.515162 1.602042
v 0.7713988 2.78539 1.602042
v 0.7713988 2.545938 1.644264
v 0.7713988 2.754614 1.644264
v 0.5011709 2.754614 1.374036
v 0.7713988 2.754614 1.374036
v 0.7713988 2.78539 1.418838
v 0.5011709 2.78539 1.418838
v 0.5011709 2.78539 1.418838
v 0.7713988 2.78539 1.602042
v 0.5011709 2.78539 1.602042
v 0.7713988 2.78539 1.602042
v 0.7713988 2.754614 1.644264
v 0.5011709 2.754614 1.644264
v 0.5011709 2.754614 1.644264
v 0.7713988 2.754614 1.644264
v 0.7713988 2.545938 1.644264
v 0.5011709 2.545938 1.644264
v 0.7713989 2.515162 1.602042
v 0.5011709 2.515162 1.602042
v 0.5011709 2.78539 1.602042
v 0.5011709 2.515162 1.418839
v 0.5011709 2.78539 1.418838
v 0.5011709 2.545938 1.374036
v 0.5011709 2.754614 1.374036
v 0.6060872 4.237593 0.04439652
v 0.3759213 4.237593 0.01046811
v 0.5806748 4.237593 0.01046811
v 0.3492028 4.237593 0.04439652
v 0.6060872 4.237628 0.7926427
v 0.3492028 4.237628 0.7926427
v 0.3512622 2.231979 0.6567125
v 0.608396 1.985692 0.6567125
v 0.608396 2.231979 0.6567125
v 0.3512622 1.985692 0.6567125
v 0.3136763 1.985692 0.6900007
v 0.3136763 2.231979 0.6900007
v 0.6416137 1.985692 0.6900007
v 0.3136763 2.231979 0.9994717
v 0.3136763 1.985692 0.9994717
v 0.6416137 1.985692 0.9994717
v 0.608396 1.985692 1.03276
v 0.3512622 1.985692 1.03276
v 0.3512622 2.231979 1.03276
v 0.608396 2.231979 1.03276
v 0.3512622 2.231979 1.03276
v 0.608396 3.020571 1.03276
v 0.608396 2.231979 1.03276
v 0.3512622 3.020571 1.03276
v 0.608396 3.069883 0.980938
v 0.3136763 2.988012 0.999885
v 0.3136763 2.231979 0.9994717
v 0.3136763 2.231979 0.6900007
v 0.3512622 3.069883 0.980938
v 0.608396 3.069883 0.8592939
v 0.3136763 3.040825 0.9480631
v 0.3512622 3.069883 0.8592939
v 0.608396 4.178102 0.8592939
v 0.3136763 3.040825 0.8195957
v 0.3136763 2.820399 0.6897637
v 0.3512622 4.178102 0.8592939
v 0.5743116 4.237628 0.8243877
v 0.3803389 4.237628 0.8243877
v 0.3136763 4.178102 0.8195957
v 0.3492028 4.237628 0.7926427
v 0.3136763 2.852499 0.02309312
v 0.3136763 4.177898 0.02309312
v 0.3492028 4.237593 0.04439652
v 0.3759213 4.237593 0.01046811
v 0.3512622 4.177898 -0.01875445
v 0.608396 4.177898 -0.01875445
v 0.5806748 4.237593 0.01046811
v 0.608396 2.83053 -0.01875445
v 0.3512622 2.83053 -0.01875445
v 0.608396 2.783832 0.03265043
v 0.3136763 2.820399 0.05487721
v 0.3512622 2.783832 0.03265043
v 0.608396 2.783832 0.6567128
v 0.3512622 2.783832 0.6567125
v 0.608396 2.231979 0.6567125
v 0.3512622 2.231979 0.6567125
v 0.608396 2.231979 0.6567125
v 0.608396 1.985692 0.6567125
v 0.6416137 1.985692 0.6900007
v 0.6416137 2.231979 0.6900007
v 0.6416137 2.231979 0.9994717
v 0.6416137 1.985692 0.9994717
v 0.608396 1.985692 1.03276
v 0.608396 2.231979 1.03276
v 0.608396 2.783832 0.6567128
v 0.608396 2.231979 0.6567125
v 0.6416137 2.231979 0.6900007
v 0.6416137 2.820399 0.6897637
v 0.608396 2.783832 0.03265043
v 0.6416137 2.988012 0.999885
v 0.6416137 2.231979 0.9994717
v 0.608396 2.231979 1.03276
v 0.608396 3.020571 1.03276
v 0.6416137 3.040825 0.9480631
v 0.608396 3.069883 0.980938
v 0.6416137 3.040825 0.8195957
v 0.608396 3.069883 0.8592939
v 0.6416137 2.820399 0.05487721
v 0.608396 2.83053 -0.01875445
v 0.6416137 2.852499 0.02309312
v 0.608396 4.177898 -0.01875445
v 0.6416137 4.178102 0.8195957
v 0.608396 4.178102 0.8592939
v 0.5743116 4.237628 0.8243877
v 0.6060872 4.237628 0.7926427
v 0.6416137 4.177898 0.02309312
v 0.5806748 4.237593 0.01046811
v 0.6060872 4.237593 0.04439652
v 0.6060872 4.237628 0.7926427
v 0.5743116 4.237628 0.8243877
v 0.3803389 4.237628 0.8243877
v 0.3492028 4.237628 0.7926427
v -0.347234 3.798786 -1.78739
v -0.6080561 3.798786 -1.78739
v -0.6080561 3.552499 -1.78739
v -0.347234 3.552499 -1.78739
v -0.3136763 3.552499 -1.748686
v -0.3136763 3.798786 -1.748686
v -0.3136763 3.552499 -1.498156
v -0.3136763 3.798786 -1.498156
v -0.347234 3.552499 -1.459452
v -0.347234 3.798786 -1.459452
v -0.6080561 3.552499 -1.459452
v -0.6080561 3.798786 -1.459452
v -0.6060872 4.967898 -0.7469066
v -0.5804718 4.996685 -0.7468947
v -0.3748182 4.996685 -0.7468947
v -0.3492028 4.967898 -0.7469066
v -0.6060872 4.768587 -0.7469902
v -0.3492028 4.768587 -0.7469902
v -0.3136763 4.993532 -0.7940319
v -0.347234 5.032236 -0.7940156
v -0.3136763 4.743003 -0.794137
v -0.3748182 4.7398 -0.7470025
v -0.347234 4.704298 -0.7941533
v -0.3136763 4.993687 -1.69476
v -0.347234 5.032391 -1.730246
v -0.347234 4.704454 -1.432169
v -0.6080561 4.704298 -0.7941533
v -0.3136763 4.743158 -1.432153
v -0.3136763 4.922736 -1.748686
v -0.347234 4.954294 -1.78739
v -0.3136763 4.672528 -1.498156
v -0.347234 4.672528 -1.459453
v -0.6080561 4.672528 -1.459453
v -0.6080561 4.704454 -1.432169
v -0.6080561 4.704454 -1.432169
v -0.3136763 3.798786 -1.748686
v -0.3136763 3.798786 -1.498156
v -0.347234 3.798786 -1.78739
v -0.6080561 4.954294 -1.78739
v -0.6080561 3.798786 -1.78739
v -0.347234 3.798786 -1.459452
v -0.6080561 3.798786 -1.459452
v -0.6080561 4.672528 -1.459453
v -0.6416137 4.672528 -1.498156
v -0.6416137 3.798786 -1.498156
v -0.6416137 3.798786 -1.748686
v -0.6416137 4.743158 -1.432153
v -0.6416137 4.922736 -1.748686
v -0.6080561 3.798786 -1.78739
v -0.6080561 4.954294 -1.78739
v -0.6416137 4.993687 -1.69476
v -0.6080561 5.032391 -1.730246
v -0.6080561 5.032236 -0.7940156
v -0.6416137 4.743003 -0.794137
v -0.6416137 4.993532 -0.7940319
v -0.5804718 4.996685 -0.7468947
v -0.6060872 4.967898 -0.7469066
v -0.6060872 4.768587 -0.7469902
v -0.5804718 4.7398 -0.7470025
v -0.347234 4.704298 -0.7941533
v -0.3492028 4.768587 -0.7469902
v -0.3748182 4.7398 -0.7470025
v -0.6080561 5.032236 -0.7940156
v -0.6080561 5.032391 -1.730246
v -0.347234 5.032391 -1.730246
v -0.347234 5.032236 -0.7940156
v -0.6080561 5.032391 -1.730246
v -0.347234 4.954294 -1.78739
v -0.6080561 4.954294 -1.78739
v -0.3748182 4.996685 -0.7468947
v -0.6080561 5.032236 -0.7940156
v -0.5804718 4.996685 -0.7468947
v -0.6080561 3.552499 -1.459452
v -0.6416137 3.798786 -1.498156
v -0.6080561 3.798786 -1.459452
v -0.6416137 3.552499 -1.498156
v -0.347234 3.552499 -1.459452
v -0.3136763 3.552499 -1.498156
v -0.6416137 3.552499 -1.748686
v -0.6416137 3.798786 -1.748686
v -0.6080561 3.798786 -1.78739
v -0.3136763 3.552499 -1.748686
v -0.6080561 3.552499 -1.78739
v -0.347234 3.552499 -1.78739
v -0.3399627 3.959006 -1.018376
v -0.5844326 4.310624 -1.018376
v -0.3399627 4.310624 -1.018376
v -0.5844326 3.959006 -1.018376
v -0.5844326 4.171788 -1.164683
v -0.5844326 3.922344 -1.056238
v -0.5844326 3.922344 -1.164683
v -0.5844326 4.310624 -1.290037
v -0.5844326 4.171788 -1.32293
v -0.5844326 4.275847 -1.32293
v -0.3399627 4.310624 -1.018376
v -0.3399627 4.310624 -1.290037
v -0.3399627 4.171788 -1.164683
v -0.3399627 4.275847 -1.32293
v -0.5844326 4.310624 -1.290037
v -0.5844326 4.275847 -1.32293
v -0.3399627 4.171788 -1.32293
v -0.5844326 4.171788 -1.32293
v -0.3399627 3.922344 -1.056238
v -0.3399627 3.922344 -1.164683
v -0.5844326 3.922344 -1.164683
v -0.3399627 3.959006 -1.018376
v -0.5844326 3.922344 -1.056238
v -0.5844326 3.959006 -1.018376
v -0.2514262 4.171788 -1.535319
v -0.3399627 4.171788 -1.32293
v -0.5844326 4.171788 -1.32293
v -0.6705679 4.171788 -1.535319
v -0.2514262 3.796646 -1.535319
v -0.6705679 4.171788 -1.164683
v -0.5844326 4.171788 -1.164683
v -0.5844326 3.922344 -1.164683
v -0.6705679 3.829031 -1.164683
v -0.6705679 3.796646 -1.535319
v -0.2514262 3.796646 -1.202662
v -0.6705679 3.796646 -1.202662
v -0.2514262 3.829031 -1.164683
v -0.2514262 3.829031 -1.164683
v -0.3399627 3.922344 -1.164683
v -0.2514262 4.171788 -1.164683
v -0.3399627 4.171788 -1.164683
v -0.2514262 4.171788 -1.535319
v -0.3399627 4.171788 -1.32293
v -0.2514262 3.796646 -1.202662
v -0.2514262 3.796646 -1.535319
v -0.4600858 4.340506 -1.097193
v -0.4600858 4.375638 -1.064252
v -0.6887076 4.375638 -1.064252
v -0.6887076 4.340506 -1.097193
v -0.4600858 4.223937 -1.097193
v -0.6887076 4.223937 -1.097193
v -0.6887076 4.257626 -0.9492633
v -0.6887076 4.223937 -0.9887845
v -0.4600858 4.223937 -0.9887845
v -0.4600858 4.223937 -1.097193
v -0.4600858 4.340506 -1.097193
v -0.4600858 4.257626 -0.9492633
v -0.4600858 4.375638 -1.064252
v -0.4600858 4.375638 -0.9492633
v -0.6887076 4.375638 -0.9492633
v -0.4600858 4.375638 -0.9492633
v -0.4600858 4.257626 -0.9492633
v -0.4600858 4.223937 -0.9887845
v 0.3399627 3.959006 -1.018376
v 0.3399627 4.310624 -1.018376
v 0.5844326 4.310624 -1.018376
v 0.5844326 3.959006 -1.018376
v 0.5844326 4.171788 -1.164683
v 0.5844326 3.922344 -1.056238
v 0.5844326 3.922344 -1.164683
v 0.5844326 4.310624 -1.290037
v 0.5844326 4.171788 -1.32293
v 0.5844326 4.275847 -1.32293
v 0.3399627 4.310624 -1.018376
v 0.3399627 4.310624 -1.290037
v 0.3399627 4.171788 -1.164683
v 0.3399627 4.275847 -1.32293
v 0.5844326 4.310624 -1.290037
v 0.5844326 4.275847 -1.32293
v 0.3399627 4.171788 -1.32293
v 0.5844326 4.171788 -1.32293
v 0.3399627 3.922344 -1.056238
v 0.3399627 3.922344 -1.164683
v 0.5844326 3.922344 -1.164683
v 0.3399627 3.959006 -1.018376
v 0.5844326 3.922344 -1.056238
v 0.5844326 3.959006 -1.018376
v 0.2514262 4.171788 -1.535319
v 0.5844326 4.171788 -1.32293
v 0.3399627 4.171788 -1.32293
v 0.6705679 4.171788 -1.535319
v 0.2514262 3.796646 -1.535319
v 0.6705679 4.171788 -1.164683
v 0.5844326 4.171788 -1.164683
v 0.5844326 3.922344 -1.164683
v 0.6705679 3.829031 -1.164683
v 0.6705679 3.796646 -1.535319
v 0.2514262 3.796646 -1.202662
v 0.6705679 3.796646 -1.202662
v 0.2514262 3.829031 -1.164683
v 0.2514262 3.829031 -1.164683
v 0.3399627 3.922344 -1.164683
v 0.2514262 4.171788 -1.164683
v 0.3399627 4.171788 -1.164683
v 0.2514262 4.171788 -1.535319
v 0.3399627 4.171788 -1.32293
v 0.2514262 3.796646 -1.202662
v 0.2514262 3.796646 -1.535319
v 0.4600858 4.340506 -1.097193
v 0.6887076 4.375638 -1.064252
v 0.4600858 4.375638 -1.064252
v 0.6887076 4.340506 -1.097193
v 0.4600858 4.223937 -1.097193
v 0.6887076 4.223937 -1.097193
v 0.6887076 4.257626 -0.9492633
v 0.6887076 4.223937 -0.9887845
v 0.4600858 4.223937 -0.9887845
v 0.4600858 4.223937 -1.097193
v 0.4600858 4.340506 -1.097193
v 0.4600858 4.257626 -0.9492633
v 0.4600858 4.375638 -1.064252
v 0.4600858 4.375638 -0.9492633
v 0.6887076 4.375638 -0.9492633
v 0.4600858 4.375638 -0.9492633
v 0.4600858 4.257626 -0.9492633
v 0.4600858 4.223937 -0.9887845
v 0.347234 3.798786 -1.78739
v 0.6080561 3.552499 -1.78739
v 0.6080561 3.798786 -1.78739
v 0.347234 3.552499 -1.78739
v 0.3136763 3.552499 -1.748686
v 0.3136763 3.798786 -1.748686
v 0.3136763 3.552499 -1.498156
v 0.3136763 3.798786 -1.498156
v 0.347234 3.552499 -1.459452
v 0.347234 3.798786 -1.459452
v 0.6080561 3.552499 -1.459452
v 0.6080561 3.798786 -1.459452
v 0.6060872 4.967898 -0.7469066
v 0.3748182 4.996685 -0.7468947
v 0.5804718 4.996685 -0.7468947
v 0.3492028 4.967898 -0.7469066
v 0.6060872 4.768587 -0.7469902
v 0.3492028 4.768587 -0.7469902
v 0.3136763 4.743003 -0.794137
v 0.3748182 4.7398 -0.7470025
v 0.347234 4.704298 -0.7941533
v 0.3136763 4.993532 -0.7940319
v 0.347234 5.032236 -0.7940156
v 0.347234 5.032391 -1.730246
v 0.3136763 4.993687 -1.69476
v 0.347234 4.954294 -1.78739
v 0.347234 4.704454 -1.432169
v 0.6080561 4.704298 -0.7941533
v 0.3136763 4.743158 -1.432153
v 0.3136763 4.922736 -1.748686
v 0.3136763 4.672528 -1.498156
v 0.3136763 3.798786 -1.748686
v 0.347234 3.798786 -1.78739
v 0.6080561 3.798786 -1.78739
v 0.6080561 4.954294 -1.78739
v 0.3136763 3.798786 -1.498156
v 0.347234 4.672528 -1.459453
v 0.347234 3.798786 -1.459452
v 0.6080561 4.704454 -1.432169
v 0.6080561 4.672528 -1.459453
v 0.6080561 4.672528 -1.459453
v 0.6080561 3.798786 -1.459452
v 0.6416137 4.672528 -1.498156
v 0.6416137 3.798786 -1.498156
v 0.6416137 3.798786 -1.748686
v 0.6416137 4.743158 -1.432153
v 0.6080561 4.704454 -1.432169
v 0.6416137 4.743003 -0.794137
v 0.5804718 4.7398 -0.7470025
v 0.347234 4.704298 -0.7941533
v 0.3748182 4.7398 -0.7470025
v 0.3492028 4.768587 -0.7469902
v 0.6060872 4.768587 -0.7469902
v 0.6416137 4.993532 -0.7940319
v 0.6060872 4.967898 -0.7469066
v 0.5804718 4.996685 -0.7468947
v 0.6080561 5.032236 -0.7940156
v 0.6416137 4.993687 -1.69476
v 0.6080561 5.032391 -1.730246
v 0.6416137 4.922736 -1.748686
v 0.6080561 4.954294 -1.78739
v 0.6080561 3.798786 -1.78739
v 0.6080561 5.032236 -0.7940156
v 0.347234 5.032391 -1.730246
v 0.6080561 5.032391 -1.730246
v 0.347234 5.032236 -0.7940156
v 0.3748182 4.996685 -0.7468947
v 0.6080561 5.032236 -0.7940156
v 0.5804718 4.996685 -0.7468947
v 0.347234 4.954294 -1.78739
v 0.6080561 4.954294 -1.78739
v 0.6080561 5.032391 -1.730246
v 0.6080561 3.552499 -1.459452
v 0.6080561 3.798786 -1.459452
v 0.6416137 3.798786 -1.498156
v 0.6416137 3.552499 -1.498156
v 0.347234 3.552499 -1.459452
v 0.3136763 3.552499 -1.498156
v 0.6416137 3.552499 -1.748686
v 0.6416137 3.798786 -1.748686
v 0.6080561 3.798786 -1.78739
v 0.3136763 3.552499 -1.748686
v 0.6080561 3.552499 -1.78739
v 0.347234 3.552499 -1.78739
v -1.084727 2 1.250363
v 1.250363 2 1.081929
v 1.084727 2 1.250363
v -1.250363 2 1.081929
v 1.250363 2 -1.081929
v -1.250363 2 -1.081929
v 1.084727 2 -1.250363
v -1.084727 2 -1.250363
v -1.084727 2 -1.250363
v 1.192853 1.87594 -1.375
v 1.084727 2 -1.250363
v -1.192853 1.87594 -1.375
v 1.192853 1.098284 -1.375
v -1.192853 1.098284 -1.375
v -1.192853 0 -1.375
v -1.192853 0.1991439 -1.375
v -1.375 0.1991439 -1.189776
v -1.375 0 -1.189776
v -1.375 0.1991439 1.189776
v -1.375 0 1.189776
v -1.192853 0.1991439 1.375
v -1.192853 0 1.375
v 1.192853 0.1991439 1.375
v 1.192853 0 1.375
v 1.375 0.1991439 1.189776
v 1.375 0 1.189776
v 1.375 0.1991439 -1.189776
v 1.375 0 -1.189776
v 1.192853 0.1991439 -1.375
v 1.192853 0 -1.375
v 1.250363 2 -1.081929
v 1.084727 2 -1.250363
v 1.192853 1.87594 -1.375
v 1.375 1.87594 -1.189776
v 1.250363 2 1.081929
v 1.375 1.098284 -1.189776
v 1.192853 1.098284 -1.375
v 1.375 1.098284 1.189776
v 1.375 1.87594 1.189776
v 1.192853 1.098284 1.375
v 1.192853 1.87594 1.375
v 1.084727 2 1.250363
v -1.192853 1.098284 1.375
v -1.192853 1.87594 1.375
v -1.084727 2 1.250363
v -1.375 1.098284 1.189776
v -1.250363 2 1.081929
v -1.375 1.87594 1.189776
v -1.375 1.098284 -1.189776
v -1.250363 2 -1.081929
v -1.375 1.87594 -1.189776
v -1.192853 1.098284 -1.375
v -1.192853 1.87594 -1.375
v -1.084727 2 -1.250363
v -1.375 0 1.189776
v -1.192853 0 1.375
v 1.192853 0 1.375
v 1.375 0 1.189776
v -1.375 0 -1.189776
v 1.375 0 -1.189776
v -1.192853 0 -1.375
v 1.192853 0 -1.375
v -1.192853 0.1991439 -1.375
v 1.192853 0.1991439 -1.375
v -1.192853 0.1991439 -1.375
v -1.192853 1.098284 -1.375
v -1.375 1.098284 -1.189776
v -1.375 0.1991439 -1.189776
v -1.375 1.098284 1.189776
v -1.375 0.1991439 1.189776
v -1.192853 1.098284 1.375
v -1.192853 0.1991439 1.375
v 1.192853 1.098284 1.375
v 1.192853 0.1991439 1.375
v 1.375 1.098284 1.189776
v 1.375 0.1991439 1.189776
v 1.375 1.098284 -1.189776
v 1.375 0.1991439 -1.189776
v 1.192853 1.098284 -1.375
v 1.192853 0.1991439 -1.375
v -1.192853 1.098284 -1.375
v -1.192853 0.1991439 -1.375
v 1.192853 0.1991439 -1.375
v 1.192853 1.098284 -1.375
v -0.2413001 7.082474 0.7668976
v -0.2542198 7.093225 0.7759185
v -0.3301626 7.093225 0.7759185
v -0.343161 7.082474 0.7668976
v -0.2414756 6.782696 0.5153546
v -0.3429891 6.782696 0.5153546
v -0.1956388 7.021338 0.9570559
v -0.1510946 6.663851 0.6569895
v -0.3982362 6.663851 0.6569895
v -0.3984902 7.021338 0.9570559
v -0.3982362 6.782696 0.5153546
v -0.3984902 7.140233 0.8153628
v -0.3788334 7.048285 0.9603778
v -0.3788334 7.148183 0.8413244
v -0.213147 7.048285 0.9603778
v -0.1956388 7.021338 0.9570559
v -0.213147 7.148183 0.8413244
v -0.3788334 7.148183 0.8413244
v -0.3788334 7.048285 0.9603778
v -0.1956388 7.140233 0.8153628
v -0.1510946 6.663851 0.6569895
v -0.1510946 6.782696 0.5153546
v -0.3982362 6.782696 0.5153546
v -0.3429891 6.782696 0.5153546
v -0.343161 7.082474 0.7668976
v -0.3984902 7.140233 0.8153628
v -0.3301626 7.093225 0.7759185
v -0.2542198 7.093225 0.7759185
v -0.1956388 7.140233 0.8153628
v -0.3788334 7.148183 0.8413244
v -0.213147 7.148183 0.8413244
v -0.2413001 7.082474 0.7668976
v -0.2414756 6.782696 0.5153546
v -0.1510946 6.782696 0.5153546
v 2.376451E-16 6.988591 -0.8305439
v 2.376575E-16 7.303506 -0.566431
v -0.05357403 7.187294 -0.66391
v -0.05357403 7.130812 -0.7112379
v -0.08901908 7.162141 -0.6339126
v -0.08901908 7.105659 -0.6812409
v -0.05357403 7.105659 -0.6812409
v -0.05357403 7.162141 -0.6339126
v -0.05357403 7.187294 -0.66391
v -0.05357403 7.130812 -0.7112379
v -0.08901908 7.105659 -0.6812409
v -0.08901908 7.130812 -0.7112379
v -0.08901908 7.162141 -0.6339126
v -0.08901908 7.187294 -0.66391
v -0.05357403 7.162141 -0.6339126
v -0.05357403 7.187294 -0.66391
v 0.1102354 7.087469 0.2714453
v 0.1090043 7.528273 0.6429306
v -0.1090043 7.528273 0.6429306
v -0.1102354 7.087469 0.2714453
v 0.1090043 7.528273 0.6429306
v -0.08720347 7.537548 0.6791717
v 0.08720347 7.537548 0.6791717
v 0.1090043 7.388139 0.809935
v 0.1102354 6.945754 0.4403357
v -0.1102354 6.945754 0.4403357
v -0.1090043 7.388139 0.809935
v -0.1102354 7.087469 0.2714453
v 0.08720347 7.425441 0.8127753
v -0.1090043 7.528273 0.6429306
v -0.08720347 7.425441 0.8127753
v 0.08720347 7.537548 0.6791717
v -0.08720347 7.537548 0.6791717
v 0.1102354 6.945754 0.4403357
v 0.1090043 7.528273 0.6429306
v 0.1102354 7.087469 0.2714453
v 0.1090043 7.388139 0.809935
v 0.08720347 7.537548 0.6791717
v 0.08720347 7.425441 0.8127753
v 0.1964105 6.336008 0.7391794
v 0.1964105 6.262232 0.8271024
v -0.1964105 6.262232 0.8271024
v -0.1964105 6.336008 0.7391794
v 0.1964105 5.184674 -0.07707641
v 0.1964105 5.358545 -0.08100983
v 0.1964105 5.25845 -0.1649994
v 0.1964105 5.284769 0.006913147
v 0.1964105 4.272638 1.213123
v 0.1964105 4.172544 1.129134
v 0.1964105 6.336008 0.7391794
v -0.1964105 6.336008 0.7391794
v -0.1964105 5.358545 -0.08100983
v 0.1964105 6.262232 0.8271024
v -0.1964105 6.262232 0.8271024
v 0.08509483 6.198174 0.7733511
v 0.08509483 5.284769 0.006913147
v -0.08509483 6.198174 0.7733511
v -0.08509483 5.284769 0.006913147
v -0.1964105 5.284769 0.006913147
v -0.1964105 5.25845 -0.1649994
v -0.1964105 5.184674 -0.07707641
v -0.1964105 4.172544 1.129134
v -0.1964105 4.272638 1.213123
v 0.1964105 4.172544 1.129134
v 0.1964105 5.184674 -0.07707641
v 0.1964105 4.272638 1.213123
v 0.08509483 4.338593 1.134522
v -0.08509483 4.338593 1.134522
v 0.08509483 5.296142 0.1526004
v -0.08509483 5.076357 0.4145294
v -0.08509483 5.296142 0.1526004
v 0.08509483 5.076357 0.4145294
v -0.08509483 5.145286 0.4723676
v 0.08509483 5.145286 0.4723676
v -0.08509483 5.870469 0.7399588
v -0.08509483 6.079217 0.915119
v 0.08509483 6.079217 0.915119
v 0.08509483 5.870469 0.7399588
v 0.08509483 5.922388 0.6780838
v -0.08509483 5.922388 0.6780838
v 0.08509483 6.131136 0.853244
v -0.08509483 5.713639 0.5029224
v 0.08509483 6.198174 0.7733511
v 0.08509483 5.713639 0.5029224
v 0.08509483 5.284769 0.006913147
v 0.08509483 5.50489 0.3277612
v 0.08509483 5.661719 0.5647973
v 0.08509483 5.452971 0.3896362
v -0.08509483 5.452971 0.3896362
v -0.08509483 5.661719 0.5647973
v 0.08509483 5.296142 0.1526004
v -0.08509483 5.296142 0.1526004
v 0.08509483 5.076357 0.4145294
v -0.08509483 5.50489 0.3277612
v 0.08509483 4.856572 0.6764584
v 0.08509483 5.145286 0.4723676
v 0.08509483 4.925501 0.7342966
v 0.08509483 4.338593 1.134522
v 0.08509483 4.636787 0.9383875
v 0.08509483 4.417003 1.200317
v 0.08509483 4.705716 0.9962255
v 0.08509483 4.485931 1.258155
v -0.08509483 5.284769 0.006913147
v -0.08509483 5.076357 0.4145294
v -0.08509483 4.856572 0.6764584
v -0.08509483 4.925501 0.7342966
v -0.08509483 5.145286 0.4723676
v 0.08509483 4.925501 0.7342966
v 0.08509483 4.856572 0.6764584
v -0.08509483 4.636787 0.9383875
v -0.08509483 5.713639 0.5029224
v -0.08509483 6.198174 0.7733511
v -0.08509483 4.338593 1.134522
v -0.08509483 5.922388 0.6780838
v -0.08509483 6.131136 0.853244
v -0.08509483 5.870469 0.7399588
v -0.08509483 6.079217 0.915119
v -0.08509483 5.452971 0.3896362
v -0.08509483 5.661719 0.5647973
v 0.08509483 5.452971 0.3896362
v 0.08509483 5.50489 0.3277612
v -0.08509483 4.417003 1.200317
v -0.08509483 4.485931 1.258155
v -0.08509483 4.705716 0.9962255
v 0.08509483 4.485931 1.258155
v 0.08509483 4.417003 1.200317
v 0.08509483 4.338593 1.134522
v -0.1964105 5.284769 0.006913147
v -0.08509483 5.284769 0.006913147
v -0.08509483 4.338593 1.134522
v -0.1964105 4.272638 1.213123
v 0.1964105 4.272638 1.213123
v 0.08509483 4.338593 1.134522
v 0.08509483 5.284769 0.006913147
v 0.1964105 5.284769 0.006913147
v 0.08509483 6.198174 0.7733511
v -0.08509483 6.131136 0.853244
v -0.08509483 6.198174 0.7733511
v 0.08509483 6.131136 0.853244
v -0.08509483 6.079217 0.915119
v 0.08509483 6.079217 0.915119
v 0.08509483 4.856572 0.6764584
v -0.08509483 4.636787 0.9383875
v -0.08509483 4.856572 0.6764584
v 0.08509483 4.636787 0.9383875
v -0.08509483 4.705716 0.9962255
v 0.08509483 4.705716 0.9962255
v -0.08509483 4.485931 1.258155
v 0.08509483 4.485931 1.258155
v 0.08509483 5.145286 0.4723676
v 0.08509483 4.925501 0.7342966
v -0.08509483 4.925501 0.7342966
v -0.08509483 5.145286 0.4723676
v 0.08509483 5.713639 0.5029224
v 0.08509483 5.661719 0.5647973
v -0.08509483 5.661719 0.5647973
v -0.08509483 5.713639 0.5029224
v 0.1468015 4.502637 0.9144846
v 0.1468015 4.577108 0.9769735
v -0.1468015 4.577108 0.9769735
v -0.1468015 4.502637 0.9144846
v -0.1468015 4.479263 1.093581
v -0.1468015 4.404792 1.031092
v 0.1468015 4.479263 1.093581
v 0.1468015 4.404792 1.031092
v 0.1468015 4.577108 0.9769735
v 0.1468015 4.479263 1.093581
v -0.1468015 4.479263 1.093581
v -0.1468015 4.577108 0.9769735
v 0.1468015 4.404792 1.031092
v 0.1468015 4.479263 1.093581
v 0.1468015 4.577108 0.9769735
v 0.1468015 4.502637 0.9144846
v 0.1468015 4.924143 0.4121536
v 0.1468015 4.998614 0.4746426
v -0.1468015 4.998614 0.4746426
v -0.1468015 4.924143 0.4121536
v -0.1468015 4.870772 0.6269992
v -0.1468015 4.7963 0.5645102
v 0.1468015 4.870772 0.6269992
v 0.1468015 4.7963 0.5645102
v 0.1468015 4.998614 0.4746426
v 0.1468015 4.870772 0.6269992
v -0.1468015 4.870772 0.6269992
v -0.1468015 4.998614 0.4746426
v 0.1468015 4.7963 0.5645102
v 0.1468015 4.870772 0.6269992
v 0.1468015 4.998614 0.4746426
v 0.1468015 4.924143 0.4121536
v 0.1468015 5.81716 0.4461001
v 0.1468015 5.769392 0.5030273
v -0.1468015 5.769392 0.5030273
v -0.1468015 5.81716 0.4461001
v 0.1468015 5.617036 0.3751852
v 0.1468015 5.664804 0.318258
v -0.1468015 5.664804 0.318258
v -0.1468015 5.617036 0.3751852
v 0.1468015 5.769392 0.5030273
v -0.1468015 5.81716 0.4461001
v -0.1468015 5.769392 0.5030273
v 0.1468015 5.664804 0.318258
v 0.1468015 5.617036 0.3751852
v 0.1468015 5.769392 0.5030273
v 0.1468015 5.81716 0.4461001
v 0.1468015 6.139406 0.7164966
v 0.1468015 6.091639 0.7734237
v -0.1468015 6.091639 0.7734237
v -0.1468015 6.139406 0.7164966
v 0.1468015 5.993862 0.6913797
v 0.1468015 6.041629 0.6344525
v -0.1468015 6.041629 0.6344525
v -0.1468015 5.993862 0.6913797
v 0.1468015 6.091639 0.7734237
v -0.1468015 6.139406 0.7164966
v -0.1468015 6.091639 0.7734237
v 0.1468015 6.041629 0.6344525
v 0.1468015 5.993862 0.6913797
v 0.1468015 6.091639 0.7734237
v 0.1468015 6.139406 0.7164966
v -0.3039981 7.320066 -0.4942126
v 0.3039981 7.320066 -0.4942126
v 0.3542302 7.288813 -0.4569668
v -0.3542302 7.288813 -0.4569668
v -0.3415703 7.303506 -0.566431
v -0.3542302 6.989596 -0.1003729
v -0.410028 6.890329 -0.07402649
v 0.3542302 6.989596 -0.1003729
v -0.3542302 7.174235 0.05455811
v -0.410028 7.269597 -0.526019
v -0.410028 6.37245 -0.09625641
v -0.410028 6.954813 -0.7902904
v -0.3425143 6.988591 -0.8305439
v -0.323801 6.871958 -0.7974231
v -0.2836489 6.902418 -0.8337228
v 0.2836489 6.902418 -0.8337228
v 0.323801 6.871958 -0.7974231
v -0.323801 6.368738 -0.1977087
v 0.323801 6.368738 -0.1977087
v -0.3245771 5.747875 -0.7186748
v -0.410028 7.120414 0.1190369
v -0.410028 6.53151 0.8208643
v -0.2967275 7.202967 0.1525861
v -0.3478887 7.165637 0.197074
v 0.3478887 7.165637 0.197074
v 0.2967275 7.202967 0.1525861
v 0.3478887 6.62847 0.8372439
v -0.3478887 6.62847 0.8372439
v 0.280557 6.582261 0.8923138
v -0.280557 6.582261 0.8923138
v 0.3238011 6.482757 0.8787003
v -0.3238011 6.482757 0.8787003
v 0.323801 6.165502 0.6124914
v -0.323801 6.165502 0.6124914
v 0.3245771 5.265396 -0.1436792
v -0.410028 6.214124 0.5545453
v -0.3245771 5.265396 -0.1436792
v -0.4106458 5.313476 -0.2009787
v -0.4107668 4.174197 1.156761
v 0.4107668 4.174197 1.156761
v -0.4106334 5.699453 -0.660968
v -0.4010492 5.73666 -0.8095248
v -0.4872304 5.688385 -0.7519937
v -0.3244613 4.107541 1.236198
v 0.3244613 4.107541 1.236198
v 0.4010492 4.0098 1.248465
v -0.4872304 4.901223 -1.412501
v -0.4010492 4.949497 -1.470033
v -0.4872304 4.079503 1.165397
v -0.4010492 4.0098 1.248465
v -0.4010492 3.222638 0.5879574
v 0.4010492 3.222638 0.5879574
v -0.3396629 4.851041 -1.458366
v 0.4010492 4.949497 -1.470033
v 0.3396629 4.851041 -1.458366
v 0.4258441 4.805813 -1.404466
v -0.4258441 4.805813 -1.404466
v 0.4258441 3.283686 0.4095343
v -0.4872304 3.29234 0.5048895
v -0.4258441 3.283686 0.4095343
v 0.3396629 3.217031 0.4889712
v -0.3396629 3.217031 0.4889712
v -0.3542302 7.174235 0.05455811
v 0.3542302 7.174235 0.05455811
v 0.2967275 7.202967 0.1525861
v -0.2967275 7.202967 0.1525861
v 0.3542302 6.989596 -0.1003729
v 0.3542302 7.174235 0.05455811
v -0.3542302 6.989596 -0.1003729
v -0.323801 6.368738 -0.1977087
v 0.3245771 5.747875 -0.7186748
v 0.323801 6.368738 -0.1977087
v -0.3245771 5.747875 -0.7186748
v 0.4010492 5.73666 -0.8095248
v -0.4010492 5.73666 -0.8095248
v 0.4010492 4.949497 -1.470033
v -0.4010492 4.949497 -1.470033
v 2.376451E-16 6.988591 -0.8305439
v 0.05357403 7.130812 -0.7112379
v 0.05357403 7.187294 -0.66391
v 2.376575E-16 7.303506 -0.566431
v 0.08901908 7.162141 -0.6339126
v 0.05357403 7.105659 -0.6812409
v 0.08901908 7.105659 -0.6812409
v 0.05357403 7.162141 -0.6339126
v 0.05357403 7.187294 -0.66391
v 0.05357403 7.130812 -0.7112379
v 0.08901908 7.105659 -0.6812409
v 0.08901908 7.130812 -0.7112379
v 0.08901908 7.162141 -0.6339126
v 0.08901908 7.187294 -0.66391
v 0.05357403 7.162141 -0.6339126
v 0.05357403 7.187294 -0.66391
v 0.2413001 7.082474 0.7668976
v 0.3301626 7.093225 0.7759185
v 0.2542198 7.093225 0.7759185
v 0.343161 7.082474 0.7668976
v 0.2414756 6.782696 0.5153546
v 0.3429891 6.782696 0.5153546
v 0.1956388 7.021338 0.9570559
v 0.3982362 6.663851 0.6569895
v 0.1510946 6.663851 0.6569895
v 0.397794 7.021338 0.9570559
v 0.3982362 6.782696 0.5153546
v 0.397794 7.140233 0.8153628
v 0.3781373 7.048285 0.9603778
v 0.3781373 7.148183 0.8413244
v 0.213147 7.048285 0.9603778
v 0.1956388 7.021338 0.9570559
v 0.213147 7.148183 0.8413244
v 0.3781373 7.148183 0.8413244
v 0.3781373 7.048285 0.9603778
v 0.1956388 7.140233 0.8153628
v 0.1510946 6.663851 0.6569895
v 0.1510946 6.782696 0.5153546
v 0.3982362 6.782696 0.5153546
v 0.343161 7.082474 0.7668976
v 0.3429891 6.782696 0.5153546
v 0.397794 7.140233 0.8153628
v 0.3301626 7.093225 0.7759185
v 0.2542198 7.093225 0.7759185
v 0.1956388 7.140233 0.8153628
v 0.3781373 7.148183 0.8413244
v 0.213147 7.148183 0.8413244
v 0.2413001 7.082474 0.7668976
v 0.2414756 6.782696 0.5153546
v 0.1510946 6.782696 0.5153546
v 0.3155372 3.805259 1.120454
v 0.3155372 4.436605 1.120454
v -0.3155372 4.436605 1.120454
v -0.3155372 3.805259 1.120454
v 0.3155372 3.745207 1.192984
v -0.3155372 4.496657 1.192984
v -0.3155372 3.745207 1.192984
v 0.3155372 3.745207 1.925808
v -0.3155372 3.745207 1.925808
v -0.3155372 4.496657 1.925808
v -0.3155372 3.805259 2.007582
v -0.3155372 4.436605 2.007582
v -0.1932015 4.120932 2.007582
v -0.1932015 4.436605 2.007582
v 0.3155372 3.805259 2.007582
v 0.1905514 4.120932 2.007582
v -0.1932015 4.120932 2.277926
v -0.1932015 4.617883 2.277926
v -0.1932015 4.496657 1.925808
v -0.1256318 4.120932 2.119804
v -0.1256318 4.120932 2.277926
v 0.121045 4.120932 2.119804
v -0.1256318 4.369407 2.277926
v 0.121045 4.120932 2.277926
v 0.121045 4.369407 2.277926
v -0.1932015 4.680809 2.215013
v 0.1905514 4.617883 2.277926
v -0.1932015 4.618053 1.559395
v -0.1932015 4.680809 1.624256
v -0.1932015 4.496657 1.559395
v 0.1905514 4.120932 2.277926
v 0.1905514 4.436605 2.007582
v 0.1905514 4.680809 2.215013
v 0.3155372 4.436605 2.007582
v 0.1905514 4.496657 1.925808
v 0.1905514 4.680809 1.624256
v 0.1905514 4.618053 1.559395
v 0.1905514 4.496657 1.559395
v -0.1932015 4.618053 1.559395
v -0.1932015 4.496657 1.559395
v 0.3155372 4.496657 1.925808
v 0.3155372 3.745207 1.925808
v -0.3155372 3.745207 1.925808
v -0.3155372 3.805259 2.007582
v 0.3155372 3.745207 1.192984
v 0.3155372 4.496657 1.192984
v 0.3155372 3.805259 1.120454
v 0.3155372 4.436605 1.120454
v 0.3155372 4.436605 1.120454
v -0.3155372 4.496657 1.192984
v -0.3155372 4.436605 1.120454
v 0.3155372 4.496657 1.192984
v 0.1905514 4.496657 1.559395
v -0.1932015 4.496657 1.559395
v -0.3155372 4.496657 1.925808
v -0.1932015 4.496657 1.925808
v -0.1932015 4.436605 2.007582
v -0.3155372 4.436605 2.007582
v 0.3155372 4.496657 1.925808
v 0.3155372 4.436605 2.007582
v 0.1905514 4.436605 2.007582
v 0.1905514 4.496657 1.925808
v 0.3155372 4.496657 1.192984
v 0.1905514 4.496657 1.559395
v -0.1932015 4.680809 1.624256
v -0.1932015 4.618053 1.559395
v 0.1905514 4.618053 1.559395
v 0.1905514 4.680809 1.624256
v 0.1905514 4.680809 2.215013
v 0.1329885 4.680809 1.700063
v 0.1329885 4.680809 1.971474
v -0.1356386 4.680809 1.700063
v -0.1932015 4.680809 1.624256
v -0.1356386 4.680809 1.971474
v -0.1932015 4.680809 2.215013
v 0.1329885 4.680809 1.971474
v 0.1905514 4.680809 2.215013
v 0.1905514 4.617883 2.277926
v -0.1932015 4.617883 2.277926
v 0.1329885 4.802256 1.92925
v -0.1356386 4.802256 1.92925
v -0.1356386 4.802256 1.742286
v 0.1329885 4.802256 1.742286
v 0.1329885 4.759426 1.700063
v -0.1356386 4.759426 1.700063
v -0.1356386 4.759426 1.971474
v -0.1356386 4.802256 1.92925
v 0.1329885 4.759426 1.971474
v -0.1256318 4.291641 2.743164
v -0.1256318 4.462544 2.743164
v 0.121045 4.462544 2.743164
v 0.121045 4.291641 2.743164
v 0.121045 4.26359 2.69934
v 0.121045 4.490595 2.69934
v 0.121045 4.26359 2.563113
v 0.121045 4.490595 2.417284
v 0.121045 4.369407 2.37346
v 0.121045 4.454736 2.37346
v -0.1256318 4.454736 2.37346
v -0.1256318 4.369407 2.37346
v 0.121045 4.120932 2.277926
v 0.121045 4.369407 2.277926
v 0.121045 3.969959 2.525656
v 0.121045 4.008051 2.563113
v -0.1256318 4.008051 2.563113
v -0.1256318 3.969959 2.525656
v 0.121045 3.969959 2.163842
v 0.121045 4.120932 2.119804
v 0.121045 4.010135 2.119804
v -0.1256318 3.969959 2.525656
v -0.1256318 3.969959 2.163842
v -0.1256318 4.120932 2.277926
v -0.1256318 4.26359 2.563113
v -0.1256318 4.008051 2.563113
v 0.121045 4.26359 2.563113
v 0.121045 4.008051 2.563113
v 0.121045 4.26359 2.69934
v -0.1256318 4.010135 2.119804
v 0.121045 3.969959 2.163842
v 0.121045 4.010135 2.119804
v -0.1256318 4.120932 2.119804
v 0.121045 4.120932 2.119804
v -0.1256318 4.369407 2.37346
v -0.1256318 4.369407 2.277926
v -0.1256318 4.454736 2.37346
v -0.1256318 4.490595 2.417284
v -0.1256318 4.490595 2.69934
v -0.1256318 4.26359 2.69934
v 0.121045 4.291641 2.743164
v -0.1256318 4.291641 2.743164
v -0.1256318 4.462544 2.743164
v 0.121045 4.369407 2.277926
v 0.121045 4.369407 2.37346
v -0.1256318 4.369407 2.37346
v -0.1256318 4.369407 2.277926
v 0.1329885 4.680809 1.700063
v -0.1356386 4.759426 1.700063
v -0.1356386 4.680809 1.700063
v 0.1329885 4.759426 1.700063
v 0.1329885 4.680809 1.971474
v 0.1329885 4.759426 1.971474
v -0.1356386 4.680809 1.971474
v -0.1356386 4.759426 1.971474
v 0.1329885 4.802256 1.742286
v 0.1329885 4.802256 1.92925
v -0.1356386 4.680809 1.700063
v -0.1356386 4.759426 1.971474
v -0.1356386 4.680809 1.971474
v -0.1356386 4.759426 1.700063
v -0.1356386 4.802256 1.92925
v -0.1356386 4.802256 1.742286
v 0.121045 4.454736 2.37346
v -0.1256318 4.490595 2.417284
v -0.1256318 4.454736 2.37346
v 0.121045 4.490595 2.417284
v -0.1256318 4.490595 2.69934
v 0.121045 4.490595 2.69934
v 0.121045 4.462544 2.743164
v -0.1256318 4.462544 2.743164
v -0.1256318 4.490595 2.69934
v -0.05489147 4.492561 1.484829
v -0.2290917 4.492561 1.484829
v -0.2290917 4.519406 1.484829
v -0.05489147 4.519406 1.484829
v -0.05489147 4.492561 1.313911
v -0.2290917 4.519406 1.313911
v -0.05489147 4.519406 1.313911
v -0.2290917 4.492561 1.313911
v -0.2290917 4.492561 1.484829
v -0.2290917 4.492561 1.313911
v -0.2290917 4.519406 1.313911
v -0.2290917 4.519406 1.484829
v 0.3029595 6.359816 0.7704186
v 0.3029595 6.935149 0.7704186
v -0.3029595 6.935149 0.7704186
v -0.3029595 6.359816 0.7704186
v 0.3029595 6.302399 0.8372351
v -0.3029595 6.992565 0.8372349
v -0.3029595 6.302399 0.8372351
v 0.3029595 6.302399 1.524809
v -0.3029595 6.302399 1.524809
v -0.3029595 6.992565 1.524809
v -0.3029595 6.359816 1.594508
v -0.3029595 6.935149 1.594508
v -0.1732555 6.647482 1.594508
v -0.1732555 6.935149 1.594508
v 0.3029595 6.359816 1.594508
v 0.1695208 6.647482 1.594508
v 0.3029595 6.935149 1.594508
v 0.1695208 6.935149 1.594508
v 0.3029595 6.992565 1.524809
v 0.3029595 6.302399 1.524809
v -0.3029595 6.302399 1.524809
v -0.3029595 6.359816 1.594508
v 0.3029595 6.302399 0.8372351
v 0.3029595 6.992565 0.8372349
v 0.3029595 6.359816 0.7704186
v 0.3029595 6.935149 0.7704186
v 0.3029595 6.935149 0.7704186
v -0.3029595 6.992565 0.8372349
v -0.3029595 6.935149 0.7704186
v 0.3029595 6.992565 0.8372349
v -0.1732555 6.992565 1.202923
v 0.1695208 6.992565 1.202923
v -0.3029595 6.992565 1.524809
v -0.1732555 6.992565 1.524809
v -0.1732555 6.935149 1.594508
v -0.3029595 6.935149 1.594508
v 0.3029595 6.992565 1.524809
v 0.3029595 6.935149 1.594508
v 0.1695208 6.935149 1.594508
v 0.1695208 6.992565 1.524809
v 0.1695208 6.992565 1.202923
v 0.3029595 6.992565 0.8372349
v 0.05658268 7.25094 1.688754
v -0.1311377 7.25094 1.688754
v -0.1311377 7.25094 1.487451
v 0.05658268 7.25094 1.487451
v 0.05658268 7.215873 1.459018
v -0.1311377 7.215873 1.459018
v -0.1311377 7.215873 1.717187
v -0.1311377 7.25094 1.688754
v 0.05658268 7.215873 1.717187
v 0.1695208 7.070875 1.867501
v -0.1732555 7.070875 1.867501
v -0.1732555 7.116889 1.819095
v 0.1695208 7.116889 1.819095
v 0.05658268 7.116889 1.717187
v -0.1311377 7.116889 1.717187
v -0.1732555 7.116889 1.237924
v -0.1311377 7.116889 1.459018
v 0.1695208 7.116889 1.237924
v 0.05658268 7.116889 1.459018
v 0.1695208 7.116889 1.819095
v 0.05658268 7.116889 1.717187
v 0.1695208 7.081746 1.202923
v -0.1732555 7.116889 1.237924
v -0.1732555 7.081746 1.202923
v -0.1732555 6.888124 1.867501
v -0.1732555 7.070875 1.867501
v 0.1695208 7.070875 1.867501
v 0.1695208 6.888124 1.867501
v 0.1695208 6.888124 1.715124
v 0.1695208 6.935149 1.594508
v 0.1695208 7.116889 1.819095
v 0.1695208 6.647482 1.594508
v 0.1695208 6.647482 1.715124
v 0.1695208 6.992565 1.524809
v 0.1695208 7.116889 1.237924
v 0.1695208 7.081746 1.202923
v 0.1695208 6.992565 1.202923
v -0.1732555 7.081746 1.202923
v -0.1732555 6.992565 1.202923
v -0.2452098 6.525923 1.750069
v -0.2452098 6.525923 2.062164
v 0.221782 6.525923 2.062164
v 0.221782 6.525923 1.750069
v 0.221782 6.570403 1.715124
v 0.221782 6.570403 2.097109
v -0.2452098 6.525923 2.062164
v -0.2452098 6.570403 2.097109
v -0.2452098 6.525923 1.750069
v -0.2452098 6.570403 1.715124
v 0.221782 6.525923 1.750069
v 0.221782 6.570403 1.715124
v -0.1732555 6.647482 1.715124
v 0.1695208 6.647482 1.715124
v -0.1732555 6.888124 1.715124
v -0.2452098 6.888124 1.715124
v -0.2452098 6.888124 2.097109
v -0.09152681 6.74139 2.097109
v -0.09152681 6.888124 2.097109
v 0.221782 6.888124 2.097109
v 0.221782 6.888124 1.715124
v 0.1695208 6.647482 1.715124
v 0.1695208 6.888124 1.715124
v 0.1197461 6.74139 2.097109
v 0.1197461 6.888124 2.097109
v 0.1197461 6.988222 2.229442
v 0.1197461 6.74139 2.229442
v 0.1197461 6.962901 2.266551
v 0.1197461 6.766711 2.266551
v 0.1197461 6.988222 1.999252
v 0.1197461 6.95565 1.9571
v 0.1197461 6.888124 1.9571
v 0.1197461 6.74139 2.229442
v 0.1197461 6.74139 2.097109
v -0.09152681 6.74139 2.229442
v 0.1197461 6.766711 2.266551
v -0.09152681 6.988222 2.229442
v -0.09152681 6.766711 2.266551
v -0.09152681 6.962901 2.266551
v 0.1197461 6.962901 2.266551
v -0.09152681 6.95565 1.9571
v -0.09152681 6.988222 1.999252
v -0.09152681 6.888124 1.9571
v 0.1197461 6.888124 1.9571
v 0.1197461 6.95565 1.9571
v -0.1732555 6.647482 1.594508
v 0.1695208 6.647482 1.715124
v 0.1695208 6.647482 1.594508
v -0.1732555 6.647482 1.715124
v -0.1732555 6.935149 1.594508
v -0.1732555 6.888124 1.715124
v -0.1732555 6.888124 1.867501
v -0.1732555 7.070875 1.867501
v -0.1732555 6.992565 1.524809
v -0.1732555 7.116889 1.819095
v -0.1732555 7.116889 1.237924
v -0.1732555 6.992565 1.202923
v -0.1732555 7.081746 1.202923
v 0.1695208 6.888124 1.867501
v -0.09152681 6.888124 1.9571
v -0.1732555 6.888124 1.867501
v 0.1197461 6.888124 1.9571
v 0.221782 6.888124 2.097109
v 0.1197461 6.888124 2.097109
v 0.221782 6.888124 1.715124
v 0.1695208 6.888124 1.715124
v 0.05658268 7.116889 1.459018
v -0.1311377 7.215873 1.459018
v -0.1311377 7.116889 1.459018
v 0.05658268 7.215873 1.459018
v 0.05658268 7.116889 1.717187
v 0.05658268 7.215873 1.717187
v -0.1311377 7.116889 1.717187
v -0.1311377 7.215873 1.717187
v 0.05658268 7.25094 1.487451
v 0.05658268 7.25094 1.688754
v -0.1311377 7.116889 1.459018
v -0.1311377 7.215873 1.717187
v -0.1311377 7.116889 1.717187
v -0.1311377 7.215873 1.459018
v -0.1311377 7.25094 1.688754
v -0.1311377 7.25094 1.487451
v 0.1197461 6.95565 1.9571
v -0.09152681 6.988222 1.999252
v -0.09152681 6.95565 1.9571
v 0.1197461 6.988222 1.999252
v -0.09152681 6.988222 2.229442
v 0.1197461 6.988222 2.229442
v 0.1197461 6.988222 2.229442
v -0.09152681 6.962901 2.266551
v 0.1197461 6.962901 2.266551
v -0.09152681 6.888124 2.097109
v -0.2452098 6.888124 2.097109
v -0.09152681 6.888124 1.9571
v -0.1732555 6.888124 1.867501
v -0.2452098 6.888124 1.715124
v -0.1732555 6.888124 1.715124
v 0.1586594 6.986013 1.075176
v 0.01759565 6.986013 1.075176
v 0.01759565 7.02068 1.075176
v 0.1586594 7.02068 1.075176
v 0.1586594 6.986013 0.9338375
v 0.01759565 7.02068 0.9338375
v 0.1586594 7.02068 0.9338375
v 0.01759565 6.986013 0.9338375
v 0.01759565 6.986013 1.075176
v 0.01759565 6.986013 0.9338375
v 0.01759565 7.02068 0.9338375
v 0.01759565 7.02068 1.075176
v -0.2543982 7.162945 -0.01072357
v -0.1595923 7.180682 -0.03186035
v -0.1595923 7.162945 -0.01072357
v -0.2543982 7.180682 -0.03186035
v -0.1595923 7.108056 -0.09280029
v -0.2543982 7.108056 -0.09280029
v -0.1595923 7.09032 -0.07166351
v -0.1595923 7.162945 -0.01072357
v -0.1595923 7.180682 -0.03186035
v -0.1595923 7.108056 -0.09280029
v -0.2543982 7.108056 -0.09280029
v -0.2543982 7.180682 -0.03186035
v -0.2543982 7.162945 -0.01072357
v -0.2543982 7.09032 -0.07166351
v -0.2543982 7.09032 -0.07166351
v -0.1595923 7.09032 -0.07166351
v -0.1595923 7.108056 -0.09280029
v -0.2543982 7.108056 -0.09280029
v -0.3131902 7.136938 0.04417145
v -0.1008003 7.176671 -0.003180237
v -0.1008003 7.136938 0.04417145
v -0.3131902 7.176671 -0.003180237
v -0.1008003 7.013971 -0.1397018
v -0.3131902 7.013971 -0.1397018
v -0.1008003 6.974238 -0.09235016
v -0.1008003 7.136938 0.04417145
v -0.1008003 7.176671 -0.003180237
v -0.1008003 7.013971 -0.1397018
v -0.3131902 7.013971 -0.1397018
v -0.3131902 7.176671 -0.003180237
v -0.3131902 7.136938 0.04417145
v -0.3131902 6.974238 -0.09235016
v 0.2543982 7.162945 -0.01072357
v 0.1595923 7.162945 -0.01072357
v 0.1595923 7.180682 -0.03186035
v 0.2543982 7.180682 -0.03186035
v 0.1595923 7.108056 -0.09280029
v 0.2543982 7.108056 -0.09280029
v 0.1595923 7.09032 -0.07166351
v 0.1595923 7.108056 -0.09280029
v 0.1595923 7.180682 -0.03186035
v 0.1595923 7.162945 -0.01072357
v 0.2543982 7.108056 -0.09280029
v 0.2543982 7.09032 -0.07166351
v 0.2543982 7.162945 -0.01072357
v 0.2543982 7.180682 -0.03186035
v 0.2543982 7.09032 -0.07166351
v 0.2543982 7.108056 -0.09280029
v 0.1595923 7.108056 -0.09280029
v 0.1595923 7.09032 -0.07166351
v 0.3131902 7.136938 0.04417145
v 0.1008003 7.136938 0.04417145
v 0.1008003 7.176671 -0.003180237
v 0.3131902 7.176671 -0.003180237
v 0.1008003 7.013971 -0.1397018
v 0.3131902 7.013971 -0.1397018
v 0.1008003 6.974238 -0.09235016
v 0.1008003 7.013971 -0.1397018
v 0.1008003 7.176671 -0.003180237
v 0.1008003 7.136938 0.04417145
v 0.3131902 7.013971 -0.1397018
v 0.3131902 6.974238 -0.09235016
v 0.3131902 7.136938 0.04417145
v 0.3131902 7.176671 -0.003180237
v 0.3835468 2.109925 0.2104756
v 0.3835468 2.109925 -0.1862602
v 0.4485464 2.109925 -0.2543567
v 0.4485464 2.109925 0.2785721
v 0.8526787 2.109925 0.2785721
v 0.8526787 2.109925 -0.2543567
v 0.9164755 2.109925 0.2104756
v 0.9164755 2.109925 -0.1862602
v 0.3835468 2.109925 -0.1862602
v 0.3835468 1.982289 -0.1862602
v 0.4485464 1.982289 -0.2543567
v 0.4485464 2.109925 -0.2543567
v 0.8526787 2.109925 -0.2543567
v 0.8526787 1.982289 -0.2543567
v 0.9164755 2.109925 -0.1862602
v 0.9164755 1.982289 -0.1862602
v 0.9164755 1.982289 0.2104756
v 0.9164755 2.109925 -0.1862602
v 0.9164755 1.982289 -0.1862602
v 0.9164755 2.109925 0.2104756
v 0.8526787 2.109925 0.2785721
v 0.8526787 1.982289 0.2785721
v 0.4485464 2.109925 0.2785721
v 0.4485464 1.982289 0.2785721
v 0.3835468 1.982289 0.2104756
v 0.3835468 2.109925 0.2104756
v 0.3835468 1.982289 -0.1862602
v 0.3835468 2.109925 -0.1862602
v -0.8007481 2.254012 -0.5462185
v -0.8007481 2.254012 -0.8372038
v -0.7357486 2.254012 -0.9053003
v -0.7357486 2.254012 -0.4781218
v -0.4133965 2.254012 -0.4781218
v -0.4133965 2.254012 -0.9053003
v -0.3495996 2.254012 -0.5462185
v -0.3495996 2.254012 -0.8372038
v -0.8007481 2.254012 -0.8372038
v -0.8007481 1.982289 -0.8372038
v -0.7357486 1.982289 -0.9053003
v -0.7357486 2.254012 -0.9053003
v -0.4133965 2.254012 -0.9053003
v -0.4133965 1.982289 -0.9053003
v -0.3495996 2.254012 -0.8372038
v -0.3495996 1.982289 -0.8372038
v -0.3495996 1.982289 -0.5462185
v -0.3495996 2.254012 -0.8372038
v -0.3495996 1.982289 -0.8372038
v -0.3495996 2.254012 -0.5462185
v -0.4133965 2.254012 -0.4781218
v -0.4133965 1.982289 -0.4781218
v -0.7357486 2.254012 -0.4781218
v -0.7357486 1.982289 -0.4781218
v -0.8007481 1.982289 -0.5462185
v -0.8007481 2.254012 -0.5462185
v -0.8007481 1.982289 -0.8372038
v -0.8007481 2.254012 -0.8372038
v -1.075153 2.009058 0.5359565
v -1.075153 2.009058 0.2852301
v -0.8244264 2.009058 0.2852301
v -0.8244264 2.009058 0.5359565
v -0.7694569 2.009058 0.1815713
v -0.7694569 2.009058 0.01197803
v -0.5998636 2.009058 0.01197803
v -0.5998636 2.009058 0.1815713
v -0.01511116 2.009058 0.43547
v -0.01511116 2.009058 0.1847436
v 0.2356152 2.009058 0.1847436
v 0.2356152 2.009058 0.43547
v 0.8591264 2.009058 -0.5860128
v 0.8591264 2.009058 -0.8367392
v 1.109853 2.009058 -0.8367392
v 1.109853 2.009058 -0.5860128
v 0.5978392 2.009058 -0.8873346
v 0.5978392 2.009058 -1.035052
v 0.7455562 2.009058 -1.035052
v 0.7455562 2.009058 -0.8873346
v -0.2017966 2.009058 -0.7811212
v -0.2017966 2.009058 -0.9507145
v -0.03220325 2.009058 -0.9507145
v -0.03220325 2.009058 -0.7811212
v 0.8422475 2.009058 0.9802955
v 0.8422475 2.009058 0.8107022
v 1.011841 2.009058 0.8107022
v 1.011841 2.009058 0.9802955
v -1.393119 1.360803 -0.1341185
v -1.393119 1.360803 -0.3181415
v -1.393119 1.544826 -0.3181415
v -1.393119 1.544826 -0.1341185
v -1.393119 1.47947 0.3109277
v -1.393119 1.47947 -0.01211319
v -1.393119 1.802511 -0.01211319
v -1.393119 1.802511 0.3109277
v -1.393119 1.448918 -0.8618978
v -1.393119 1.448918 -1.045921
v -1.393119 1.632941 -1.045921
v -1.393119 1.632941 -0.8618978
v -1.393119 0.6582936 -0.8694417
v -1.393119 0.6582936 -1.059538
v -1.393119 0.8483903 -1.059538
v -1.393119 0.8483903 -0.8694417
v -1.393119 0.4941797 -0.4723795
v -1.393119 0.4941797 -0.7954205
v -1.393119 0.8172206 -0.7954205
v -1.393119 0.8172206 -0.4723795
v -1.393119 0.3712437 0.2086927
v -1.393119 0.3712437 0.01859615
v -1.393119 0.5613404 0.01859615
v -1.393119 0.5613404 0.2086927
v -1.393119 0.6735652 0.8798186
v -1.393119 0.6735652 0.6897219
v -1.393119 0.8636619 0.6897219
v -1.393119 0.8636619 0.8798186
v -1.393119 1.386487 0.9928874
v -1.393119 1.386487 0.8088644
v -1.393119 1.570511 0.8088644
v -1.393119 1.570511 0.9928874
v -1.393119 0.1607414 0.6586429
v -1.393119 0.1607414 0.4685463
v -1.393119 0.3508381 0.4685463
v -1.393119 0.3508381 0.6586429
v -1.393119 0.1758456 -0.7458331
v -1.393119 0.1758456 -0.9359297
v -1.393119 0.3659423 -0.9359297
v -1.393119 0.3659423 -0.7458331
v 0.6158267 1.576079 1.393119
v 0.4318037 1.576079 1.393119
v 0.4318037 1.760102 1.393119
v 0.6158267 1.760102 1.393119
v -0.4228209 1.264669 1.393119
v -0.7458618 1.264669 1.393119
v -0.7458618 1.58771 1.393119
v -0.4228209 1.58771 1.393119
v -0.8618978 1.448918 1.393119
v -1.045921 1.448918 1.393119
v -1.045921 1.632941 1.393119
v -0.8618978 1.632941 1.393119
v -0.4700815 0.317774 1.393119
v -0.6601781 0.317774 1.393119
v -0.6601781 0.5078707 1.393119
v -0.4700815 0.5078707 1.393119
v 0.4686144 0.6309153 1.393119
v 0.1455735 0.6309153 1.393119
v 0.1455735 0.9539562 1.393119
v 0.4686144 0.9539562 1.393119
v 0.2086927 0.3712437 1.393119
v 0.01859615 0.3712437 1.393119
v 0.01859615 0.5613404 1.393119
v 0.2086927 0.5613404 1.393119
v 0.9943764 0.3092695 1.393119
v 0.8042797 0.3092695 1.393119
v 0.8042797 0.4993663 1.393119
v 0.9943764 0.4993663 1.393119
v 0.8025015 1.27539 1.393119
v 0.6184785 1.27539 1.393119
v 0.6184785 1.459413 1.393119
v 0.8025015 1.459413 1.393119
v 0.6586429 0.1607414 1.393119
v 0.4685463 0.1607414 1.393119
v 0.4685463 0.3508381 1.393119
v 0.6586429 0.3508381 1.393119
v -0.7879004 0.517092 1.393119
v -0.977997 0.517092 1.393119
v -0.977997 0.7071887 1.393119
v -0.7879004 0.7071887 1.393119
v -0.5145539 1.257498 -1.393119
v -0.3305309 1.257498 -1.393119
v -0.3305309 1.441521 -1.393119
v -0.5145539 1.441521 -1.393119
v 0.3529439 1.490222 -1.393119
v 0.6759848 1.490222 -1.393119
v 0.6759848 1.813263 -1.393119
v 0.3529439 1.813263 -1.393119
v 0.8618978 1.448918 -1.393119
v 1.045921 1.448918 -1.393119
v 1.045921 1.632941 -1.393119
v 0.8618978 1.632941 -1.393119
v 0.210836 0.3784716 -1.393119
v 0.4009326 0.3784716 -1.393119
v 0.4009326 0.5685683 -1.393119
v 0.210836 0.5685683 -1.393119
v -0.3578586 0.6554663 -1.393119
v -0.03481766 0.6554663 -1.393119
v -0.03481766 0.9785072 -1.393119
v -0.3578586 0.9785072 -1.393119
v 0.4097688 0.6283891 -1.393119
v 0.5998654 0.6283891 -1.393119
v 0.5998654 0.8184857 -1.393119
v 0.4097688 0.8184857 -1.393119
v -0.920637 0.4135261 -1.393119
v -0.7305405 0.4135261 -1.393119
v -0.7305405 0.6036228 -1.393119
v -0.920637 0.6036228 -1.393119
v -0.9568638 1.49557 -1.393119
v -0.7728408 1.49557 -1.393119
v -0.7728408 1.679593 -1.393119
v -0.9568638 1.679593 -1.393119
v -0.4490139 0.3413551 -1.393119
v -0.2589174 0.3413551 -1.393119
v -0.2589174 0.5314517 -1.393119
v -0.4490139 0.5314517 -1.393119
v 0.782835 0.1647771 -1.393119
v 1.064716 0.1647771 -1.393119
v 1.064716 0.4466586 -1.393119
v 0.782835 0.4466586 -1.393119
v 1.393119 1.362566 -0.852716
v 1.393119 1.362566 -0.5296751
v 1.393119 1.685607 -0.5296751
v 1.393119 1.685607 -0.852716
v 1.393119 1.448918 0.8618978
v 1.393119 1.448918 1.045921
v 1.393119 1.632941 1.045921
v 1.393119 1.632941 0.8618978
v 1.393119 0.6060127 -0.02235935
v 1.393119 0.6060127 0.3006816
v 1.393119 0.9290536 0.3006816
v 1.393119 0.9290536 -0.02235935
v 1.393119 0.5664964 0.6512799
v 1.393119 0.5664964 0.8413765
v 1.393119 0.756593 0.8413765
v 1.393119 0.756593 0.6512799
v 1.393119 0.4883723 -0.9330312
v 1.393119 0.4883723 -0.7429346
v 1.393119 0.6784691 -0.7429346
v 1.393119 0.6784691 -0.9330312
v 1.393119 1.209341 -0.3556799
v 1.393119 1.209341 -0.08364052
v 1.393119 1.481381 -0.08364052
v 1.393119 1.481381 -0.3556799
v 1.393119 0.2919015 -0.1135147
v 1.393119 0.2919015 0.07658184
v 1.393119 0.4819981 0.07658184
v 1.393119 0.4819981 -0.1135147
v 1.393119 0.1647771 0.782835
v 1.393119 0.1647771 1.064716
v 1.393119 0.4466586 1.064716
v 1.393119 0.4466586 0.782835
v -0.6971998 2.483752 1.168519
v -0.6971998 2.607007 1.168519
v -0.7334549 2.607007 1.168519
v -0.7334549 2.483752 1.168519
v -0.6971998 2.483752 1.291774
v -0.7334549 2.607007 1.291774
v -0.6971998 2.607007 1.291774
v -0.7334549 2.483752 1.291774
v -0.6125323 2.872978 1.63563
v -0.6125323 2.962452 1.63563
v -0.6487874 2.962452 1.63563
v -0.6487874 2.872978 1.63563
v -0.6125323 2.872978 1.724886
v -0.6487874 2.962452 1.724886
v -0.6125323 2.962452 1.724886
v -0.6487874 2.872978 1.724886
v 0.6971998 2.483752 1.168519
v 0.7334549 2.483752 1.168519
v 0.7334549 2.607007 1.168519
v 0.6971998 2.607007 1.168519
v 0.6971998 2.483752 1.291774
v 0.7334549 2.607007 1.291774
v 0.6971998 2.607007 1.291774
v 0.7334549 2.483752 1.291774
v 0.6125323 2.872978 1.63563
v 0.6487874 2.872978 1.63563
v 0.6487874 2.962452 1.63563
v 0.6125323 2.962452 1.63563
v 0.6125323 2.872978 1.724886
v 0.6487874 2.962452 1.724886
v 0.6125323 2.962452 1.724886
v 0.6487874 2.872978 1.724886
v -0.6566132 3.884767 -1.392721
v -0.6566132 4.021611 -1.392721
v -0.7560166 4.021611 -1.392721
v -0.7560166 3.884767 -1.392721
v -0.6566132 3.884767 -1.248326
v -0.7560166 4.021611 -1.248326
v -0.6566132 4.021611 -1.248326
v -0.7560166 3.884767 -1.248326
v 0.6566132 3.884767 -1.392721
v 0.7560166 3.884767 -1.392721
v 0.7560166 4.021611 -1.392721
v 0.6566132 4.021611 -1.392721
v 0.6566132 3.884767 -1.248326
v 0.7560166 4.021611 -1.248326
v 0.6566132 4.021611 -1.248326
v 0.7560166 3.884767 -1.248326
v -0.3093015 3.860861 1.558977
v -0.3093015 4.118631 1.558977
v -0.4199549 4.118631 1.558977
v -0.4199549 3.860861 1.558977
v -0.3093015 3.860861 1.816747
v -0.4199549 4.118631 1.816747
v -0.3093015 4.118631 1.816747
v -0.4199549 3.860861 1.816747
v -0.3093015 4.159156 1.268672
v -0.3093015 4.284908 1.268672
v -0.3701819 4.284908 1.268672
v -0.3701819 4.159156 1.268672
v -0.3093015 4.159156 1.405376
v -0.3701819 4.284908 1.405376
v -0.3093015 4.284908 1.405376
v -0.3701819 4.159156 1.405376
v -0.3093015 4.27816 1.64627
v -0.3093015 4.363101 1.64627
v -0.3701819 4.363101 1.64627
v -0.3701819 4.27816 1.64627
v -0.3093015 4.27816 1.735235
v -0.3701819 4.363101 1.735235
v -0.3093015 4.363101 1.735235
v -0.3701819 4.27816 1.735235
v 0.3042213 4.131415 1.825953
v 0.3042213 4.321313 1.825953
v 0.3399894 4.321313 1.825953
v 0.3399894 4.131415 1.825953
v 0.3042213 4.131415 1.634584
v 0.3399894 4.321313 1.634584
v 0.3042213 4.321313 1.634584
v 0.3399894 4.131415 1.634584
v 0.3042213 3.919261 1.545276
v 0.3042213 4.025694 1.545276
v 0.3399894 4.025694 1.545276
v 0.3399894 3.919261 1.545276
v 0.3042213 3.919261 1.434952
v 0.3399894 4.025694 1.434952
v 0.3042213 4.025694 1.434952
v 0.3399894 3.919261 1.434952
v -0.2898178 6.46278 1.166664
v -0.2898178 6.731337 1.166664
v -0.3614818 6.731337 1.166664
v -0.3614818 6.46278 1.166664
v -0.2898178 6.46278 1.436138
v -0.3614818 6.731337 1.436138
v -0.2898178 6.731337 1.436138
v -0.3614818 6.46278 1.436138
v -0.2898178 6.681819 0.9348025
v -0.2898178 6.844676 0.9348025
v -0.324485 6.844676 0.9348025
v -0.324485 6.681819 0.9348025
v -0.2898178 6.681819 1.076141
v -0.324485 6.844676 1.076141
v -0.2898178 6.844676 1.076141
v -0.324485 6.681819 1.076141
v 0.2931328 6.460933 1.172915
v 0.2931328 6.661065 1.172915
v 0.3269395 6.661065 1.172915
v 0.3269395 6.460933 1.172915
v 0.2931328 6.460933 0.9955539
v 0.3269395 6.661065 0.9955539
v 0.2931328 6.661065 0.9955539
v 0.3269395 6.460933 0.9955539
v 0.2947806 6.700634 1.440823
v 0.2947806 6.862484 1.440823
v 0.3496491 6.862484 1.440823
v 0.3496491 6.700634 1.440823
v 0.2947806 6.700634 1.282992
v 0.3496491 6.862484 1.282992
v 0.2947806 6.862484 1.282992
v 0.3496491 6.700634 1.282992
vt 0.1620345 0.6383543
vt 0.1538337 0.6488935
vt 0.1538337 0.6488935
vt 0.1620345 0.6383543
vt 0.1538337 0.6488935
vt 0.1693728 0.6383543
vt 0.1619712 0.6488935
vt 0.2906093 0.6383543
vt 0.3022751 0.6488935
vt 0.153818 0.7125427
vt 0.2906093 0.5191393
vt 0.1619875 0.7125427
vt 0.253361 0.7125427
vt 0.1682664 0.7216961
vt 0.1607369 0.7216961
vt 0.2403543 0.7216961
vt 0.2403543 0.7653192
vt 0.3022751 0.5191393
vt 0.2809481 0.5087654
vt 0.253361 0.7653527
vt 0.3952404 0.7653527
vt 0.2491234 0.7784857
vt 0.2581171 0.7784857
vt 0.3875319 0.7784857
vt 0.3986647 0.7784857
vt 0.4069546 0.7653263
vt 0.4069546 0.7011909
vt 0.3952404 0.7011909
vt 0.4068487 0.5191393
vt 0.3952652 0.5191393
vt 0.669742 0.5191393
vt 0.2925784 0.5087654
vt 0.6801925 0.5087654
vt 0.6858007 0.5191393
vt 0.6969854 0.5087654
vt 0.6969854 0.349635
vt 0.2925784 0.349635
vt 0.2809481 0.349635
vt 0.2921326 0.3391163
vt 0.303029 0.3391163
vt 0.6801925 0.349635
vt 0.669742 0.3391163
vt 0.6858007 0.3391163
vt 0.153818 0.7125427
vt 0.1607369 0.7216961
vt 0.1607369 0.7216961
vt 0.153818 0.7125427
vt 0.1607369 0.7216961
vt 0.153822 0.6890531
vt 0.153822 0.6890531
vt 0.1538337 0.6488935
vt 0.153818 0.7125427
vt 0.1538299 0.6768632
vt 0.1538337 0.6488935
vt 0.1538299 0.6768632
vt 0.1538337 0.6488935
vt 0.1538337 0.6488935
vt 0.1538299 0.6768632
vt 0.1538299 0.6768632
vt 0.153822 0.6890531
vt 0.153822 0.6890531
vt 0.153818 0.7125427
vt 0.1607369 0.7216961
vt 0.5428727 0.4781374
vt 0.5376184 0.4781374
vt 0.5376184 0.4781374
vt 0.5428727 0.4781374
vt 0.6587471 0.4781428
vt 0.6587471 0.4781428
vt 0.6376967 0.1675453
vt 0.6376967 0.1675453
vt 0.6376967 0.1294051
vt 0.6376967 0.1294051
vt 0.6428518 0.1294051
vt 0.6428518 0.1675453
vt 0.6428518 0.1294051
vt 0.6907769 0.1675453
vt 0.6907769 0.1294051
vt 0.6907769 0.1294051
vt 0.6959319 0.1294051
vt 0.6959319 0.1294051
vt 0.6959319 0.1675453
vt 0.6959319 0.1675453
vt 0.6959319 0.1675453
vt 0.6959319 0.1675453
vt 0.6959319 0.2896678
vt 0.6959319 0.2896678
vt 0.6879067 0.2973043
vt 0.6908408 0.2846256
vt 0.6907769 0.1675453
vt 0.6428518 0.1675453
vt 0.6879067 0.2973043
vt 0.6690687 0.2973043
vt 0.6828156 0.2928043
vt 0.6690687 0.2973043
vt 0.6690687 0.4689245
vt 0.662921 0.2928043
vt 0.6428151 0.2586688
vt 0.6690687 0.4689245
vt 0.6636631 0.4781428
vt 0.6636631 0.4781428
vt 0.662921 0.4689245
vt 0.6587471 0.4781428
vt 0.5395736 0.26364
vt 0.5395736 0.468893
vt 0.5428727 0.4781374
vt 0.5376184 0.4781374
vt 0.533093 0.4688929
vt 0.533093 0.468893
vt 0.5376184 0.4781374
vt 0.533093 0.2602376
vt 0.533093 0.2602376
vt 0.5410537 0.253006
vt 0.5444958 0.2586688
vt 0.5410537 0.253006
vt 0.6376967 0.253006
vt 0.6376967 0.253006
vt 0.6376967 0.1675453
vt 0.6376967 0.1675453
vt 0.6376967 0.1675453
vt 0.6428518 0.1294051
vt 0.6376967 0.1294051
vt 0.6428518 0.1675453
vt 0.6907769 0.1675453
vt 0.6907769 0.1294051
vt 0.6959319 0.1294051
vt 0.6959319 0.1675453
vt 0.6376967 0.253006
vt 0.6428518 0.1675453
vt 0.6376967 0.1675453
vt 0.6428151 0.2586688
vt 0.5410537 0.253006
vt 0.6908408 0.2846256
vt 0.6907769 0.1675453
vt 0.6959319 0.1675453
vt 0.6959319 0.2896678
vt 0.6828156 0.2928043
vt 0.6879067 0.2973043
vt 0.662921 0.2928043
vt 0.6690687 0.2973043
vt 0.5444958 0.2586688
vt 0.533093 0.2602376
vt 0.5395736 0.26364
vt 0.533093 0.468893
vt 0.662921 0.4689245
vt 0.6690687 0.4689245
vt 0.6636631 0.4781428
vt 0.6587471 0.4781428
vt 0.5395736 0.468893
vt 0.5376184 0.4781374
vt 0.5428727 0.4781374
vt 0.6587471 0.4781428
vt 0.6587471 0.4781428
vt 0.6636631 0.4781428
vt 0.6636631 0.4781428
vt 0.6907834 0.1965436
vt 0.6907834 0.2676252
vt 0.6907834 0.2676252
vt 0.6907834 0.1965436
vt 0.6966388 0.1906273
vt 0.7618651 0.2676252
vt 0.6966388 0.1906273
vt 0.7560097 0.1906273
vt 0.7560097 0.1906273
vt 0.7618651 0.1965436
vt 0.7618651 0.2310236
vt 0.7618651 0.2676252
vt 0.7618651 0.1965436
vt 0.7618651 0.2310236
vt 0.7618651 0.1965436
vt 0.7560097 0.1906273
vt 0.6907834 0.1965436
vt 0.6966388 0.1906273
vt 0.6907834 0.2676252
vt 0.7618651 0.2676252
vt 0.7618651 0.2310236
vt 0.7618651 0.2676252
vt 0.7263242 0.2676252
vt 0.7618651 0.2676252
vt 0.7618651 0.2676252
vt 0.6907834 0.2676252
vt 0.6907834 0.2676252
vt 0.7263242 0.2676252
vt 0.7324185 0.2874095
vt 0.7263242 0.2814962
vt 0.7263242 0.2814962
vt 0.7324185 0.2874095
vt 0.7437896 0.2874095
vt 0.7437896 0.2874095
vt 0.7324185 0.2874095
vt 0.7819457 0.2874095
vt 0.8246745 0.2874095
vt 0.7819457 0.2874095
vt 0.8246745 0.2874095
vt 0.7819457 0.2874095
vt 0.8246745 0.2874095
vt 0.8303908 0.2841583
vt 0.8303908 0.2841583
vt 0.8303908 0.2342747
vt 0.8303908 0.2342747
vt 0.8303908 0.2841583
vt 0.8303908 0.2841583
vt 0.8246745 0.2310236
vt 0.8246745 0.2874095
vt 0.8246745 0.2310236
vt 0.8303908 0.2342747
vt 0.8246745 0.2874095
vt 0.8303908 0.2841583
vt 0.7618651 0.2676252
vt 0.7618651 0.2310236
vt 0.7263242 0.2814962
vt 0.7324185 0.2874095
vt 0.7263242 0.2676252
vt 0.7618651 0.2310236
vt 0.7618651 0.2310236
vt 0.8246745 0.2310236
vt 0.7618651 0.2676252
vt 0.7324185 0.2874095
vt 0.7263242 0.2814962
vt 0.7263242 0.2676252
vt 0.7263242 0.2814962
vt 0.7263242 0.2676252
vt 0.6907834 0.2676252
vt 0.7618651 0.2676252
vt 0.7618651 0.2676252
vt 0.7263242 0.2676252
vt 0.7784146 0.3119606
vt 0.7784146 0.3119606
vt 0.7473205 0.3119606
vt 0.7473205 0.3119606
vt 0.7437896 0.3077581
vt 0.7437896 0.3077581
vt 0.7819457 0.3077581
vt 0.7784146 0.3119606
vt 0.7819457 0.3077581
vt 0.7437896 0.2874095
vt 0.7437896 0.3077581
vt 0.7437896 0.2874095
vt 0.7437896 0.3077581
vt 0.7819457 0.2874095
vt 0.7819457 0.3077581
vt 0.7819457 0.2874095
vt 0.7819457 0.3077581
vt 0.7473205 0.3119606
vt 0.7784146 0.3119606
vt 0.7437896 0.2874095
vt 0.7819457 0.3077581
vt 0.7819457 0.2874095
vt 0.7437896 0.3077581
vt 0.7784146 0.3119606
vt 0.7473205 0.3119606
vt 0.7487824 0.2161654
vt 0.7487824 0.2484812
vt 0.7487824 0.2484812
vt 0.7487824 0.2161654
vt 0.7557205 0.2113994
vt 0.7557205 0.2532473
vt 0.7557205 0.2113994
vt 0.7840917 0.2113994
vt 0.7840917 0.2113994
vt 0.7840917 0.2532473
vt 0.7906302 0.2161654
vt 0.7906302 0.2484812
vt 0.7487824 0.2484812
vt 0.7557205 0.2532473
vt 0.7557205 0.2532473
vt 0.7487824 0.2484812
vt 0.7557205 0.2532473
vt 0.7840917 0.2532473
vt 0.7840917 0.2532473
vt 0.7906302 0.2484812
vt 0.7906302 0.2484812
vt 0.7840917 0.2532473
vt 0.7906302 0.2484812
vt 0.7906302 0.2161654
vt 0.7906302 0.2484812
vt 0.7906302 0.2161654
vt 0.7840917 0.2113994
vt 0.7840917 0.2113994
vt 0.7840917 0.2532473
vt 0.7557205 0.2113994
vt 0.7557205 0.2532473
vt 0.7487824 0.2161654
vt 0.7487824 0.2484812
vt 0.6907834 0.1965436
vt 0.6907834 0.2676252
vt 0.6907834 0.2676252
vt 0.6907834 0.1965436
vt 0.6966388 0.1906273
vt 0.7618651 0.2676252
vt 0.6966388 0.1906273
vt 0.7560097 0.1906273
vt 0.7560097 0.1906273
vt 0.7618651 0.1965436
vt 0.7618651 0.2310236
vt 0.7618651 0.2676252
vt 0.7618651 0.1965436
vt 0.7618651 0.2310236
vt 0.7618651 0.1965436
vt 0.7560097 0.1906273
vt 0.6907834 0.1965436
vt 0.6966388 0.1906273
vt 0.6907834 0.2676252
vt 0.7618651 0.2676252
vt 0.7618651 0.2310236
vt 0.7618651 0.2676252
vt 0.7263242 0.2676252
vt 0.7618651 0.2676252
vt 0.7618651 0.2676252
vt 0.6907834 0.2676252
vt 0.6907834 0.2676252
vt 0.7263242 0.2676252
vt 0.7324185 0.2874095
vt 0.7263242 0.2814962
vt 0.7263242 0.2814962
vt 0.7324185 0.2874095
vt 0.7324185 0.2874095
vt 0.7437896 0.2874095
vt 0.7437896 0.2874095
vt 0.7819457 0.2874095
vt 0.8246745 0.2874095
vt 0.7819457 0.2874095
vt 0.8246745 0.2874095
vt 0.7819457 0.2874095
vt 0.8246745 0.2874095
vt 0.8303908 0.2841583
vt 0.8303908 0.2841583
vt 0.8303908 0.2342747
vt 0.8303908 0.2841583
vt 0.8303908 0.2342747
vt 0.8303908 0.2841583
vt 0.8246745 0.2310236
vt 0.8246745 0.2874095
vt 0.8246745 0.2310236
vt 0.8303908 0.2342747
vt 0.8246745 0.2874095
vt 0.8303908 0.2841583
vt 0.7618651 0.2676252
vt 0.7618651 0.2310236
vt 0.7263242 0.2814962
vt 0.7324185 0.2874095
vt 0.7263242 0.2676252
vt 0.7618651 0.2310236
vt 0.7618651 0.2310236
vt 0.8246745 0.2310236
vt 0.7618651 0.2676252
vt 0.7324185 0.2874095
vt 0.7263242 0.2814962
vt 0.7263242 0.2676252
vt 0.7263242 0.2814962
vt 0.7263242 0.2676252
vt 0.6907834 0.2676252
vt 0.7263242 0.2676252
vt 0.7618651 0.2676252
vt 0.7618651 0.2676252
vt 0.7784146 0.3119606
vt 0.7473205 0.3119606
vt 0.7784146 0.3119606
vt 0.7473205 0.3119606
vt 0.7437896 0.3077581
vt 0.7437896 0.3077581
vt 0.7819457 0.3077581
vt 0.7819457 0.3077581
vt 0.7784146 0.3119606
vt 0.7437896 0.2874095
vt 0.7437896 0.2874095
vt 0.7437896 0.3077581
vt 0.7437896 0.3077581
vt 0.7819457 0.2874095
vt 0.7819457 0.3077581
vt 0.7819457 0.2874095
vt 0.7819457 0.3077581
vt 0.7473205 0.3119606
vt 0.7784146 0.3119606
vt 0.7437896 0.2874095
vt 0.7819457 0.2874095
vt 0.7819457 0.3077581
vt 0.7437896 0.3077581
vt 0.7784146 0.3119606
vt 0.7473205 0.3119606
vt 0.7487824 0.2161654
vt 0.7487824 0.2484812
vt 0.7487824 0.2484812
vt 0.7487824 0.2161654
vt 0.7557205 0.2113994
vt 0.7557205 0.2532473
vt 0.7557205 0.2113994
vt 0.7840917 0.2113994
vt 0.7840917 0.2113994
vt 0.7840917 0.2532473
vt 0.7906302 0.2161654
vt 0.7906302 0.2484812
vt 0.7487824 0.2484812
vt 0.7487824 0.2484812
vt 0.7557205 0.2532473
vt 0.7557205 0.2532473
vt 0.7557205 0.2532473
vt 0.7840917 0.2532473
vt 0.7840917 0.2532473
vt 0.7840917 0.2532473
vt 0.7906302 0.2484812
vt 0.7906302 0.2484812
vt 0.7906302 0.2484812
vt 0.7906302 0.2484812
vt 0.7906302 0.2161654
vt 0.7906302 0.2161654
vt 0.7840917 0.2113994
vt 0.7840917 0.2113994
vt 0.7840917 0.2532473
vt 0.7557205 0.2113994
vt 0.7557205 0.2532473
vt 0.7487824 0.2161654
vt 0.7487824 0.2484812
vt 0.5428727 0.4781374
vt 0.5376184 0.4781374
vt 0.5376184 0.4781374
vt 0.5428727 0.4781374
vt 0.6587471 0.4781428
vt 0.6587471 0.4781428
vt 0.6376967 0.1675453
vt 0.6376967 0.1294051
vt 0.6376967 0.1675453
vt 0.6376967 0.1294051
vt 0.6428518 0.1294051
vt 0.6428518 0.1675453
vt 0.6428518 0.1294051
vt 0.6907769 0.1675453
vt 0.6907769 0.1294051
vt 0.6907769 0.1294051
vt 0.6959319 0.1294051
vt 0.6959319 0.1294051
vt 0.6959319 0.1675453
vt 0.6959319 0.1675453
vt 0.6959319 0.1675453
vt 0.6959319 0.2896678
vt 0.6959319 0.1675453
vt 0.6959319 0.2896678
vt 0.6879067 0.2973043
vt 0.6908408 0.2846256
vt 0.6907769 0.1675453
vt 0.6428518 0.1675453
vt 0.6879067 0.2973043
vt 0.6690687 0.2973043
vt 0.6828156 0.2928043
vt 0.6690687 0.2973043
vt 0.6690687 0.4689245
vt 0.662921 0.2928043
vt 0.6428151 0.2586688
vt 0.6690687 0.4689245
vt 0.6636631 0.4781428
vt 0.6636631 0.4781428
vt 0.662921 0.4689245
vt 0.6587471 0.4781428
vt 0.5395736 0.26364
vt 0.5395736 0.468893
vt 0.5428727 0.4781374
vt 0.5376184 0.4781374
vt 0.533093 0.4688929
vt 0.533093 0.468893
vt 0.5376184 0.4781374
vt 0.533093 0.2602376
vt 0.533093 0.2602376
vt 0.5410537 0.253006
vt 0.5444958 0.2586688
vt 0.5410537 0.253006
vt 0.6376967 0.253006
vt 0.6376967 0.253006
vt 0.6376967 0.1675453
vt 0.6376967 0.1675453
vt 0.6376967 0.1675453
vt 0.6376967 0.1294051
vt 0.6428518 0.1294051
vt 0.6428518 0.1675453
vt 0.6907769 0.1675453
vt 0.6907769 0.1294051
vt 0.6959319 0.1294051
vt 0.6959319 0.1675453
vt 0.6376967 0.253006
vt 0.6376967 0.1675453
vt 0.6428518 0.1675453
vt 0.6428151 0.2586688
vt 0.5410537 0.253006
vt 0.6908408 0.2846256
vt 0.6907769 0.1675453
vt 0.6959319 0.1675453
vt 0.6959319 0.2896678
vt 0.6828156 0.2928043
vt 0.6879067 0.2973043
vt 0.662921 0.2928043
vt 0.6690687 0.2973043
vt 0.5444958 0.2586688
vt 0.533093 0.2602376
vt 0.5395736 0.26364
vt 0.533093 0.468893
vt 0.662921 0.4689245
vt 0.6690687 0.4689245
vt 0.6636631 0.4781428
vt 0.6587471 0.4781428
vt 0.5395736 0.468893
vt 0.5376184 0.4781374
vt 0.5428727 0.4781374
vt 0.6587471 0.4781428
vt 0.6636631 0.4781428
vt 0.6636631 0.4781428
vt 0.6587471 0.4781428
vt 0.3030532 0.1675453
vt 0.3030532 0.1675453
vt 0.3030532 0.1294051
vt 0.3030532 0.1294051
vt 0.309047 0.1294051
vt 0.309047 0.1675453
vt 0.3478443 0.1294051
vt 0.3478443 0.1675453
vt 0.3538381 0.1294051
vt 0.3538381 0.1675453
vt 0.3538381 0.1294051
vt 0.3538381 0.1675453
vt 0.3130128 0.4690854
vt 0.3085549 0.4690854
vt 0.3085549 0.4690854
vt 0.3130128 0.4690854
vt 0.3438784 0.4690854
vt 0.3438784 0.4690854
vt 0.309047 0.4598671
vt 0.3030532 0.4598671
vt 0.3478443 0.4598671
vt 0.3483364 0.4690854
vt 0.3538381 0.4598671
vt 0.309047 0.4026801
vt 0.3030532 0.4026801
vt 0.3538381 0.4026801
vt 0.3538381 0.4598671
vt 0.3478443 0.4026801
vt 0.309047 0.386399
vt 0.3030532 0.386399
vt 0.3478443 0.386399
vt 0.3538381 0.386399
vt 0.3538381 0.386399
vt 0.3538381 0.4026801
vt 0.3538381 0.4026801
vt 0.309047 0.1675453
vt 0.3478443 0.1675453
vt 0.3030532 0.1675453
vt 0.3030532 0.386399
vt 0.3030532 0.1675453
vt 0.3538381 0.1675453
vt 0.3538381 0.1675453
vt 0.3538381 0.386399
vt 0.3478443 0.386399
vt 0.3478443 0.1675453
vt 0.309047 0.1675453
vt 0.3478443 0.4026801
vt 0.309047 0.386399
vt 0.3030532 0.1675453
vt 0.3030532 0.386399
vt 0.309047 0.4026801
vt 0.3030532 0.4026801
vt 0.3030532 0.4598671
vt 0.3478443 0.4598671
vt 0.309047 0.4598671
vt 0.3085549 0.4690854
vt 0.3130128 0.4690854
vt 0.3438784 0.4690854
vt 0.3483364 0.4690854
vt 0.3538381 0.4598671
vt 0.3438784 0.4690854
vt 0.3483364 0.4690854
vt 0.3030532 0.4598671
vt 0.3030532 0.4026801
vt 0.3030532 0.4026801
vt 0.3030532 0.4598671
vt 0.3030532 0.4026801
vt 0.3030532 0.386399
vt 0.3030532 0.386399
vt 0.3085549 0.4690854
vt 0.3030532 0.4598671
vt 0.3085549 0.4690854
vt 0.3538381 0.1294051
vt 0.3478443 0.1675453
vt 0.3538381 0.1675453
vt 0.3478443 0.1294051
vt 0.3538381 0.1294051
vt 0.3478443 0.1294051
vt 0.309047 0.1294051
vt 0.309047 0.1675453
vt 0.3030532 0.1675453
vt 0.309047 0.1294051
vt 0.3030532 0.1294051
vt 0.3030532 0.1294051
vt 0.439921 0.2022156
vt 0.439921 0.2566675
vt 0.439921 0.2566675
vt 0.439921 0.2022156
vt 0.3994864 0.2351672
vt 0.4340575 0.1965381
vt 0.3994864 0.1965381
vt 0.3800739 0.2566675
vt 0.3749801 0.2351672
vt 0.3749801 0.2512819
vt 0.439921 0.2566675
vt 0.3800739 0.2566675
vt 0.3994864 0.2351672
vt 0.3749801 0.2512819
vt 0.3800739 0.2566675
vt 0.3749801 0.2512819
vt 0.3749801 0.2351672
vt 0.3749801 0.2351672
vt 0.4340575 0.1965381
vt 0.3994864 0.1965381
vt 0.3994864 0.1965381
vt 0.439921 0.2022156
vt 0.4340575 0.1965381
vt 0.439921 0.2022156
vt 0.3420892 0.2351672
vt 0.3749801 0.2351672
vt 0.3749801 0.2351672
vt 0.3420892 0.2351672
vt 0.3420892 0.1807713
vt 0.3994864 0.2351672
vt 0.3994864 0.2351672
vt 0.3994864 0.1965381
vt 0.3994864 0.1857865
vt 0.3420892 0.1807713
vt 0.3936049 0.1807713
vt 0.3936049 0.1807713
vt 0.3994864 0.1857865
vt 0.3994864 0.1857865
vt 0.3994864 0.1965381
vt 0.3994864 0.2351672
vt 0.3994864 0.2351672
vt 0.3420892 0.2351672
vt 0.3749801 0.2351672
vt 0.3936049 0.1807713
vt 0.3420892 0.1807713
vt 0.4118937 0.2687918
vt 0.4169949 0.2742324
vt 0.4169949 0.2742324
vt 0.4118937 0.2687918
vt 0.4118937 0.2432431
vt 0.4118937 0.2432431
vt 0.4506238 0.2484603
vt 0.4445035 0.2432431
vt 0.4445035 0.2432431
vt 0.4118937 0.2432431
vt 0.4118937 0.2687918
vt 0.4506238 0.2484603
vt 0.4169949 0.2742324
vt 0.4506238 0.2742324
vt 0.4506238 0.2742324
vt 0.4506238 0.2742324
vt 0.4506238 0.2484603
vt 0.4445035 0.2432431
vt 0.439921 0.2022156
vt 0.439921 0.2566675
vt 0.439921 0.2566675
vt 0.439921 0.2022156
vt 0.3994864 0.2351672
vt 0.4340575 0.1965381
vt 0.3994864 0.1965381
vt 0.3800739 0.2566675
vt 0.3749801 0.2351672
vt 0.3749801 0.2512819
vt 0.439921 0.2566675
vt 0.3800739 0.2566675
vt 0.3994864 0.2351672
vt 0.3749801 0.2512819
vt 0.3800739 0.2566675
vt 0.3749801 0.2512819
vt 0.3749801 0.2351672
vt 0.3749801 0.2351672
vt 0.4340575 0.1965381
vt 0.3994864 0.1965381
vt 0.3994864 0.1965381
vt 0.439921 0.2022156
vt 0.4340575 0.1965381
vt 0.439921 0.2022156
vt 0.3420892 0.2351672
vt 0.3749801 0.2351672
vt 0.3749801 0.2351672
vt 0.3420892 0.2351672
vt 0.3420892 0.1807713
vt 0.3994864 0.2351672
vt 0.3994864 0.2351672
vt 0.3994864 0.1965381
vt 0.3994864 0.1857865
vt 0.3420892 0.1807713
vt 0.3936049 0.1807713
vt 0.3936049 0.1807713
vt 0.3994864 0.1857865
vt 0.3994864 0.1857865
vt 0.3994864 0.1965381
vt 0.3994864 0.2351672
vt 0.3994864 0.2351672
vt 0.3420892 0.2351672
vt 0.3749801 0.2351672
vt 0.3936049 0.1807713
vt 0.3420892 0.1807713
vt 0.4118937 0.2687918
vt 0.4169949 0.2742324
vt 0.4169949 0.2742324
vt 0.4118937 0.2687918
vt 0.4118937 0.2432431
vt 0.4118937 0.2432431
vt 0.4506238 0.2484603
vt 0.4445035 0.2432431
vt 0.4445035 0.2432431
vt 0.4118937 0.2432431
vt 0.4118937 0.2687918
vt 0.4506238 0.2484603
vt 0.4169949 0.2742324
vt 0.4506238 0.2742324
vt 0.4506238 0.2742324
vt 0.4506238 0.2742324
vt 0.4506238 0.2484603
vt 0.4445035 0.2432431
vt 0.3030532 0.1675453
vt 0.3030532 0.1294051
vt 0.3030532 0.1675453
vt 0.3030532 0.1294051
vt 0.309047 0.1294051
vt 0.309047 0.1675453
vt 0.3478443 0.1294051
vt 0.3478443 0.1675453
vt 0.3538381 0.1294051
vt 0.3538381 0.1675453
vt 0.3538381 0.1294051
vt 0.3538381 0.1675453
vt 0.3130128 0.4690854
vt 0.3085549 0.4690854
vt 0.3085549 0.4690854
vt 0.3130128 0.4690854
vt 0.3438784 0.4690854
vt 0.3438784 0.4690854
vt 0.3478443 0.4598671
vt 0.3483364 0.4690854
vt 0.3538381 0.4598671
vt 0.309047 0.4598671
vt 0.3030532 0.4598671
vt 0.3030532 0.4026801
vt 0.309047 0.4026801
vt 0.3030532 0.386399
vt 0.3538381 0.4026801
vt 0.3538381 0.4598671
vt 0.3478443 0.4026801
vt 0.309047 0.386399
vt 0.3478443 0.386399
vt 0.309047 0.1675453
vt 0.3030532 0.1675453
vt 0.3030532 0.1675453
vt 0.3030532 0.386399
vt 0.3478443 0.1675453
vt 0.3538381 0.386399
vt 0.3538381 0.1675453
vt 0.3538381 0.4026801
vt 0.3538381 0.386399
vt 0.3538381 0.386399
vt 0.3538381 0.1675453
vt 0.3478443 0.386399
vt 0.3478443 0.1675453
vt 0.309047 0.1675453
vt 0.3478443 0.4026801
vt 0.3538381 0.4026801
vt 0.3478443 0.4598671
vt 0.3483364 0.4690854
vt 0.3538381 0.4598671
vt 0.3483364 0.4690854
vt 0.3438784 0.4690854
vt 0.3438784 0.4690854
vt 0.309047 0.4598671
vt 0.3130128 0.4690854
vt 0.3085549 0.4690854
vt 0.3030532 0.4598671
vt 0.309047 0.4026801
vt 0.3030532 0.4026801
vt 0.309047 0.386399
vt 0.3030532 0.386399
vt 0.3030532 0.1675453
vt 0.3030532 0.4598671
vt 0.3030532 0.4026801
vt 0.3030532 0.4026801
vt 0.3030532 0.4598671
vt 0.3085549 0.4690854
vt 0.3030532 0.4598671
vt 0.3085549 0.4690854
vt 0.3030532 0.386399
vt 0.3030532 0.386399
vt 0.3030532 0.4026801
vt 0.3538381 0.1294051
vt 0.3538381 0.1675453
vt 0.3478443 0.1675453
vt 0.3478443 0.1294051
vt 0.3538381 0.1294051
vt 0.3478443 0.1294051
vt 0.309047 0.1294051
vt 0.309047 0.1675453
vt 0.3030532 0.1675453
vt 0.309047 0.1294051
vt 0.3030532 0.1294051
vt 0.3030532 0.1294051
vt 0.375 0.25
vt 0.625 0.2707342
vt 0.625 0.25
vt 0.375 0.2707342
vt 0.625 0.4795612
vt 0.375 0.4795612
vt 0.625 0.5
vt 0.375 0.5
vt 0.375 0.5
vt 0.625 0.5240758
vt 0.625 0.5
vt 0.375 0.5240758
vt 0.625 0.6146685
vt 0.375 0.6146685
vt 0.125 0
vt 0.125 0.03040432
vt 0.1454388 0.03040433
vt 0.1454388 0
vt 0.3542658 0.03040433
vt 0.3542658 0
vt 0.375 0.03040433
vt 0.375 0
vt 0.625 0.03040433
vt 0.625 0
vt 0.6457342 0.03040433
vt 0.6457342 0
vt 0.8545613 0.03040433
vt 0.8545613 0
vt 0.875 0.03040432
vt 0.875 0
vt 0.8545612 0.25
vt 0.875 0.25
vt 0.875 0.2259242
vt 0.8545612 0.2259242
vt 0.6457342 0.25
vt 0.8545612 0.1353315
vt 0.875 0.1353315
vt 0.6457342 0.1353315
vt 0.6457342 0.2259242
vt 0.625 0.1353315
vt 0.625 0.2259242
vt 0.625 0.25
vt 0.375 0.1353315
vt 0.375 0.2259242
vt 0.375 0.25
vt 0.3542658 0.1353315
vt 0.3542658 0.25
vt 0.3542658 0.2259242
vt 0.1454388 0.1353315
vt 0.1454388 0.25
vt 0.1454388 0.2259242
vt 0.125 0.1353315
vt 0.125 0.2259242
vt 0.125 0.25
vt 0.375 0.9792658
vt 0.375 1
vt 0.625 1
vt 0.6250001 0.9792658
vt 0.375 0.7704388
vt 0.6250001 0.7704388
vt 0.375 0.75
vt 0.625 0.75
vt 0.375 0.7195957
vt 0.625 0.7195957
vt 0.125 0.03040432
vt 0.125 0.1353315
vt 0.1454388 0.1353315
vt 0.1454388 0.03040433
vt 0.3542658 0.1353315
vt 0.3542658 0.03040433
vt 0.375 0.1353315
vt 0.375 0.03040433
vt 0.625 0.1353315
vt 0.625 0.03040433
vt 0.6457342 0.1353315
vt 0.6457342 0.03040433
vt 0.8545612 0.1353315
vt 0.8545613 0.03040433
vt 0.875 0.1353315
vt 0.875 0.03040432
vt 0.375 0.6146685
vt 0.375 0.7195957
vt 0.625 0.7195957
vt 0.625 0.6146685
vt 0.3339938 0.8253418
vt 0.3339938 0.8275154
vt 0.3339938 0.8275154
vt 0.3339938 0.8253418
vt 0.3339938 0.7647398
vt 0.3339938 0.7647398
vt 0.3626381 0.8370182
vt 0.3626263 0.7647398
vt 0.3626263 0.7647398
vt 0.3626381 0.8370182
vt 0.3339938 0.7647398
vt 0.3339938 0.8370182
vt 0.3603497 0.8405457
vt 0.3362822 0.8405457
vt 0.3603497 0.8405457
vt 0.3626381 0.8370182
vt 0.3362822 0.8405457
vt 0.3362822 0.8405457
vt 0.3603497 0.8405457
vt 0.3339938 0.8370182
vt 0.3626263 0.7647398
vt 0.3339938 0.7647398
vt 0.3339938 0.7647398
vt 0.3339938 0.7647398
vt 0.3339938 0.8253418
vt 0.3339938 0.8370182
vt 0.3339938 0.8275154
vt 0.3339938 0.8275154
vt 0.3339938 0.8370182
vt 0.3362822 0.8405457
vt 0.3362822 0.8405457
vt 0.3339938 0.8253418
vt 0.3339938 0.7647398
vt 0.3339938 0.7647398
vt 0.1538337 0.6488935
vt 0.153818 0.7125427
vt 0.153822 0.6890531
vt 0.1538299 0.6768632
vt 0.1598845 0.6890552
vt 0.1598924 0.6768652
vt 0.1598924 0.6768652
vt 0.1598845 0.6890552
vt 0.153822 0.6890531
vt 0.1538299 0.6768632
vt 0.1598924 0.6768652
vt 0.1538299 0.6768632
vt 0.1598845 0.6890552
vt 0.153822 0.6890531
vt 0.1598845 0.6890552
vt 0.153822 0.6890531
vt 0.2747207 0.7766156
vt 0.2749114 0.8658873
vt 0.2749114 0.8658873
vt 0.2747207 0.7766156
vt 0.2749114 0.8658873
vt 0.2782875 0.8705952
vt 0.2782875 0.8705952
vt 0.3086725 0.8658873
vt 0.3088631 0.7766156
vt 0.3088631 0.7766156
vt 0.3086725 0.8658873
vt 0.2747207 0.7766156
vt 0.3052964 0.8705952
vt 0.2749114 0.8658873
vt 0.3052964 0.8705952
vt 0.2782875 0.8705952
vt 0.2782875 0.8705952
vt 0.3088631 0.7766156
vt 0.2749114 0.8658873
vt 0.2747207 0.7766156
vt 0.3086725 0.8658873
vt 0.2782875 0.8705952
vt 0.3052964 0.8705952
vt 0.4050109 0.7340291
vt 0.4227852 0.7340291
vt 0.4227852 0.7340291
vt 0.4050109 0.7340291
vt 0.4227852 0.5161932
vt 0.4050109 0.5364279
vt 0.4050109 0.5161932
vt 0.4227852 0.5364279
vt 0.6666291 0.5364279
vt 0.6666291 0.5161932
vt 0.4050109 0.7340291
vt 0.4050109 0.7340291
vt 0.4050109 0.5364279
vt 0.4227852 0.7340291
vt 0.4227852 0.7340291
vt 0.4227852 0.7210793
vt 0.4227852 0.5364279
vt 0.4227852 0.7210793
vt 0.4227852 0.5364279
vt 0.4227852 0.5364279
vt 0.4050109 0.5161932
vt 0.4227852 0.5161932
vt 0.6666291 0.5161932
vt 0.6666291 0.5364279
vt 0.6666291 0.5161932
vt 0.4227852 0.5161932
vt 0.6666291 0.5364279
vt 0.6507393 0.5364279
vt 0.6507393 0.5364279
vt 0.4389361 0.5522793
vt 0.4918869 0.5522793
vt 0.4389361 0.5522793
vt 0.4918869 0.5522793
vt 0.4918869 0.5662137
vt 0.4918869 0.5662137
vt 0.4514446 0.6788793
vt 0.4514446 0.7210793
vt 0.4514446 0.7210793
vt 0.4514446 0.6788793
vt 0.4389361 0.6788793
vt 0.4389361 0.6788793
vt 0.4389361 0.7210793
vt 0.4389361 0.6366792
vt 0.4227852 0.7210793
vt 0.4389361 0.6366792
vt 0.4227852 0.5364279
vt 0.4389361 0.5944793
vt 0.4514446 0.6366792
vt 0.4514446 0.5944793
vt 0.4514446 0.5944793
vt 0.4514446 0.6366792
vt 0.4389361 0.5522793
vt 0.4389361 0.5522793
vt 0.4918869 0.5522793
vt 0.4389361 0.5944793
vt 0.5448377 0.5522793
vt 0.4918869 0.5662137
vt 0.5448377 0.5662137
vt 0.6507393 0.5364279
vt 0.5977885 0.5522793
vt 0.6507393 0.5522793
vt 0.5977885 0.5662137
vt 0.6507393 0.5662137
vt 0.4227852 0.5364279
vt 0.4918869 0.5522793
vt 0.5448377 0.5522793
vt 0.5448377 0.5662137
vt 0.4918869 0.5662137
vt 0.5448377 0.5662137
vt 0.5448377 0.5522793
vt 0.5977885 0.5522793
vt 0.4389361 0.6366792
vt 0.4227852 0.7210793
vt 0.6507393 0.5364279
vt 0.4389361 0.6788793
vt 0.4389361 0.7210793
vt 0.4514446 0.6788793
vt 0.4514446 0.7210793
vt 0.4514446 0.5944793
vt 0.4514446 0.6366792
vt 0.4514446 0.5944793
vt 0.4389361 0.5944793
vt 0.6507393 0.5522793
vt 0.6507393 0.5662137
vt 0.5977885 0.5662137
vt 0.6507393 0.5662137
vt 0.6507393 0.5522793
vt 0.6507393 0.5364279
vt 0.4227852 0.5364279
vt 0.4227852 0.5364279
vt 0.6507393 0.5364279
vt 0.6666291 0.5364279
vt 0.6666291 0.5364279
vt 0.6507393 0.5364279
vt 0.4227852 0.5364279
vt 0.4227852 0.5364279
vt 0.4227852 0.7210793
vt 0.4389361 0.7210793
vt 0.4227852 0.7210793
vt 0.4389361 0.7210793
vt 0.4514446 0.7210793
vt 0.4514446 0.7210793
vt 0.5448377 0.5522793
vt 0.5977885 0.5522793
vt 0.5448377 0.5522793
vt 0.5977885 0.5522793
vt 0.5977885 0.5662137
vt 0.5977885 0.5662137
vt 0.6507393 0.5662137
vt 0.6507393 0.5662137
vt 0.4918869 0.5662137
vt 0.5448377 0.5662137
vt 0.5448377 0.5662137
vt 0.4918869 0.5662137
vt 0.4389361 0.6366792
vt 0.4514446 0.6366792
vt 0.4514446 0.6366792
vt 0.4389361 0.6366792
vt 0.6083066 0.5339856
vt 0.6083066 0.5490405
vt 0.6083066 0.5490405
vt 0.6083066 0.5339856
vt 0.6318795 0.5490405
vt 0.6318795 0.5339856
vt 0.6318795 0.5490405
vt 0.6318795 0.5339856
vt 0.6083066 0.5490405
vt 0.6318795 0.5490405
vt 0.6318795 0.5490405
vt 0.6083066 0.5490405
vt 0.6318795 0.5339856
vt 0.6318795 0.5490405
vt 0.6083066 0.5490405
vt 0.6083066 0.5339856
vt 0.5067568 0.5339856
vt 0.5067568 0.5490405
vt 0.5067568 0.5490405
vt 0.5067568 0.5339856
vt 0.5375568 0.5490405
vt 0.5375568 0.5339856
vt 0.5375568 0.5490405
vt 0.5375568 0.5339856
vt 0.5067568 0.5490405
vt 0.5375568 0.5490405
vt 0.5375568 0.5490405
vt 0.5067568 0.5490405
vt 0.5375568 0.5339856
vt 0.5375568 0.5490405
vt 0.5067568 0.5490405
vt 0.5067568 0.5339856
vt 0.4218904 0.6433039
vt 0.4333987 0.6433039
vt 0.4333987 0.6433039
vt 0.4218904 0.6433039
vt 0.4333987 0.6125039
vt 0.4218904 0.6125039
vt 0.4218904 0.6125039
vt 0.4333987 0.6125039
vt 0.4333987 0.6433039
vt 0.4218904 0.6433039
vt 0.4333987 0.6433039
vt 0.4218904 0.6125039
vt 0.4333987 0.6125039
vt 0.4333987 0.6433039
vt 0.4218904 0.6433039
vt 0.4218904 0.7084482
vt 0.4333987 0.7084482
vt 0.4333987 0.7084482
vt 0.4218904 0.7084482
vt 0.4333987 0.688682
vt 0.4218904 0.688682
vt 0.4218904 0.688682
vt 0.4333987 0.688682
vt 0.4333987 0.7084482
vt 0.4218904 0.7084482
vt 0.4333987 0.7084482
vt 0.4218904 0.688682
vt 0.4333987 0.688682
vt 0.4333987 0.7084482
vt 0.4218904 0.7084482
vt 0.1607369 0.7216961
vt 0.1607369 0.7216961
vt 0.1682664 0.7216961
vt 0.1682664 0.7216961
vt 0.153818 0.7125427
vt 0.2403543 0.7216961
vt 0.253361 0.7125427
vt 0.2403543 0.7216961
vt 0.2403543 0.7653192
vt 0.1619875 0.7125427
vt 0.3022751 0.6488935
vt 0.1619712 0.6488935
vt 0.1538337 0.6488935
vt 0.1693728 0.6383543
vt 0.1620345 0.6383543
vt 0.1620345 0.6383543
vt 0.1693728 0.6383543
vt 0.2906093 0.6383543
vt 0.2906093 0.6383543
vt 0.2906093 0.5191393
vt 0.253361 0.7653527
vt 0.3952404 0.7653527
vt 0.2491234 0.7784857
vt 0.2581171 0.7784857
vt 0.2581171 0.7784857
vt 0.2491234 0.7784857
vt 0.3875319 0.7784857
vt 0.3875319 0.7784857
vt 0.3986647 0.7784857
vt 0.3986647 0.7784857
vt 0.4069546 0.7653263
vt 0.4069546 0.7653263
vt 0.4069546 0.7011909
vt 0.4069546 0.7011909
vt 0.4068487 0.5191393
vt 0.3952404 0.7011909
vt 0.4068487 0.5191393
vt 0.3952652 0.5191393
vt 0.669742 0.5191393
vt 0.669742 0.5191393
vt 0.3022751 0.5191393
vt 0.2809481 0.5087654
vt 0.2925784 0.5087654
vt 0.6858007 0.5191393
vt 0.6858007 0.5191393
vt 0.6969854 0.5087654
vt 0.2925784 0.349635
vt 0.2809481 0.349635
vt 0.6801925 0.5087654
vt 0.6969854 0.5087654
vt 0.6969854 0.349635
vt 0.6969854 0.349635
vt 0.2921326 0.3391163
vt 0.2809481 0.349635
vt 0.2921326 0.3391163
vt 0.303029 0.3391163
vt 0.303029 0.3391163
vt 0.669742 0.3391163
vt 0.6801925 0.349635
vt 0.669742 0.3391163
vt 0.6858007 0.3391163
vt 0.6858007 0.3391163
vt 0.2403543 0.7653192
vt 0.2403543 0.7653192
vt 0.2491234 0.7784857
vt 0.2491234 0.7784857
vt 1 0.2294507
vt 0.2403543 0.7653192
vt 0 0.2294507
vt 0.2906093 0.6383543
vt 0.2906093 0.5191393
vt 0.2906093 0.6383543
vt 0.2906093 0.5191393
vt 0.2809481 0.5087654
vt 0.2809481 0.5087654
vt 0.2809481 0.349635
vt 0.2809481 0.349635
vt 0.1538337 0.6488935
vt 0.1538299 0.6768632
vt 0.153822 0.6890531
vt 0.153818 0.7125427
vt 0.1598845 0.6890552
vt 0.1598924 0.6768652
vt 0.1598924 0.6768652
vt 0.1598845 0.6890552
vt 0.153822 0.6890531
vt 0.1538299 0.6768632
vt 0.1598924 0.6768652
vt 0.1538299 0.6768632
vt 0.1598845 0.6890552
vt 0.153822 0.6890531
vt 0.1598845 0.6890552
vt 0.153822 0.6890531
vt 0.3339938 0.8253418
vt 0.3339938 0.8275154
vt 0.3339938 0.8275154
vt 0.3339938 0.8253418
vt 0.3339938 0.7647398
vt 0.3339938 0.7647398
vt 0.3626381 0.8370182
vt 0.3626263 0.7647398
vt 0.3626263 0.7647398
vt 0.3626381 0.8370182
vt 0.3339938 0.7647398
vt 0.3339938 0.8370182
vt 0.3603497 0.8405457
vt 0.3362822 0.8405457
vt 0.3603497 0.8405457
vt 0.3626381 0.8370182
vt 0.3362822 0.8405457
vt 0.3362822 0.8405457
vt 0.3603497 0.8405457
vt 0.3339938 0.8370182
vt 0.3626263 0.7647398
vt 0.3339938 0.7647398
vt 0.3339938 0.7647398
vt 0.3339938 0.8253418
vt 0.3339938 0.7647398
vt 0.3339938 0.8370182
vt 0.3339938 0.8275154
vt 0.3339938 0.8275154
vt 0.3339938 0.8370182
vt 0.3362822 0.8405457
vt 0.3362822 0.8405457
vt 0.3339938 0.8253418
vt 0.3339938 0.7647398
vt 0.3339938 0.7647398
vt -0.5464514 0.1746972
vt -0.5464514 0.3430255
vt -0.5464514 0.3430255
vt -0.5464514 0.1746972
vt -0.5271134 0.1586862
vt -0.5271134 0.3590364
vt -0.5271134 0.1586862
vt -0.3317293 0.1586862
vt -0.3317293 0.1586862
vt -0.3317293 0.3590364
vt -0.3099269 0.1746972
vt -0.3099269 0.3430255
vt -0.3099269 0.2588613
vt -0.3099269 0.3430255
vt -0.3099269 0.1746972
vt -0.3099269 0.2588613
vt -0.2191631 0.2588613
vt -0.2191631 0.3913575
vt -0.3317293 0.3590364
vt -0.2613214 0.2588613
vt -0.2191631 0.2588613
vt -0.2613214 0.2588613
vt -0.2191631 0.3251094
vt -0.2191631 0.2588613
vt -0.2191631 0.3251094
vt -0.2359368 0.4081344
vt -0.2191631 0.3913575
vt -0.4294218 0.3914028
vt -0.4121284 0.4081344
vt -0.4294218 0.3590364
vt -0.2191631 0.2588613
vt -0.3099269 0.3430255
vt -0.2359368 0.4081344
vt -0.3099269 0.3430255
vt -0.3317293 0.3590364
vt -0.4121284 0.4081344
vt -0.4294218 0.3914028
vt -0.4294218 0.3590364
vt -0.4294218 0.3914028
vt -0.4294218 0.3590364
vt -0.3317293 0.3590364
vt -0.3317293 0.1586862
vt -0.3317293 0.1586862
vt -0.3099269 0.1746972
vt -0.5271134 0.1586862
vt -0.5271134 0.3590364
vt -0.5464514 0.1746972
vt -0.5464514 0.3430255
vt -0.5464514 0.3430255
vt -0.5271134 0.3590364
vt -0.5464514 0.3430255
vt -0.5271134 0.3590364
vt -0.4294218 0.3590364
vt -0.4294218 0.3590364
vt -0.3317293 0.3590364
vt -0.3317293 0.3590364
vt -0.3099269 0.3430255
vt -0.3099269 0.3430255
vt -0.3317293 0.3590364
vt -0.3099269 0.3430255
vt -0.3099269 0.3430255
vt -0.3317293 0.3590364
vt -0.5271134 0.3590364
vt -0.4294218 0.3590364
vt -0.4121284 0.4081344
vt -0.4294218 0.3914028
vt -0.4294218 0.3914028
vt -0.4121284 0.4081344
vt -0.2359368 0.4081344
vt -0.391917 0.4081344
vt -0.3195541 0.4081344
vt -0.391917 0.4081344
vt -0.4121284 0.4081344
vt -0.3195541 0.4081344
vt -0.2359368 0.4081344
vt -0.3195541 0.4081344
vt -0.2359368 0.4081344
vt -0.2191631 0.3913575
vt -0.2191631 0.3913575
vt -0.3308117 0.4478263
vt -0.3308117 0.4478263
vt -0.3806596 0.4478263
vt -0.3806596 0.4478263
vt -0.391917 0.4364071
vt -0.391917 0.4364071
vt -0.3195541 0.4364071
vt -0.3308117 0.4478263
vt -0.3195541 0.4364071
vt -0.05125242 0.3043755
vt -0.05125242 0.3499413
vt -0.05125242 0.3499413
vt -0.05125242 0.3043755
vt -0.0629366 0.2968965
vt -0.0629366 0.3574202
vt -0.1293162 0.2968965
vt -0.1681967 0.3574202
vt -0.1798813 0.3251094
vt -0.1798813 0.3478595
vt -0.1798813 0.3478595
vt -0.1798813 0.3251094
vt -0.2191631 0.2588613
vt -0.2191631 0.3251094
vt -0.1393029 0.2186092
vt -0.1293162 0.2287652
vt -0.1293162 0.2287652
vt -0.1393029 0.2186092
vt -0.2495802 0.2186092
vt -0.2613214 0.2588613
vt -0.2613214 0.2293209
vt -0.1393029 0.2186092
vt -0.2495802 0.2186092
vt -0.2191631 0.2588613
vt -0.1293162 0.2968965
vt -0.1293162 0.2287652
vt -0.1293162 0.2968965
vt -0.1293162 0.2287652
vt -0.0629366 0.2968965
vt -0.2613214 0.2293209
vt -0.2495802 0.2186092
vt -0.2613214 0.2293209
vt -0.2613214 0.2588613
vt -0.2613214 0.2588613
vt -0.1798813 0.3251094
vt -0.2191631 0.3251094
vt -0.1798813 0.3478595
vt -0.1681967 0.3574202
vt -0.0629366 0.3574202
vt -0.0629366 0.2968965
vt -0.05125242 0.3043755
vt -0.05125242 0.3043755
vt -0.05125242 0.3499413
vt -0.2191631 0.3251094
vt -0.1798813 0.3251094
vt -0.1798813 0.3251094
vt -0.2191631 0.3251094
vt -0.391917 0.4081344
vt -0.391917 0.4364071
vt -0.391917 0.4081344
vt -0.391917 0.4364071
vt -0.3195541 0.4081344
vt -0.3195541 0.4364071
vt -0.3195541 0.4081344
vt -0.3195541 0.4364071
vt -0.3806596 0.4478263
vt -0.3308117 0.4478263
vt -0.391917 0.4081344
vt -0.3195541 0.4364071
vt -0.3195541 0.4081344
vt -0.391917 0.4364071
vt -0.3308117 0.4478263
vt -0.3806596 0.4478263
vt -0.1798813 0.3478595
vt -0.1681967 0.3574202
vt -0.1798813 0.3478595
vt -0.1681967 0.3574202
vt -0.0629366 0.3574202
vt -0.0629366 0.3574202
vt -0.05125242 0.3499413
vt -0.05125242 0.3499413
vt -0.0629366 0.3574202
vt -0.4493023 0.3579443
vt -0.4493023 0.3579443
vt -0.4493023 0.3651017
vt -0.4493023 0.3651017
vt -0.4948722 0.3579443
vt -0.4948722 0.3651017
vt -0.4948722 0.3651017
vt -0.4948722 0.3579443
vt -0.4493023 0.3579443
vt -0.4948722 0.3579443
vt -0.4948722 0.3651017
vt -0.4493023 0.3651017
vt -0.9061531 0.6591969
vt -0.9061531 0.8229822
vt -0.9061531 0.8229822
vt -0.9061531 0.6591969
vt -0.8871318 0.6428516
vt -0.8871319 0.8393275
vt -0.8871318 0.6428516
vt -0.6792947 0.6428516
vt -0.6792947 0.6428516
vt -0.6792947 0.8393275
vt -0.6594528 0.6591969
vt -0.6594528 0.8229822
vt -0.6594528 0.7410895
vt -0.6594528 0.8229822
vt -0.6594528 0.6591969
vt -0.6594528 0.7410895
vt -0.6594528 0.8229822
vt -0.6594528 0.8229822
vt -0.6792947 0.8393275
vt -0.6792947 0.6428516
vt -0.6792947 0.6428516
vt -0.6594528 0.6591969
vt -0.8871318 0.6428516
vt -0.8871319 0.8393275
vt -0.9061531 0.6591969
vt -0.9061531 0.8229822
vt -0.9061531 0.8229822
vt -0.8871319 0.8393275
vt -0.9061531 0.8229822
vt -0.8871319 0.8393275
vt -0.7709287 0.8393275
vt -0.7709287 0.8393275
vt -0.6792947 0.8393275
vt -0.6792947 0.8393275
vt -0.6594528 0.8229822
vt -0.6594528 0.8229822
vt -0.6792947 0.8393275
vt -0.6594528 0.8229822
vt -0.6594528 0.8229822
vt -0.6792947 0.8393275
vt -0.7709287 0.8393275
vt -0.8871319 0.8393275
vt -0.6215119 0.9128816
vt -0.6215119 0.9128816
vt -0.6899296 0.9128816
vt -0.6899296 0.9128816
vt -0.698024 0.9028987
vt -0.698024 0.9028987
vt -0.6134177 0.9028987
vt -0.6215119 0.9128816
vt -0.6134177 0.9028987
vt -0.5706263 0.8616207
vt -0.5706263 0.8616207
vt -0.5844064 0.8747199
vt -0.5844064 0.8747199
vt -0.6134177 0.8747199
vt -0.6134177 0.8747199
vt -0.7609649 0.8747199
vt -0.698024 0.8747199
vt -0.7609649 0.8747199
vt -0.698024 0.8747199
vt -0.5844064 0.8747199
vt -0.6134177 0.8747199
vt -0.7709287 0.8647152
vt -0.7609649 0.8747199
vt -0.7709287 0.8647152
vt -0.5706263 0.8095951
vt -0.5706263 0.8616207
vt -0.5706263 0.8616207
vt -0.5706263 0.8095951
vt -0.6140049 0.8095951
vt -0.6594528 0.8229822
vt -0.5844064 0.8747199
vt -0.6594528 0.7410895
vt -0.6140049 0.7410895
vt -0.6792947 0.8393275
vt -0.7609649 0.8747199
vt -0.7709287 0.8647152
vt -0.7709287 0.8393275
vt -0.7709287 0.8647152
vt -0.7709287 0.8393275
vt -0.6040568 0.693041
vt -0.4874518 0.693041
vt -0.4874518 0.693041
vt -0.6040568 0.693041
vt -0.6140049 0.7080357
vt -0.4775038 0.7080357
vt -0.4874518 0.693041
vt -0.4775038 0.7080357
vt -0.6040568 0.693041
vt -0.6140049 0.7080357
vt -0.6040568 0.693041
vt -0.6140049 0.7080357
vt -0.6140049 0.7410895
vt -0.6140049 0.7410895
vt -0.6140049 0.8095951
vt -0.6140049 0.8095951
vt -0.4775038 0.8095951
vt -0.4775038 0.767823
vt -0.4775038 0.8095951
vt -0.4775038 0.8095951
vt -0.6140049 0.8095951
vt -0.6140049 0.7410895
vt -0.6140049 0.8095951
vt -0.4775038 0.767823
vt -0.4775038 0.8095951
vt -0.3885965 0.838091
vt -0.3885965 0.767823
vt -0.3780323 0.8308825
vt -0.3780323 0.7750314
vt -0.5209754 0.838091
vt -0.5329753 0.8288183
vt -0.5329753 0.8095951
vt -0.3885965 0.767823
vt -0.4775038 0.767823
vt -0.3885965 0.767823
vt -0.3780323 0.7750314
vt -0.3885965 0.838091
vt -0.3780323 0.7750314
vt -0.3780323 0.8308825
vt -0.3780323 0.8308825
vt -0.5329753 0.8288183
vt -0.5209754 0.838091
vt -0.5329753 0.8095951
vt -0.5329753 0.8095951
vt -0.5329753 0.8288183
vt -0.6594528 0.7410895
vt -0.6140049 0.7410895
vt -0.6594528 0.7410895
vt -0.6140049 0.7410895
vt -0.6594528 0.8229822
vt -0.6140049 0.8095951
vt -0.5706263 0.8095951
vt -0.5706263 0.8616207
vt -0.6792947 0.8393275
vt -0.5844064 0.8747199
vt -0.7609649 0.8747199
vt -0.7709287 0.8393275
vt -0.7709287 0.8647152
vt -0.5706263 0.8095951
vt -0.5329753 0.8095951
vt -0.5706263 0.8095951
vt -0.5329753 0.8095951
vt -0.4775038 0.8095951
vt -0.4775038 0.8095951
vt -0.6140049 0.8095951
vt -0.6140049 0.8095951
vt -0.698024 0.8747199
vt -0.698024 0.9028987
vt -0.698024 0.8747199
vt -0.698024 0.9028987
vt -0.6134177 0.8747199
vt -0.6134177 0.9028987
vt -0.6134177 0.8747199
vt -0.6134177 0.9028987
vt -0.6899296 0.9128816
vt -0.6215119 0.9128816
vt -0.698024 0.8747199
vt -0.6134177 0.9028987
vt -0.6134177 0.8747199
vt -0.698024 0.9028987
vt -0.6215119 0.9128816
vt -0.6899296 0.9128816
vt -0.5329753 0.8288183
vt -0.5209754 0.838091
vt -0.5329753 0.8288183
vt -0.5209754 0.838091
vt -0.3885965 0.838091
vt -0.3885965 0.838091
vt -0.3885965 0.838091
vt -0.3780323 0.8308825
vt -0.3780323 0.8308825
vt -0.4775038 0.8095951
vt -0.4775038 0.8095951
vt -0.5329753 0.8095951
vt -0.5706263 0.8095951
vt -0.6140049 0.8095951
vt -0.6140049 0.8095951
vt -0.8193949 0.8374623
vt -0.8193949 0.8374623
vt -0.8193949 0.8473313
vt -0.8193949 0.8473313
vt -0.8596311 0.8374623
vt -0.8596311 0.8473313
vt -0.8596311 0.8473313
vt -0.8596311 0.8374623
vt -0.8193949 0.8374623
vt -0.8596311 0.8374623
vt -0.8596311 0.8473313
vt -0.8193949 0.8473313
vt 0.375 0.25
vt 0.625 0.5
vt 0.625 0.25
vt 0.375 0.5
vt 0.625 0.75
vt 0.375 0.75
vt 0.625 0
vt 0.625 0.25
vt 0.875 0.25
vt 0.875 0
vt 0.125 0
vt 0.125 0.25
vt 0.375 0.25
vt 0.375 0
vt 0 0
vt 1.673625E-16 0.9999999
vt 0.2910367 0.9999999
vt 0.2910367 0
vt 0.375 0.25
vt 0.625 0.5
vt 0.625 0.25
vt 0.375 0.5
vt 0.625 0.75
vt 0.375 0.75
vt 0.625 0
vt 0.625 0.25
vt 0.875 0.25
vt 0.875 0
vt 0.125 0
vt 0.125 0.25
vt 0.375 0.25
vt 0.375 0
vt 0.375 0.25
vt 0.625 0.25
vt 0.625 0.5
vt 0.375 0.5
vt 0.625 0.75
vt 0.375 0.75
vt 0.625 0
vt 0.875 0
vt 0.875 0.25
vt 0.625 0.25
vt 0.125 0
vt 0.375 0
vt 0.375 0.25
vt 0.125 0.25
vt 0 0
vt 0.2910367 0
vt 0.2910367 0.9999999
vt 1.673625E-16 0.9999999
vt 0.375 0.25
vt 0.625 0.25
vt 0.625 0.5
vt 0.375 0.5
vt 0.625 0.75
vt 0.375 0.75
vt 0.625 0
vt 0.875 0
vt 0.875 0.25
vt 0.625 0.25
vt 0.125 0
vt 0.375 0
vt 0.375 0.25
vt 0.125 0.25
vt 0.375 0.25
vt 0.375 0.5
vt 0.4133909 0.5
vt 0.4133909 0.25
vt 0.5883018 0.25
vt 0.5883018 0.5
vt 0.625 0.25
vt 0.625 0.5
vt 0.375 0.5
vt 0.375 0.75
vt 0.4133909 0.75
vt 0.4133909 0.5
vt 0.5883018 0.5
vt 0.5883018 0.75
vt 0.625 0.5
vt 0.625 0.75
vt 0.625 0
vt 0.875 0.25
vt 0.875 0
vt 0.625 0.25
vt 0.5883018 0.25
vt 0.5883018 0
vt 0.4133909 0.25
vt 0.4133909 0
vt 0.375 0
vt 0.375 0.25
vt 0.125 0
vt 0.125 0.25
vt 0.375 0.25
vt 0.375 0.5
vt 0.4133909 0.5
vt 0.4133909 0.25
vt 0.5883018 0.25
vt 0.5883018 0.5
vt 0.625 0.25
vt 0.625 0.5
vt 0.375 0.5
vt 0.375 0.75
vt 0.4133909 0.75
vt 0.4133909 0.5
vt 0.5883018 0.5
vt 0.5883018 0.75
vt 0.625 0.5
vt 0.625 0.75
vt 0.625 0
vt 0.875 0.25
vt 0.875 0
vt 0.625 0.25
vt 0.5883018 0.25
vt 0.5883018 0
vt 0.4133909 0.25
vt 0.4133909 0
vt 0.375 0
vt 0.375 0.25
vt 0.125 0
vt 0.125 0.25
vt 0 0
vt 0 1
vt 1 1
vt 1 0
vt 0 0
vt 0 1
vt 1 1
vt 1 0
vt 0 0
vt 0 1
vt 1 1
vt 1 0
vt 0 0
vt 0 1
vt 1 1
vt 1 0
vt 0 0
vt 0 1
vt 1 1
vt 1 0
vt 0 0
vt 0 1
vt 1 1
vt 1 0
vt 0 0
vt 0 1
vt 1 1
vt 1 0
vt 0 0
vt 0 1
vt 1 1
vt 1 0
vt 0 0
vt 0 1
vt 1 1
vt 1 0
vt 0 0
vt 0 1
vt 1 1
vt 1 0
vt 0 0
vt 0 1
vt 1 1
vt 1 0
vt 0 0
vt 0 1
vt 1 1
vt 1 0
vt 0 0
vt 0 1
vt 1 1
vt 1 0
vt 0 0
vt 0 1
vt 1 1
vt 1 0
vt 0 0
vt 0 1
vt 1 1
vt 1 0
vt 0 0
vt 0 1
vt 1 1
vt 1 0
vt 0 0
vt 0 1
vt 1 1
vt 1 0
vt 0 0
vt 0 1
vt 1 1
vt 1 0
vt 0 0
vt 0 1
vt 1 1
vt 1 0
vt 0 0
vt 0 1
vt 1 1
vt 1 0
vt 0 0
vt 0 1
vt 1 1
vt 1 0
vt 0 0
vt 0 1
vt 1 1
vt 1 0
vt 0 0
vt 0 1
vt 1 1
vt 1 0
vt 0 0
vt 0 1
vt 1 1
vt 1 0
vt 0 0
vt 0 1
vt 1 1
vt 1 0
vt 0 0
vt 0 1
vt 1 1
vt 1 0
vt 0 0
vt 0 1
vt 1 1
vt 1 0
vt 0 0
vt 0 1
vt 1 1
vt 1 0
vt 0 0
vt 0 1
vt 1 1
vt 1 0
vt 0 0
vt 0 1
vt 1 1
vt 1 0
vt 0 0
vt 0 1
vt 1 1
vt 1 0
vt 0 0
vt 0 1
vt 1 1
vt 1 0
vt 0 0
vt 0 1
vt 1 1
vt 1 0
vt 0 0
vt 0 1
vt 1 1
vt 1 0
vt 0 0
vt 0 1
vt 1 1
vt 1 0
vt 0 0
vt 0 1
vt 1 1
vt 1 0
vt 0 0
vt 0 1
vt 1 1
vt 1 0
vt 0 0
vt 0 1
vt 1 1
vt 1 0
vt 0 0
vt 0 1
vt 1 1
vt 1 0
vt 0 0
vt 0 1
vt 1 1
vt 1 0
vt 0 0
vt 0 1
vt 1 1
vt 1 0
vt 0 0
vt 0 1
vt 1 1
vt 1 0
vt 0 0
vt 0 1
vt 1 1
vt 1 0
vt 0 0
vt 0 1
vt 1 1
vt 1 0
vt 0 0
vt 0 1
vt 1 1
vt 1 0
vt 0.7169557 0.2065352
vt 0.7169557 0.2256226
vt 0.7169557 0.2256226
vt 0.7169557 0.2065352
vt 0.7360431 0.2065352
vt 0.7360431 0.2256226
vt 0.7360431 0.2256226
vt 0.7360431 0.2065352
vt 0.7892931 0.2668113
vt 0.7892931 0.2806673
vt 0.7892931 0.2806673
vt 0.7892931 0.2668113
vt 0.8031154 0.2668113
vt 0.8031154 0.2806673
vt 0.8031154 0.2806673
vt 0.8031154 0.2668113
vt 0.7169557 0.2065352
vt 0.7169557 0.2065352
vt 0.7169557 0.2256226
vt 0.7169557 0.2256226
vt 0.7360431 0.2065352
vt 0.7360431 0.2256226
vt 0.7360431 0.2256226
vt 0.7360431 0.2065352
vt 0.7892931 0.2668113
vt 0.7892931 0.2668113
vt 0.7892931 0.2806673
vt 0.7892931 0.2806673
vt 0.8031154 0.2668113
vt 0.8031154 0.2806673
vt 0.8031154 0.2806673
vt 0.8031154 0.2668113
vt 0.3641722 0.1907188
vt 0.3641722 0.2119108
vt 0.3641722 0.2119108
vt 0.3641722 0.1907188
vt 0.3865333 0.1907188
vt 0.3865333 0.2119108
vt 0.3865333 0.2119108
vt 0.3865333 0.1907188
vt 0.3641722 0.1907188
vt 0.3641722 0.1907188
vt 0.3641722 0.2119108
vt 0.3641722 0.2119108
vt 0.3865333 0.1907188
vt 0.3865333 0.2119108
vt 0.3865333 0.2119108
vt 0.3865333 0.1907188
vt -0.4295331 0.1895217
vt -0.4295331 0.2582479
vt -0.4295331 0.2582479
vt -0.4295331 0.1895217
vt -0.3608069 0.1895217
vt -0.3608069 0.2582479
vt -0.3608069 0.2582479
vt -0.3608069 0.1895217
vt -0.5069337 0.2690524
vt -0.5069337 0.3025801
vt -0.5069337 0.3025801
vt -0.5069337 0.2690524
vt -0.470486 0.2690524
vt -0.470486 0.3025801
vt -0.470486 0.3025801
vt -0.470486 0.2690524
vt -0.4062592 0.3007813
vt -0.4062592 0.3234281
vt -0.4062592 0.3234281
vt -0.4062592 0.3007813
vt -0.3825396 0.3007813
vt -0.3825396 0.3234281
vt -0.3825396 0.3234281
vt -0.3825396 0.3007813
vt -0.3583527 0.2616564
vt -0.3583527 0.3122865
vt -0.3583527 0.3122865
vt -0.3583527 0.2616564
vt -0.409375 0.2616564
vt -0.409375 0.3122865
vt -0.409375 0.3122865
vt -0.409375 0.2616564
vt -0.4331859 0.2050923
vt -0.4331859 0.2334691
vt -0.4331859 0.2334691
vt -0.4331859 0.2050923
vt -0.4626004 0.2050923
vt -0.4626004 0.2334691
vt -0.4626004 0.2334691
vt -0.4626004 0.2050923
vt -0.7812509 0.6885087
vt -0.7812509 0.7649611
vt -0.7812509 0.7649611
vt -0.7812509 0.6885087
vt -0.7045375 0.6885087
vt -0.7045375 0.7649611
vt -0.7045375 0.7649611
vt -0.7045375 0.6885087
vt -0.8593564 0.7508645
vt -0.8593564 0.7972265
vt -0.8593564 0.7972265
vt -0.8593564 0.7508645
vt -0.8191201 0.7508645
vt -0.8191201 0.7972265
vt -0.8191201 0.7972265
vt -0.8191201 0.7508645
vt -0.8088884 0.714347
vt -0.8088884 0.7713202
vt -0.8088884 0.7713202
vt -0.8088884 0.714347
vt -0.8593794 0.714347
vt -0.8593794 0.7713202
vt -0.8593794 0.7713202
vt -0.8593794 0.714347
vt -0.7158158 0.7876122
vt -0.7158158 0.8168293
vt -0.7158158 0.8168293
vt -0.7158158 0.7876122
vt -0.7443076 0.7876122
vt -0.7443076 0.8168293
vt -0.7443076 0.8168293
vt -0.7443076 0.7876122
vn -0.05275119 -0.5143893 -0.8559327
vn 0 0.4091877 -0.9124503
vn -0.269256 0.5116798 -0.8158953
vn 0.05275115 -0.5143894 -0.8559328
vn 0.2692558 0.51168 -0.8158951
vn 0.1217034 -0.7561875 -0.6429376
vn 0.9846278 -0.06631092 -0.1615881
vn 0.1859743 -0.07306395 -0.9798343
vn 0.9971704 -0.00383558 -0.0750761
vn 0.2662384 0.7009921 -0.6616095
vn 0.1002021 0.7205306 -0.6861451
vn 0.9937256 0.1097679 -0.02145634
vn 0.9998121 0.01930622 0.001770087
vn 0.1114876 0.767476 0.631309
vn 0.04630083 0.9097131 0.4126477
vn 0.1814491 0.9583191 0.2206823
vn 0.1223597 0.7344232 -0.6675707
vn 0.9700372 0.2264942 -0.08791006
vn 0.08696835 0.6699533 -0.7372918
vn 0.99158 0.1223596 0.04239313
vn 0.9890426 0.02060726 0.1461855
vn 0.04564102 0.99559 0.08196018
vn 0.1388339 0.7633572 0.6308811
vn 0.1472486 0.7513805 0.6432303
vn 0.04845243 0.3136937 0.9482872
vn 0.1066147 -0.5674894 0.816449
vn 0.1019875 -0.6397059 0.7618235
vn 0.983049 -0.1176854 0.1405875
vn 0.05380625 0.3132631 0.9481409
vn 0.8727852 0.2736599 0.4041736
vn 0.1352611 0.7565726 0.6397673
vn 0.9992831 0.03355499 -0.01752928
vn 0.998539 0.01040104 0.05302496
vn 0.03450307 0.4897552 0.871177
vn 0.1238059 -0.6019748 0.7888589
vn 0.1229513 -0.6738238 0.7285907
vn 0.9987626 -0.005629395 -0.04941244
vn 0.08588181 0.6036006 -0.7926479
vn 0.02676712 -0.440427 -0.8973892
vn 0.1044204 -0.7601538 -0.6412976
vn 0.9987475 -0.04997741 0.00241124
vn 0.1041343 -0.7634003 -0.6374763
vn 0.03667747 -0.9412723 -0.3356504
vn 0 0.8366938 -0.5476709
vn 0.04630083 0.9097131 0.4126477
vn -0.04630084 0.9097131 0.4126478
vn 0.2662384 0.7009921 -0.6616095
vn 0.04630083 0.9097131 0.4126477
vn -0.02223457 0.6342008 -0.7728486
vn 0.0497528 0.6233104 -0.7803901
vn 0.2692558 0.51168 -0.8158951
vn 0.2662384 0.7009921 -0.6616095
vn -0.02032502 0.6499233 -0.759728
vn 0.2692558 0.51168 -0.8158951
vn 0.04437794 0.658194 -0.7515392
vn 0 0.4091877 -0.9124503
vn -0.269256 0.5116798 -0.8158953
vn -0.04437759 0.6581941 -0.7515393
vn 0.02032514 0.649923 -0.7597283
vn 0.02223472 0.6342007 -0.7728486
vn -0.04975249 0.6233109 -0.7803898
vn -0.2662386 0.7009919 -0.6616096
vn -0.04630084 0.9097131 0.4126478
vn -0.2395225 0.9708604 -0.007671289
vn -0.08297237 0.7454429 -0.6613852
vn 0.0840317 0.747729 -0.6586654
vn 0.2396864 0.9708134 -0.008481196
vn -0.2469626 0.9689883 0.008438895
vn 0.2469251 0.9689938 0.008893407
vn 0.1141706 -1.854067E-05 -0.9934611
vn -0.1159001 -1.65935E-05 -0.9932609
vn -0.1116284 -0.1987958 -0.9736629
vn 0.1099461 -0.2009233 -0.9734175
vn 0.6215913 -0.7803705 -0.06816178
vn 0.9951879 -1.421469E-05 -0.09798492
vn -0.6205431 -0.7818629 -0.06013861
vn 0.9928454 -2.423461E-05 0.1194072
vn 0.6215913 -0.7803706 0.06816188
vn -0.6205431 -0.7818629 0.06013868
vn -0.1116282 -0.198796 0.9736629
vn 0.1099463 -0.2009238 0.9734173
vn 0.1101852 -2.543747E-05 0.993911
vn -0.1117994 -2.280942E-05 0.9937308
vn 0.1101852 -2.543747E-05 0.993911
vn -0.1117994 -2.280942E-05 0.9937308
vn -0.08063301 0.06414725 0.9946775
vn 0.08176348 0.06430696 0.9945749
vn -0.1086973 0.9532617 0.2819166
vn 0.9794998 0.009342609 0.2012279
vn 0.9928454 -2.423461E-05 0.1194072
vn 0.9951879 -1.421469E-05 -0.09798492
vn 0.1086515 0.9530906 0.282512
vn -0.1880203 0.1090803 0.9760891
vn 0.9843346 0.1721036 0.03828518
vn 0.1828367 0.1092863 0.9770503
vn -0.1383347 0.02294406 0.9901197
vn 0.9997222 0.00211331 0.02347439
vn 0.9989026 -0.03578814 -0.03021344
vn 0.1360958 0.02333445 0.9904208
vn -0.07067891 0.7665583 0.6382734
vn 0.07415977 0.767666 0.6365448
vn 0.9989018 0.02171034 0.04151771
vn 0.2469251 0.9689938 0.008893407
vn 0.9978115 -0.00185697 -0.0660981
vn 0.9985852 0.02231879 -0.0482644
vn 0.2396864 0.9708134 -0.008481196
vn 0.0840317 0.747729 -0.6586654
vn 0.1405112 0.01713451 -0.9899307
vn -0.1426683 0.01693356 -0.9896258
vn -0.08297237 0.7454429 -0.6613852
vn -0.1113837 -0.03627069 -0.9931154
vn 0.1115794 -0.03620714 -0.9930957
vn -0.09948743 -0.992655 -0.06883596
vn 0.9811851 -0.1928031 -0.01013613
vn 0.09989928 -0.9926179 -0.06877399
vn -0.2249609 -0.7270631 -0.6486693
vn 0.2183545 -0.7279955 -0.6498799
vn -0.1159001 -1.65935E-05 -0.9932609
vn 0.1141706 -1.854067E-05 -0.9934611
vn -0.1159001 -1.65935E-05 -0.9932609
vn -0.6205431 -0.7818629 -0.06013861
vn -0.1116284 -0.1987958 -0.9736629
vn -0.9962355 -1.255085E-05 -0.08668771
vn -0.9943988 -2.143053E-05 0.1056936
vn -0.6205431 -0.7818629 0.06013868
vn -0.1116282 -0.198796 0.9736629
vn -0.1117994 -2.280942E-05 0.9937308
vn -0.2249609 -0.7270631 -0.6486693
vn -0.9962355 -1.255085E-05 -0.08668771
vn -0.1159001 -1.65935E-05 -0.9932609
vn -0.9991898 -0.03083994 -0.02585774
vn -0.09948743 -0.992655 -0.06883596
vn -0.9835289 0.008268916 0.1805618
vn -0.9943988 -2.143053E-05 0.1056936
vn -0.1117994 -2.280942E-05 0.9937308
vn -0.08063301 0.06414725 0.9946775
vn -0.9874614 0.1541901 0.03384545
vn -0.1086973 0.9532617 0.2819166
vn -0.9997919 0.001791048 0.02031923
vn -0.1880203 0.1090803 0.9760891
vn -0.9849622 -0.1725341 -0.009022391
vn -0.1113837 -0.03627069 -0.9931154
vn -0.9982607 -0.001650506 -0.05893202
vn -0.1426683 0.01693356 -0.9896258
vn -0.999083 0.02179127 0.03685386
vn -0.1383347 0.02294406 0.9901197
vn -0.07067891 0.7665583 0.6382734
vn -0.2469626 0.9689883 0.008438895
vn -0.998836 0.02235093 -0.04274626
vn -0.08297237 0.7454429 -0.6613852
vn -0.2395225 0.9708604 -0.007671289
vn -0.2469626 0.9689883 0.008438895
vn 0.2469251 0.9689938 0.008893407
vn 0.07415977 0.767666 0.6365448
vn -0.07067891 0.7665583 0.6382734
vn 0.6909837 -0.05481311 -0.7207893
vn 0.6858153 0.2435455 -0.6858155
vn -0.6855454 0.2450604 -0.6855457
vn -0.6909837 -0.05481311 -0.7207893
vn 0.1231217 -0.9883342 -0.08964669
vn -0.9855523 0.1191691 0.1203549
vn -0.1231217 -0.9883342 -0.08964669
vn 0.1231218 -0.9883342 0.08964667
vn -0.1231218 -0.9883342 0.08964667
vn -0.9216439 -0.07311085 0.3810872
vn -0.4891913 -0.4968394 0.7168281
vn -0.9820147 0.1328426 0.1341643
vn 0.9223176 -0.07316428 0.3794431
vn 0.4813406 -0.4888659 0.7275447
vn 0.9223176 -0.07316428 0.3794431
vn 0.1231218 -0.9883342 0.08964667
vn 0.6909837 -0.05481311 -0.7207893
vn 0.1231217 -0.9883342 -0.08964669
vn 0.6858153 0.2435455 -0.6858155
vn 0.983144 0.1286409 0.129921
vn 0.4813406 -0.4888659 0.7275447
vn 0.9790353 0.1433163 0.1447423
vn -0.0668487 0.9818233 -0.1776353
vn -0.9820147 0.1328426 0.1341643
vn -0.9855523 0.1191691 0.1203549
vn -0.6855454 0.2450604 -0.6855457
vn 0.6858153 0.2435455 -0.6858155
vn 0.06490813 0.9828723 -0.1724787
vn -0.8589351 0.4843762 -0.1661635
vn -0.6705168 0.2184041 -0.7090182
vn 0.6705168 0.2184041 -0.7090182
vn 0.8589351 0.484376 -0.1661635
vn 0.4199522 0.8624257 -0.2825986
vn -0.4199521 0.8624258 -0.2825984
vn -0.8589351 0.4843762 -0.1661635
vn -0.2833614 0.9398652 0.1906822
vn 0.8628781 0.5021091 0.057688
vn 0.2833615 0.9398651 0.1906823
vn -0.8628781 0.5021091 0.057688
vn 0.2833615 0.9398651 0.1906823
vn 0.8628781 0.5021091 0.057688
vn -0.1579756 0.105621 0.9817779
vn 0.1579756 0.105621 0.9817779
vn 0.1579766 -0.1056224 0.9817775
vn -0.1579766 -0.1056224 0.9817775
vn -0.1579756 0.105621 0.9817779
vn 0.1579756 0.105621 0.9817779
vn 0.6927056 -0.7200912 0.04034304
vn 0.8628781 0.5021091 0.057688
vn -0.6927056 -0.7200912 0.04034304
vn -0.1579766 -0.1056224 0.9817775
vn -0.8628781 0.5021091 0.057688
vn -0.1579756 0.105621 0.9817779
vn -0.9820147 0.1328426 0.1341643
vn -0.4891913 -0.4968394 0.7168281
vn -0.6705168 0.2184041 -0.7090182
vn -0.8589351 0.4843762 -0.1661635
vn -0.0668487 0.9818233 -0.1776353
vn 0.4813406 -0.4888659 0.7275447
vn -0.4891913 -0.4968394 0.7168281
vn -0.6927056 -0.7200912 0.04034304
vn 0.9790353 0.1433163 0.1447423
vn 0.8589351 0.484376 -0.1661635
vn 0.6705168 0.2184041 -0.7090182
vn 0.06490813 0.9828723 -0.1724787
vn -0.6705168 0.2184041 -0.7090182
vn -0.0668487 0.9818233 -0.1776353
vn 0.6858153 0.2435455 -0.6858155
vn 0.983144 0.1286409 0.129921
vn 0.9790353 0.1433163 0.1447423
vn 0.06490813 0.9828723 -0.1724787
vn 0.2285457 0.9664411 0.1172963
vn -0.2285457 0.9664411 0.1172963
vn -0.2285457 0.9664411 -0.1172963
vn 0.2285457 0.9664411 -0.1172963
vn 0.8027048 0.08489932 -0.5903026
vn -0.8027048 0.08489929 -0.5903026
vn -0.8027048 0.08489929 0.5903026
vn -0.2285457 0.9664411 0.1172963
vn 0.8027048 0.08489932 0.5903026
vn 0.4199522 0.8624257 -0.2825986
vn -0.8027048 0.08489929 -0.5903026
vn -0.4199521 0.8624258 -0.2825984
vn 0.8027048 0.08489932 -0.5903026
vn 0.2833615 0.9398651 0.1906823
vn 0.8027048 0.08489932 0.5903026
vn -0.2833614 0.9398652 0.1906822
vn -0.8027048 0.08489929 0.5903026
vn 0.2285457 0.9664411 -0.1172963
vn 0.2285457 0.9664411 0.1172963
vn -0.4199521 0.8624258 -0.2825984
vn -0.8027048 0.08489929 0.5903026
vn -0.2833614 0.9398652 0.1906822
vn -0.8027048 0.08489929 -0.5903026
vn -0.2285457 0.9664411 0.1172963
vn -0.2285457 0.9664411 -0.1172963
vn 0.2198937 -0.1794104 -0.9588841
vn 0.2198938 0.1794093 -0.9588842
vn -0.2198938 0.1794093 -0.9588842
vn -0.2198937 -0.1794104 -0.9588841
vn 0.6700778 -0.7356197 -0.09929407
vn -0.6700777 0.7356201 -0.09929322
vn -0.6700777 -0.7356198 -0.0992943
vn 0.6704941 -0.7350958 0.1003584
vn -0.6704944 -0.7350955 0.1003581
vn -0.670494 0.7350961 0.1003576
vn -0.2107329 -0.1697505 0.9626923
vn -0.2107328 0.1697506 0.9626923
vn 0.2198938 0.1794093 -0.9588842
vn 0.6700777 0.7356199 -0.09929296
vn -0.6700777 0.7356201 -0.09929322
vn -0.2198938 0.1794093 -0.9588842
vn 0.6700777 0.7356199 -0.09929296
vn -0.670494 0.7350961 0.1003576
vn 0.6704941 0.735096 0.1003577
vn 0.2107331 0.1697506 0.9626922
vn -0.2107328 0.1697506 0.9626923
vn -0.670494 0.7350961 0.1003576
vn 0.2107331 0.1697506 0.9626922
vn -0.2107329 -0.1697505 0.9626923
vn -0.2107328 0.1697506 0.9626923
vn 0.2107332 -0.1697504 0.9626922
vn -0.6704944 -0.7350955 0.1003581
vn 0.6704941 -0.7350958 0.1003584
vn 0.6704941 0.735096 0.1003577
vn 0.6700778 -0.7356197 -0.09929407
vn 0.6700777 0.7356199 -0.09929296
vn 0.2198937 -0.1794104 -0.9588841
vn 0.2198938 0.1794093 -0.9588842
vn -0.6909837 -0.05481311 -0.7207893
vn 0.6855454 0.2450604 -0.6855457
vn -0.6858154 0.2435455 -0.6858155
vn 0.6909837 -0.05481312 -0.7207893
vn -0.1231217 -0.9883342 -0.08964669
vn 0.9855523 0.1191691 0.1203549
vn 0.1231217 -0.9883342 -0.08964669
vn -0.1231218 -0.9883342 0.08964667
vn 0.1231218 -0.9883342 0.08964667
vn 0.9216439 -0.07311086 0.3810871
vn 0.4891912 -0.4968393 0.7168281
vn 0.9820147 0.1328425 0.1341643
vn -0.9223176 -0.07316428 0.3794431
vn -0.4813406 -0.4888659 0.7275447
vn -0.9223176 -0.07316428 0.3794431
vn -0.1231218 -0.9883342 0.08964667
vn -0.6909837 -0.05481311 -0.7207893
vn -0.1231217 -0.9883342 -0.08964669
vn -0.6858154 0.2435455 -0.6858155
vn -0.983144 0.1286409 0.129921
vn -0.4813406 -0.4888659 0.7275447
vn -0.9790353 0.1433163 0.1447423
vn 0.06684871 0.9818234 -0.177635
vn 0.9855523 0.1191691 0.1203549
vn 0.9820147 0.1328425 0.1341643
vn 0.6855454 0.2450604 -0.6855457
vn -0.6858154 0.2435455 -0.6858155
vn -0.06490814 0.9828724 -0.1724784
vn 0.8589351 0.484376 -0.1661637
vn -0.6705168 0.2184041 -0.7090182
vn 0.6705168 0.2184041 -0.7090182
vn -0.8589351 0.484376 -0.1661637
vn 0.8589351 0.484376 -0.1661637
vn 0.419952 0.8624257 -0.2825989
vn -0.4199522 0.8624256 -0.282599
vn 0.2833614 0.9398651 0.1906825
vn -0.8628781 0.5021089 0.05768816
vn -0.2833616 0.9398651 0.1906826
vn 0.8628781 0.5021091 0.05768818
vn -0.2833616 0.9398651 0.1906826
vn -0.8628781 0.5021089 0.05768816
vn 0.1579755 0.105621 0.9817779
vn -0.1579758 0.105621 0.9817779
vn -0.1579768 -0.1056224 0.9817775
vn 0.1579755 0.105621 0.9817779
vn 0.1579765 -0.1056224 0.9817775
vn -0.1579758 0.105621 0.9817779
vn -0.6927057 -0.7200911 0.04034304
vn -0.8628781 0.5021089 0.05768816
vn 0.6927055 -0.7200912 0.04034304
vn 0.1579765 -0.1056224 0.9817775
vn 0.8628781 0.5021091 0.05768818
vn 0.1579755 0.105621 0.9817779
vn 0.9820147 0.1328425 0.1341643
vn 0.4891912 -0.4968393 0.7168281
vn 0.6705168 0.2184041 -0.7090182
vn 0.8589351 0.484376 -0.1661637
vn 0.06684871 0.9818234 -0.177635
vn -0.4813406 -0.4888659 0.7275447
vn 0.4891912 -0.4968393 0.7168281
vn 0.6927055 -0.7200912 0.04034304
vn -0.9790353 0.1433163 0.1447423
vn -0.8589351 0.484376 -0.1661637
vn -0.6705168 0.2184041 -0.7090182
vn -0.06490814 0.9828724 -0.1724784
vn 0.6705168 0.2184041 -0.7090182
vn 0.06684871 0.9818234 -0.177635
vn -0.6858154 0.2435455 -0.6858155
vn -0.06490814 0.9828724 -0.1724784
vn -0.9790353 0.1433163 0.1447423
vn -0.983144 0.1286409 0.129921
vn -0.2285457 0.9664411 0.1172963
vn 0.2285457 0.9664411 -0.1172963
vn 0.2285457 0.9664411 0.1172963
vn -0.2285457 0.9664411 -0.1172963
vn -0.8027048 0.08489932 -0.5903026
vn 0.8027048 0.08489932 -0.5903026
vn 0.8027048 0.08489932 0.5903026
vn -0.8027048 0.08489932 0.5903026
vn 0.2285457 0.9664411 0.1172963
vn -0.4199522 0.8624256 -0.282599
vn 0.419952 0.8624257 -0.2825989
vn 0.8027048 0.08489932 -0.5903026
vn -0.8027048 0.08489932 -0.5903026
vn -0.2833616 0.9398651 0.1906826
vn -0.8027048 0.08489932 0.5903026
vn 0.2833614 0.9398651 0.1906825
vn 0.8027048 0.08489932 0.5903026
vn -0.2285457 0.9664411 -0.1172963
vn -0.2285457 0.9664411 0.1172963
vn 0.419952 0.8624257 -0.2825989
vn 0.2833614 0.9398651 0.1906825
vn 0.8027048 0.08489932 0.5903026
vn 0.8027048 0.08489932 -0.5903026
vn 0.2285457 0.9664411 0.1172963
vn 0.2285457 0.9664411 -0.1172963
vn -0.2198938 -0.1794104 -0.958884
vn 0.2198938 0.1794093 -0.9588842
vn -0.2198939 0.1794093 -0.9588842
vn 0.2198937 -0.1794104 -0.9588841
vn -0.6700779 -0.7356197 -0.09929407
vn 0.6700776 0.7356201 -0.09929322
vn 0.6700777 -0.7356198 -0.0992943
vn -0.6704943 -0.7350957 0.1003583
vn 0.6704944 -0.7350956 0.1003581
vn 0.6704939 0.7350961 0.1003576
vn 0.2107327 -0.1697505 0.9626923
vn 0.2107326 0.1697506 0.9626923
vn -0.2198939 0.1794093 -0.9588842
vn 0.2198938 0.1794093 -0.9588842
vn 0.6700776 0.7356201 -0.09929322
vn -0.6700777 0.7356199 -0.09929296
vn -0.6700777 0.7356199 -0.09929296
vn 0.6704939 0.7350961 0.1003576
vn -0.6704941 0.7350959 0.1003577
vn 0.6704939 0.7350961 0.1003576
vn 0.2107326 0.1697506 0.9626923
vn -0.2107334 0.1697506 0.9626922
vn -0.2107334 0.1697506 0.9626922
vn 0.2107326 0.1697506 0.9626923
vn 0.2107327 -0.1697505 0.9626923
vn -0.2107335 -0.1697503 0.9626922
vn 0.6704944 -0.7350956 0.1003581
vn -0.6704943 -0.7350957 0.1003583
vn -0.6704941 0.7350959 0.1003577
vn -0.6700779 -0.7356197 -0.09929407
vn -0.6700777 0.7356199 -0.09929296
vn -0.2198938 -0.1794104 -0.958884
vn -0.2198939 0.1794093 -0.9588842
vn 0.2395225 0.9708604 -0.007671279
vn -0.08403175 0.7477291 -0.6586653
vn 0.08297241 0.745443 -0.661385
vn -0.2396864 0.9708134 -0.008481187
vn 0.2469625 0.9689883 0.008438815
vn -0.246925 0.9689938 0.008893368
vn -0.1141706 -1.854025E-05 -0.9934611
vn 0.1116286 -0.1987959 -0.9736627
vn 0.1159001 -1.659792E-05 -0.9932609
vn -0.1099461 -0.2009234 -0.9734175
vn -0.6215913 -0.7803705 -0.0681617
vn -0.9951879 -1.42238E-05 -0.09798492
vn 0.6205431 -0.7818629 -0.0601385
vn -0.9928454 -2.424343E-05 0.1194071
vn -0.6215913 -0.7803706 0.06816172
vn 0.6205431 -0.7818629 0.06013856
vn 0.1116283 -0.1987961 0.9736627
vn -0.1099464 -0.2009239 0.9734173
vn -0.1101851 -2.543707E-05 0.993911
vn 0.1117994 -2.280943E-05 0.9937308
vn -0.1101851 -2.543707E-05 0.993911
vn 0.0806331 0.06414725 0.9946775
vn 0.1117994 -2.280943E-05 0.9937308
vn -0.08176343 0.06430697 0.9945749
vn 0.1086973 0.9532617 0.2819167
vn -0.9794999 0.009342602 0.2012278
vn -0.9928454 -2.424343E-05 0.1194071
vn -0.9951879 -1.42238E-05 -0.09798492
vn -0.1086515 0.9530906 0.282512
vn 0.1880203 0.1090803 0.9760891
vn -0.9843346 0.1721036 0.03828516
vn -0.1828367 0.1092863 0.9770503
vn 0.1383347 0.02294409 0.9901197
vn -0.9997222 0.002113308 0.02347438
vn -0.9989026 -0.03578816 -0.03021345
vn -0.1360958 0.02333447 0.9904208
vn 0.070679 0.76656 0.6382714
vn -0.07415973 0.7676674 0.6365431
vn -0.9989018 0.02171033 0.04151771
vn -0.246925 0.9689938 0.008893368
vn -0.9978115 -0.001856973 -0.0660981
vn -0.9985852 0.0223188 -0.04826439
vn -0.2396864 0.9708134 -0.008481187
vn -0.08403175 0.7477291 -0.6586653
vn -0.1405112 0.01713456 -0.9899307
vn 0.1426683 0.01693361 -0.9896258
vn 0.08297241 0.745443 -0.661385
vn 0.1113837 -0.03627069 -0.9931154
vn -0.1115794 -0.03620714 -0.9930957
vn 0.09948736 -0.992655 -0.06883596
vn -0.9811851 -0.1928032 -0.01013613
vn -0.09989931 -0.9926179 -0.06877399
vn 0.2249608 -0.7270631 -0.6486693
vn -0.2183546 -0.7279955 -0.6498799
vn 0.1159001 -1.659792E-05 -0.9932609
vn -0.1141706 -1.854025E-05 -0.9934611
vn 0.1159001 -1.659792E-05 -0.9932609
vn 0.1116286 -0.1987959 -0.9736627
vn 0.6205431 -0.7818629 -0.0601385
vn 0.9962355 -1.256689E-05 -0.08668768
vn 0.9943988 -2.144299E-05 0.1056937
vn 0.6205431 -0.7818629 0.06013856
vn 0.1116283 -0.1987961 0.9736627
vn 0.1117994 -2.280943E-05 0.9937308
vn 0.2249608 -0.7270631 -0.6486693
vn 0.1159001 -1.659792E-05 -0.9932609
vn 0.9962355 -1.256689E-05 -0.08668768
vn 0.9991898 -0.03084001 -0.02585773
vn 0.09948736 -0.992655 -0.06883596
vn 0.9835289 0.008268883 0.1805619
vn 0.9943988 -2.144299E-05 0.1056937
vn 0.1117994 -2.280943E-05 0.9937308
vn 0.0806331 0.06414725 0.9946775
vn 0.9874614 0.1541899 0.03384545
vn 0.1086973 0.9532617 0.2819167
vn 0.9997919 0.001791036 0.02031923
vn 0.1880203 0.1090803 0.9760891
vn 0.9849622 -0.1725343 -0.009022392
vn 0.1113837 -0.03627069 -0.9931154
vn 0.9982607 -0.001650514 -0.05893202
vn 0.1426683 0.01693361 -0.9896258
vn 0.999083 0.02179128 0.03685387
vn 0.1383347 0.02294409 0.9901197
vn 0.070679 0.76656 0.6382714
vn 0.2469625 0.9689883 0.008438815
vn 0.998836 0.02235095 -0.04274626
vn 0.08297241 0.745443 -0.661385
vn 0.2395225 0.9708604 -0.007671279
vn 0.2469625 0.9689883 0.008438815
vn 0.070679 0.76656 0.6382714
vn -0.07415973 0.7676674 0.6365431
vn -0.246925 0.9689938 0.008893368
vn 0.1290743 0 -0.9916348
vn -0.1290743 0 -0.991635
vn -0.1271296 -0.2210535 -0.9669403
vn 0.1271296 -0.2210535 -0.9669403
vn 0.6259238 -0.7764956 -0.07262154
vn 0.992004 0 -0.1262068
vn 0.6259238 -0.7764957 0.0726215
vn 0.994451 0 0.1052007
vn 0.1271298 -0.2210542 0.96694
vn 0.1303546 1.265583E-07 0.9914675
vn -0.1271299 -0.2210542 0.96694
vn -0.1303546 1.288525E-07 0.9914675
vn -0.2190832 0.02082616 0.9754838
vn -0.06276941 0.5680026 0.8206296
vn 0.06276937 0.5680025 0.8206298
vn 0.2190832 0.02082617 0.9754838
vn -0.2190738 -0.02164681 0.9754682
vn 0.2190739 -0.0216469 0.9754681
vn 0.9904386 0.1340617 0.03253954
vn 0.1290306 0.9912645 0.02731061
vn 0.9944249 -0.09975357 0.03417778
vn 0.06277198 -0.5687488 0.8201125
vn 0.1314662 -0.9905589 0.0388581
vn 0.9699321 0.2429229 -0.01483555
vn 0.09244398 0.9924937 -0.08006402
vn 0.1371176 -0.9891059 0.05355563
vn -0.1314662 -0.9905589 0.03885813
vn 0.9979696 -0.06361947 0.003052929
vn 0.9723302 0.007890915 -0.2334777
vn 0.09527182 0.04790118 -0.9942982
vn 0.9976416 -0.002309686 0.06860098
vn 0.1343436 -0.03399209 0.9903516
vn -0.1343436 -0.03399208 0.9903516
vn -0.1371176 -0.9891059 0.05355556
vn -0.1371176 -0.9891059 0.05355556
vn 0.992004 0 -0.1262068
vn 0.994451 0 0.1052007
vn 0.1290743 0 -0.9916348
vn -0.09527175 0.04790117 -0.9942982
vn -0.1290743 0 -0.991635
vn 0.1303546 1.265583E-07 0.9914675
vn -0.1303546 1.288525E-07 0.9914675
vn -0.1343436 -0.03399208 0.9903516
vn -0.9976416 -0.002309705 0.06860092
vn -0.994451 0 0.1052006
vn -0.992004 0 -0.1262067
vn -0.9979696 -0.06361965 0.003052908
vn -0.9723302 0.007890848 -0.2334774
vn -0.1290743 0 -0.991635
vn -0.09527175 0.04790117 -0.9942982
vn -0.9699322 0.2429228 -0.01483546
vn -0.09244398 0.9924937 -0.08006401
vn -0.1290307 0.9912645 0.02731062
vn -0.9944249 -0.09975368 0.03417778
vn -0.9904386 0.1340615 0.03253951
vn -0.06276941 0.5680026 0.8206296
vn -0.2190832 0.02082616 0.9754838
vn -0.2190738 -0.02164681 0.9754682
vn -0.0627718 -0.5687485 0.8201127
vn 0.1314662 -0.9905589 0.0388581
vn 0.2190739 -0.0216469 0.9754681
vn 0.06277198 -0.5687488 0.8201125
vn -0.1290307 0.9912645 0.02731062
vn -0.09244398 0.9924937 -0.08006401
vn 0.09244398 0.9924937 -0.08006402
vn 0.1290306 0.9912645 0.02731061
vn -0.09244398 0.9924937 -0.08006401
vn 0.09527182 0.04790118 -0.9942982
vn -0.09527175 0.04790117 -0.9942982
vn 0.06276937 0.5680025 0.8206298
vn -0.1290307 0.9912645 0.02731062
vn -0.06276941 0.5680026 0.8206296
vn -0.1271299 -0.2210542 0.96694
vn -0.994451 0 0.1052006
vn -0.1303546 1.288525E-07 0.9914675
vn -0.6259237 -0.7764958 0.0726214
vn 0.1271298 -0.2210542 0.96694
vn 0.6259238 -0.7764957 0.0726215
vn -0.6259238 -0.7764957 -0.07262143
vn -0.992004 0 -0.1262067
vn -0.1290743 0 -0.991635
vn 0.6259238 -0.7764956 -0.07262154
vn -0.1271296 -0.2210535 -0.9669403
vn 0.1271296 -0.2210535 -0.9669403
vn 0.4519177 -0.08657777 0.8878483
vn -0.2316892 0.5947504 0.7698001
vn 0.2316893 0.5947503 0.7698001
vn -0.4519175 -0.0865777 0.8878484
vn -0.8946935 0.2975377 0.3331588
vn -0.688548 -0.7034428 0.1762667
vn -0.1508763 -0.2957364 0.9432796
vn -0.2828735 0.9529644 -0.1088179
vn -0.0970298 0.976109 -0.1944133
vn -0.4835631 0.2017918 -0.8517317
vn 0.2316893 0.5947503 0.7698001
vn 0.2828735 0.9529644 -0.1088179
vn 0.8896899 0.3041219 0.3405315
vn 0.4835632 0.2017917 -0.8517317
vn -0.2828735 0.9529644 -0.1088179
vn -0.4835631 0.2017918 -0.8517317
vn 0.09602385 0.9766076 -0.1923978
vn -0.0970298 0.976109 -0.1944133
vn 0.6885481 -0.7034426 0.1762667
vn 0.1491084 -0.2922707 0.9446399
vn -0.1508763 -0.2957364 0.9432796
vn 0.4519177 -0.08657777 0.8878483
vn -0.688548 -0.7034428 0.1762667
vn -0.4519175 -0.0865777 0.8878484
vn 0.3837241 0.3226785 -0.8652366
vn 0.09602385 0.9766076 -0.1923978
vn -0.0970298 0.976109 -0.1944133
vn -0.3836328 0.3233387 -0.8650306
vn 0.2846296 -0.6360269 -0.7172558
vn -0.9120022 0.273228 0.3059386
vn -0.8946935 0.2975377 0.3331588
vn -0.1508763 -0.2957364 0.9432796
vn -0.9261887 -0.1337839 0.3525283
vn -0.2846296 -0.6360269 -0.7172558
vn 0.5783279 -0.8127078 0.07101193
vn -0.578328 -0.8127078 0.07101194
vn 0.9253747 -0.1336666 0.3547038
vn 0.9253747 -0.1336666 0.3547038
vn 0.1491084 -0.2922707 0.9446399
vn 0.9076955 0.2795187 0.3129827
vn 0.8896899 0.3041219 0.3405315
vn 0.3837241 0.3226785 -0.8652366
vn 0.09602385 0.9766076 -0.1923978
vn 0.5783279 -0.8127078 0.07101193
vn 0.2846296 -0.6360269 -0.7172558
vn 0.3072624 0.2019303 -0.9299538
vn 0.3093804 0.9252045 -0.2197279
vn -0.3093802 0.9252046 -0.219728
vn -0.3072622 0.2019302 -0.9299539
vn 0.1710572 -0.6709717 -0.7214821
vn -0.1710572 -0.6709717 -0.7214821
vn -0.2955297 -0.240844 0.9244763
vn -0.3176803 -0.9245255 0.2105514
vn 0.3176806 -0.9245254 0.2105514
vn 0.1710572 -0.6709717 -0.7214821
vn 0.3072624 0.2019303 -0.9299538
vn 0.2955299 -0.2408438 0.9244763
vn 0.3093804 0.9252045 -0.2197279
vn 0.177265 0.6868225 0.7048772
vn -0.177265 0.6868225 0.7048772
vn 0.177265 0.6868225 0.7048772
vn 0.2955299 -0.2408438 0.9244763
vn 0.3176806 -0.9245254 0.2105514
vn -0.4519176 -0.08657778 0.8878484
vn -0.2316892 0.5947503 0.7698001
vn 0.2316892 0.5947504 0.7698001
vn 0.4519174 -0.0865777 0.8878484
vn 0.8946935 0.2975377 0.3331589
vn 0.688548 -0.7034428 0.1762667
vn 0.1508762 -0.2957366 0.9432796
vn 0.2828736 0.9529644 -0.1088179
vn 0.09702983 0.9761087 -0.1944147
vn 0.4835633 0.2017918 -0.8517315
vn -0.2316892 0.5947503 0.7698001
vn -0.2828735 0.9529645 -0.1088179
vn -0.8896897 0.304122 0.3405316
vn -0.4835629 0.2017916 -0.8517317
vn 0.2828736 0.9529644 -0.1088179
vn 0.4835633 0.2017918 -0.8517315
vn -0.09602378 0.9766074 -0.1923991
vn 0.09702983 0.9761087 -0.1944147
vn -0.6885481 -0.7034427 0.1762667
vn -0.1491081 -0.2922708 0.9446399
vn 0.1508762 -0.2957366 0.9432796
vn -0.4519176 -0.08657778 0.8878484
vn 0.688548 -0.7034428 0.1762667
vn 0.4519174 -0.0865777 0.8878484
vn -0.3837239 0.3226783 -0.8652368
vn 0.09702983 0.9761087 -0.1944147
vn -0.09602378 0.9766074 -0.1923991
vn 0.3836326 0.3233386 -0.8650308
vn -0.2846296 -0.6360269 -0.7172558
vn 0.9120022 0.273228 0.3059385
vn 0.8946935 0.2975377 0.3331589
vn 0.1508762 -0.2957366 0.9432796
vn 0.9261888 -0.1337839 0.3525282
vn 0.2846296 -0.6360269 -0.7172558
vn -0.5783278 -0.8127078 0.07101193
vn 0.5783281 -0.8127078 0.07101194
vn -0.9253747 -0.1336666 0.3547037
vn -0.9253747 -0.1336666 0.3547037
vn -0.1491081 -0.2922708 0.9446399
vn -0.9076954 0.2795187 0.3129828
vn -0.8896897 0.304122 0.3405316
vn -0.3837239 0.3226783 -0.8652368
vn -0.09602378 0.9766074 -0.1923991
vn -0.5783278 -0.8127078 0.07101193
vn -0.2846296 -0.6360269 -0.7172558
vn -0.3072625 0.2019303 -0.9299537
vn 0.3093803 0.9252046 -0.219728
vn -0.3093805 0.9252045 -0.2197279
vn 0.3072623 0.2019303 -0.9299538
vn -0.1710572 -0.6709717 -0.7214821
vn 0.1710572 -0.6709717 -0.7214821
vn 0.2955298 -0.2408438 0.9244763
vn 0.3176805 -0.9245254 0.2105514
vn -0.3176807 -0.9245254 0.2105514
vn -0.1710572 -0.6709717 -0.7214821
vn -0.3072625 0.2019303 -0.9299537
vn -0.29553 -0.2408437 0.9244763
vn -0.3093805 0.9252045 -0.2197279
vn -0.177265 0.6868225 0.7048772
vn 0.177265 0.6868225 0.7048772
vn -0.177265 0.6868225 0.7048772
vn -0.29553 -0.2408437 0.9244763
vn -0.3176807 -0.9245254 0.2105514
vn -0.1290743 0 -0.991635
vn 0.1271296 -0.2210536 -0.9669402
vn 0.1290743 0 -0.991635
vn -0.1271296 -0.2210536 -0.9669402
vn -0.6259238 -0.7764956 -0.07262142
vn -0.992004 0 -0.1262068
vn -0.6259238 -0.7764957 0.07262138
vn -0.994451 0 0.1052007
vn -0.1271299 -0.2210543 0.96694
vn -0.1303546 1.275833E-07 0.9914675
vn 0.1271299 -0.2210543 0.96694
vn 0.1303546 1.297444E-07 0.9914675
vn 0.2190833 0.02082626 0.9754838
vn -0.06276945 0.5680028 0.8206295
vn 0.06276967 0.5680032 0.8206292
vn -0.2190832 0.02082618 0.9754838
vn 0.2190738 -0.02164674 0.9754682
vn -0.2190739 -0.02164683 0.9754681
vn -0.9944249 -0.09975355 0.0341778
vn -0.06277193 -0.5687504 0.8201113
vn -0.1314662 -0.9905589 0.0388581
vn -0.9904386 0.1340617 0.03253953
vn -0.1290307 0.9912645 0.02731061
vn -0.09244398 0.9924937 -0.08006402
vn -0.9699322 0.2429229 -0.01483555
vn -0.09527176 0.04790118 -0.9942982
vn -0.1371176 -0.9891059 0.05355563
vn 0.1314662 -0.9905589 0.03885813
vn -0.9979696 -0.06361948 0.003052929
vn -0.9723302 0.007890904 -0.2334776
vn -0.9976416 -0.002309693 0.06860099
vn -0.992004 0 -0.1262068
vn -0.1290743 0 -0.991635
vn 0.1290743 0 -0.991635
vn 0.09527175 0.04790117 -0.9942982
vn -0.994451 0 0.1052007
vn -0.1343436 -0.03399209 0.9903516
vn -0.1303546 1.275833E-07 0.9914675
vn 0.1371176 -0.9891059 0.05355556
vn 0.1343436 -0.03399208 0.9903516
vn 0.1343436 -0.03399208 0.9903516
vn 0.1303546 1.297444E-07 0.9914675
vn 0.9976416 -0.002309685 0.06860092
vn 0.994451 0 0.1052006
vn 0.992004 0 -0.1262067
vn 0.9979696 -0.06361941 0.003052906
vn 0.1371176 -0.9891059 0.05355556
vn 0.9944249 -0.09975345 0.03417779
vn 0.06277172 -0.5687501 0.8201116
vn -0.1314662 -0.9905589 0.0388581
vn -0.06277193 -0.5687504 0.8201113
vn -0.2190739 -0.02164683 0.9754681
vn 0.2190738 -0.02164674 0.9754682
vn 0.9904386 0.1340617 0.03253947
vn 0.2190833 0.02082626 0.9754838
vn 0.06276967 0.5680032 0.8206292
vn 0.1290306 0.9912645 0.0273106
vn 0.9699322 0.2429229 -0.01483547
vn 0.09244397 0.9924937 -0.08006401
vn 0.9723302 0.007890891 -0.2334774
vn 0.09527175 0.04790117 -0.9942982
vn 0.1290743 0 -0.991635
vn 0.1290306 0.9912645 0.0273106
vn -0.09244398 0.9924937 -0.08006402
vn 0.09244397 0.9924937 -0.08006401
vn -0.1290307 0.9912645 0.02731061
vn -0.06276945 0.5680028 0.8206295
vn 0.1290306 0.9912645 0.0273106
vn 0.06276967 0.5680032 0.8206292
vn -0.09527176 0.04790118 -0.9942982
vn 0.09527175 0.04790117 -0.9942982
vn 0.09244397 0.9924937 -0.08006401
vn 0.1271299 -0.2210543 0.96694
vn 0.1303546 1.297444E-07 0.9914675
vn 0.994451 0 0.1052006
vn 0.6259237 -0.7764958 0.07262128
vn -0.1271299 -0.2210543 0.96694
vn -0.6259238 -0.7764957 0.07262138
vn 0.6259238 -0.7764957 -0.0726213
vn 0.992004 0 -0.1262067
vn 0.1290743 0 -0.991635
vn -0.6259238 -0.7764956 -0.07262142
vn 0.1271296 -0.2210536 -0.9669402
vn -0.1271296 -0.2210536 -0.9669402
vn -0.02090549 0.9287018 0.3702376
vn 0.06666408 0.9977686 0.003682622
vn 0.02090548 0.9287018 0.3702376
vn -0.0666641 0.9977686 0.003682622
vn 0.06666408 0.9977686 -0.003682623
vn -0.06666408 0.9977686 -0.003682622
vn 0.02090548 0.9287018 -0.3702376
vn -0.02090549 0.9287018 -0.3702376
vn -0.02090549 0.9287018 -0.3702376
vn 0.07441828 0.1006982 -0.9921299
vn 0.02090548 0.9287018 -0.3702376
vn -0.07441828 0.1006982 -0.9921299
vn 0.07194484 0 -0.9974086
vn -0.07194484 0 -0.9974086
vn -0.04208362 -0.8110747 -0.5834268
vn -0.07194484 0 -0.9974086
vn -0.9974877 0 -0.07084009
vn -0.075074 -0.9971637 -0.005331644
vn -0.9974877 0 0.07084009
vn -0.07507399 -0.9971637 0.005331643
vn -0.07194483 0 0.9974086
vn -0.04208361 -0.8110745 0.583427
vn 0.07194483 0 0.9974086
vn 0.04208361 -0.8110745 0.583427
vn 0.9974877 0 0.07084009
vn 0.07507399 -0.9971637 0.005331643
vn 0.9974877 0 -0.07084009
vn 0.075074 -0.9971637 -0.005331644
vn 0.07194484 0 -0.9974086
vn 0.04208362 -0.8110747 -0.5834268
vn 0.06666408 0.9977686 -0.003682623
vn 0.02090548 0.9287018 -0.3702376
vn 0.07441828 0.1006982 -0.9921299
vn 0.9921975 0.1008272 -0.07333472
vn 0.06666408 0.9977686 0.003682622
vn 0.9974877 0 -0.0708401
vn 0.07194484 0 -0.9974086
vn 0.9974877 0 0.0708401
vn 0.9921975 0.1008271 0.07333472
vn 0.07194482 0 0.9974086
vn 0.07441823 0.1006982 0.9921299
vn 0.02090548 0.9287018 0.3702376
vn -0.07194482 0 0.9974086
vn -0.07441824 0.1006983 0.9921299
vn -0.02090549 0.9287018 0.3702376
vn -0.9974877 0 0.07084009
vn -0.0666641 0.9977686 0.003682622
vn -0.9921975 0.1008271 0.07333472
vn -0.9974877 0 -0.0708401
vn -0.06666408 0.9977686 -0.003682622
vn -0.9921975 0.1008271 -0.07333472
vn -0.07194484 0 -0.9974086
vn -0.07441828 0.1006982 -0.9921299
vn -0.02090549 0.9287018 -0.3702376
vn -0.07507399 -0.9971637 0.005331643
vn -0.04208361 -0.8110745 0.583427
vn 0.04208361 -0.8110745 0.583427
vn 0.07507399 -0.9971637 0.005331643
vn -0.075074 -0.9971637 -0.005331644
vn 0.075074 -0.9971637 -0.005331644
vn -0.04208362 -0.8110747 -0.5834268
vn 0.04208362 -0.8110747 -0.5834268
vn -0.07194484 0 -0.9974086
vn 0.07194484 0 -0.9974086
vn -0.07194484 0 -0.9974086
vn -0.07194484 0 -0.9974086
vn -0.9974877 0 -0.0708401
vn -0.9974877 0 -0.07084009
vn -0.9974877 0 0.07084009
vn -0.9974877 0 0.07084009
vn -0.07194482 0 0.9974086
vn -0.07194483 0 0.9974086
vn 0.07194482 0 0.9974086
vn 0.07194483 0 0.9974086
vn 0.9974877 0 0.0708401
vn 0.9974877 0 0.07084009
vn 0.9974877 0 -0.0708401
vn 0.9974877 0 -0.07084009
vn 0.07194484 0 -0.9974086
vn 0.07194484 0 -0.9974086
vn -0.07194484 0 -0.9974086
vn -0.07194484 0 -0.9974086
vn 0.07194484 0 -0.9974086
vn 0.07194484 0 -0.9974086
vn -4.030876E-07 0.6427872 -0.7660449
vn -1.032603E-07 0.6427845 -0.7660471
vn 1.908548E-07 0.6427851 -0.7660466
vn 5.270039E-07 0.6427876 -0.7660444
vn -3.058938E-07 0.6427873 -0.7660448
vn 3.843043E-07 0.6427876 -0.7660444
vn 0.6131551 -0.4415076 0.6550664
vn 0.6572164 -0.4348398 0.6156143
vn -0.634874 -0.4969883 0.5915554
vn -0.6376878 -0.4731582 0.607845
vn -0.9642491 0.1699349 -0.203337
vn -0.9829706 0.1482307 -0.1086112
vn -0.1440057 0.6382917 0.7562051
vn -0.1440061 0.8555537 0.4972827
vn 0.1475922 0.6390969 0.7548322
vn 0.6131551 -0.4415076 0.6550664
vn 0.1475927 0.8543414 0.4983145
vn -0.1440061 0.8555537 0.4972827
vn -0.1440057 0.6382917 0.7562051
vn 0.9686193 0.2361533 -0.07751292
vn 0.6572164 -0.4348398 0.6156143
vn 0.9466609 0.268029 -0.1788675
vn -0.9642491 0.1699349 -0.203337
vn 3.843043E-07 0.6427876 -0.7660444
vn 5.270039E-07 0.6427876 -0.7660444
vn -0.9829706 0.1482307 -0.1086112
vn 1.908548E-07 0.6427851 -0.7660466
vn -1.032603E-07 0.6427845 -0.7660471
vn 0.9686193 0.2361533 -0.07751292
vn -0.1440061 0.8555537 0.4972827
vn 0.1475927 0.8543414 0.4983145
vn -4.030876E-07 0.6427872 -0.7660449
vn -3.058938E-07 0.6427873 -0.7660448
vn 0.9466609 0.268029 -0.1788675
vn 0 0.4091877 -0.9124503
vn 0 0.8366938 -0.5476709
vn -0.04975249 0.6233109 -0.7803898
vn -0.04437759 0.6581941 -0.7515393
vn 0.6982613 0.1486564 -0.7002373
vn 0.6982043 0.6635091 -0.2688242
vn -0.6982039 0.6635094 -0.2688244
vn -0.698261 0.1486565 -0.7002378
vn -0.04975249 0.6233109 -0.7803898
vn -0.04437759 0.6581941 -0.7515393
vn 0.6982043 0.6635091 -0.2688242
vn 0.02032514 0.649923 -0.7597283
vn 0.6982613 0.1486564 -0.7002373
vn 0.02223472 0.6342007 -0.7728486
vn -0.698261 0.1486565 -0.7002378
vn -0.04975249 0.6233109 -0.7803898
vn 0.7071039 0.4568311 -0.5397308
vn 0.7067054 0.480069 -0.5197126
vn -0.7067055 0.4800689 -0.5197126
vn -0.7071039 0.456831 -0.5397308
vn 0.7067054 0.480069 -0.5197126
vn -0.1838695 0.8578828 0.4798219
vn 0.1838696 0.8578827 0.479822
vn 0.7067054 -0.4284543 0.5630226
vn 0.707104 -0.4522039 0.5436134
vn -0.7071041 -0.4522039 0.5436133
vn -0.7067055 -0.4284543 0.5630225
vn -0.7071039 0.456831 -0.5397308
vn 0.1838686 0.6215032 0.7615288
vn -0.7067055 0.4800689 -0.5197126
vn -0.1838686 0.6215033 0.7615288
vn 0.1838696 0.8578827 0.479822
vn -0.1838695 0.8578828 0.4798219
vn 0.707104 -0.4522039 0.5436134
vn 0.7067054 0.480069 -0.5197126
vn 0.7071039 0.4568311 -0.5397308
vn 0.7067054 -0.4284543 0.5630226
vn 0.1838696 0.8578827 0.479822
vn 0.1838686 0.6215032 0.7615288
vn 0.2794165 0.6805991 -0.6772822
vn 0.8224844 -0.1334159 0.5529191
vn -0.8224844 -0.1334159 0.5529191
vn -0.2794165 0.6805991 -0.6772822
vn 0.3361153 -0.7214766 -0.6053908
vn 0.3065906 0.6118321 -0.7291527
vn 1 0 0
vn 0.8596333 0.09735943 0.5015492
vn 0.8729627 0.1943688 0.447389
vn 0.3146545 -0.7751012 -0.5479149
vn 0.2794165 0.6805991 -0.6772822
vn -0.2794165 0.6805991 -0.6772822
vn -0.3065906 0.6118321 -0.7291527
vn 0.8224844 -0.1334159 0.5529191
vn -0.8224844 -0.1334159 0.5529191
vn 0.1227652 -0.5778487 0.8068579
vn 0.1288294 0.1889723 0.9734949
vn -0.1227651 -0.5778487 0.8068579
vn -0.1288293 0.1889723 0.9734949
vn -0.8596333 0.09735943 0.5015492
vn -1 -1.017449E-07 0
vn -0.3361153 -0.7214766 -0.6053908
vn -0.3146545 -0.7751012 -0.5479149
vn -0.8729627 0.1943688 0.447389
vn 0.3146545 -0.7751012 -0.5479149
vn 0.3361153 -0.7214766 -0.6053908
vn 0.8729627 0.1943688 0.447389
vn 0.1061677 0.7225804 0.6830856
vn -0.1061677 0.7225804 0.6830856
vn 0.5387323 0.1671898 0.825721
vn -0.737776 0.6105157 0.2880228
vn -0.5387322 0.1671898 0.825721
vn 0.7377759 0.6105158 0.2880229
vn -0.4552418 0.8052545 0.3798947
vn 0.4552418 0.8052545 0.3798947
vn -0.4141698 -0.7590932 0.5022359
vn -0.4141711 -0.3627898 0.834773
vn 0.4141711 -0.3627898 0.834773
vn 0.4141698 -0.7590932 0.5022359
vn 0.9573708 -0.2409063 0.1593903
vn -0.9573708 -0.2409063 0.1593903
vn 0.7546045 0.502663 0.4217843
vn -0.9611625 -0.1100025 0.2531129
vn 0.1227652 -0.5778487 0.8068579
vn 0.9611625 -0.1100025 0.2531129
vn 0.1288294 0.1889723 0.9734949
vn 0.7216881 -0.5773004 0.3819561
vn 0.4141707 -0.3627909 0.8347726
vn 0.4141703 -0.759093 0.5022357
vn -0.4141702 -0.759093 0.5022357
vn -0.4141706 -0.3627909 0.8347726
vn 0.5387323 0.1671898 0.825721
vn -0.5387322 0.1671898 0.825721
vn 0.7377759 0.6105158 0.2880229
vn -0.7216881 -0.5773005 0.3819562
vn 0.9613976 0.1588341 0.2246915
vn 0.4552418 0.8052545 0.3798947
vn 0.4552416 0.5139529 0.7270539
vn 0.1061677 0.7225804 0.6830856
vn 0.9585685 0.2576313 0.1215423
vn 0.8276173 -0.3607928 0.4299746
vn 0.4552422 0.8052551 0.3798933
vn 0.4552416 0.5139541 0.7270531
vn -0.1288293 0.1889723 0.9734949
vn -0.737776 0.6105157 0.2880228
vn -0.9613976 0.1588341 0.2246915
vn -0.4552416 0.5139529 0.7270539
vn -0.4552418 0.8052545 0.3798947
vn 0.4552416 0.5139529 0.7270539
vn 0.9613976 0.1588341 0.2246915
vn -0.9585685 0.2576314 0.1215423
vn -0.9611625 -0.1100025 0.2531129
vn -0.1227651 -0.5778487 0.8068579
vn -0.1061677 0.7225804 0.6830856
vn -0.9573708 -0.2409063 0.1593903
vn -0.7546045 0.502663 0.4217843
vn -0.4141698 -0.7590932 0.5022359
vn -0.4141711 -0.3627898 0.834773
vn -0.4141702 -0.759093 0.5022357
vn -0.4141706 -0.3627909 0.8347726
vn 0.4141703 -0.759093 0.5022357
vn 0.7216881 -0.5773004 0.3819561
vn -0.8276172 -0.3607929 0.4299747
vn -0.4552413 0.5139542 0.7270532
vn -0.4552418 0.8052552 0.3798933
vn 0.4552416 0.5139541 0.7270531
vn 0.8276173 -0.3607928 0.4299746
vn 0.1061677 0.7225804 0.6830856
vn -0.8596333 0.09735943 0.5015492
vn -0.1288293 0.1889723 0.9734949
vn -0.1061677 0.7225804 0.6830856
vn -0.8729627 0.1943688 0.447389
vn 0.8729627 0.1943688 0.447389
vn 0.1061677 0.7225804 0.6830856
vn 0.1288294 0.1889723 0.9734949
vn 0.8596333 0.09735943 0.5015492
vn 0.1227652 -0.5778487 0.8068579
vn -0.7546045 0.502663 0.4217843
vn -0.1227651 -0.5778487 0.8068579
vn 0.7546045 0.502663 0.4217843
vn -0.4141711 -0.3627898 0.834773
vn 0.4141711 -0.3627898 0.834773
vn 0.9613976 0.1588341 0.2246915
vn -0.9585685 0.2576314 0.1215423
vn -0.9613976 0.1588341 0.2246915
vn 0.9585685 0.2576313 0.1215423
vn -0.4552418 0.8052552 0.3798933
vn 0.4552422 0.8052551 0.3798933
vn -0.4552413 0.5139542 0.7270532
vn 0.4552416 0.5139541 0.7270531
vn 0.4552418 0.8052545 0.3798947
vn 0.4552416 0.5139529 0.7270539
vn -0.4552416 0.5139529 0.7270539
vn -0.4552418 0.8052545 0.3798947
vn 0.9611625 -0.1100025 0.2531129
vn 0.4141707 -0.3627909 0.8347726
vn -0.4141706 -0.3627909 0.8347726
vn -0.9611625 -0.1100025 0.2531129
vn 0.4602717 0.570653 -0.6800773
vn 0.2687876 0.9551001 0.1246478
vn -0.2687876 0.9551001 0.1246478
vn -0.4602717 0.5706531 -0.6800773
vn -0.2687875 0.288606 0.918945
vn -0.4602722 -0.5706529 0.6800771
vn 0.2687875 0.288606 0.918945
vn 0.4602722 -0.5706529 0.6800771
vn 0.2687876 0.9551001 0.1246478
vn 0.2687875 0.288606 0.918945
vn -0.2687875 0.288606 0.918945
vn -0.2687876 0.9551001 0.1246478
vn 0.4602722 -0.5706529 0.6800771
vn 0.2687875 0.288606 0.918945
vn 0.2687876 0.9551001 0.1246478
vn 0.4602717 0.570653 -0.6800773
vn 0.5608385 0.5321803 -0.6342273
vn 0.2851286 0.9302171 0.2310796
vn -0.2851286 0.9302171 0.2310796
vn -0.5608385 0.5321803 -0.6342273
vn -0.2851286 0.3890999 0.8759583
vn -0.5608386 -0.5321803 0.6342273
vn 0.2851286 0.3890999 0.8759583
vn 0.5608386 -0.5321803 0.6342273
vn 0.2851286 0.9302171 0.2310796
vn 0.2851286 0.3890999 0.8759583
vn -0.2851286 0.3890999 0.8759583
vn -0.2851286 0.9302171 0.2310796
vn 0.5608386 -0.5321803 0.6342273
vn 0.2851286 0.3890999 0.8759583
vn 0.2851286 0.9302171 0.2310796
vn 0.5608385 0.5321803 -0.6342273
vn 0.5608389 0.6342291 0.5321778
vn 0.230701 -0.3249948 0.9171452
vn -0.230701 -0.3249948 0.9171452
vn -0.5608389 0.6342291 0.5321778
vn 0.2307013 -0.8467751 0.4793213
vn 0.5608381 -0.6342295 -0.5321782
vn -0.5608381 -0.6342295 -0.5321782
vn -0.2307013 -0.8467751 0.4793213
vn 0.230701 -0.3249948 0.9171452
vn -0.5608389 0.6342291 0.5321778
vn -0.230701 -0.3249948 0.9171452
vn 0.5608381 -0.6342295 -0.5321782
vn 0.2307013 -0.8467751 0.4793213
vn 0.230701 -0.3249948 0.9171452
vn 0.5608389 0.6342291 0.5321778
vn 0.3986862 0.7025317 0.5894901
vn 0.213683 -0.1661314 0.9626733
vn -0.213683 -0.1661314 0.9626733
vn -0.3986862 0.7025317 0.5894901
vn 0.2136828 -0.9191992 0.3307756
vn 0.3986855 -0.7025319 -0.5894902
vn -0.3986855 -0.7025319 -0.5894902
vn -0.2136828 -0.9191992 0.3307756
vn 0.213683 -0.1661314 0.9626733
vn -0.3986862 0.7025317 0.5894901
vn -0.213683 -0.1661314 0.9626733
vn 0.3986855 -0.7025319 -0.5894902
vn 0.2136828 -0.9191992 0.3307756
vn 0.213683 -0.1661314 0.9626733
vn 0.3986862 0.7025317 0.5894901
vn -0.04630084 0.9097131 0.4126478
vn 0.04630083 0.9097131 0.4126477
vn 0.1114876 0.767476 0.631309
vn -0.1114876 0.767476 0.631309
vn -0.2662386 0.7009919 -0.6616096
vn -0.181449 0.9583191 0.2206823
vn -0.9998121 0.01930622 0.001770088
vn 0.1814491 0.9583191 0.2206823
vn -0.1223597 0.7344234 -0.6675706
vn -0.9937257 0.1097679 -0.02145631
vn -0.9971704 -0.003835581 -0.0750761
vn -0.9846278 -0.06631095 -0.1615881
vn -0.269256 0.5116798 -0.8158953
vn -0.1217034 -0.7561875 -0.6429377
vn -0.05275119 -0.5143893 -0.8559327
vn 0.05275115 -0.5143894 -0.8559328
vn 0.1217034 -0.7561875 -0.6429376
vn -0.1859743 -0.07306387 -0.9798343
vn 0.1859743 -0.07306395 -0.9798343
vn -0.1002021 0.7205307 -0.6861451
vn -0.99158 0.1223596 0.04239324
vn -0.9890426 0.02060732 0.1461856
vn -0.04564101 0.99559 0.08196054
vn -0.1388339 0.7633572 0.6308811
vn 0.1388339 0.7633572 0.6308811
vn 0.04564102 0.99559 0.08196018
vn 0.1472486 0.7513805 0.6432303
vn -0.1472486 0.7513805 0.6432303
vn 0.04845243 0.3136937 0.9482872
vn -0.04845234 0.3136936 0.9482872
vn 0.1066147 -0.5674894 0.816449
vn -0.1066147 -0.5674893 0.8164491
vn 0.1019875 -0.6397059 0.7618235
vn -0.1019875 -0.6397059 0.7618234
vn 0.05380625 0.3132631 0.9481409
vn -0.983049 -0.1176854 0.1405875
vn -0.05380625 0.3132631 0.9481409
vn -0.8727852 0.2736597 0.4041738
vn -0.1352611 0.7565725 0.6397675
vn 0.1352611 0.7565726 0.6397673
vn -0.9700372 0.2264943 -0.08791005
vn -0.0869684 0.6699533 -0.7372918
vn -0.9992831 0.03355501 -0.01752928
vn -0.03450307 0.4897552 0.871177
vn 0.03450307 0.4897552 0.871177
vn 0.1238059 -0.6019748 0.7888589
vn -0.9987626 -0.005629369 -0.04941244
vn -0.08588181 0.6036006 -0.7926479
vn -0.998539 0.01040105 0.05302497
vn -0.1238059 -0.6019748 0.7888589
vn -0.1229513 -0.6738238 0.7285907
vn 0.1229513 -0.6738238 0.7285907
vn -0.0267671 -0.440427 -0.8973892
vn 0.08588181 0.6036006 -0.7926479
vn 0.02676712 -0.440427 -0.8973892
vn 0.1044204 -0.7601538 -0.6412976
vn -0.1044204 -0.7601538 -0.6412976
vn 0.1041343 -0.7634003 -0.6374763
vn -0.9987475 -0.04997738 0.002411236
vn -0.1041343 -0.7634003 -0.6374763
vn 0.03667747 -0.9412723 -0.3356504
vn -0.03667748 -0.9412723 -0.3356504
vn -0.1223597 0.7344234 -0.6675706
vn 0.1223597 0.7344232 -0.6675707
vn 0.04564102 0.99559 0.08196018
vn -0.04564101 0.99559 0.08196054
vn 0.1814491 0.9583191 0.2206823
vn 0.1223597 0.7344232 -0.6675707
vn -0.181449 0.9583191 0.2206823
vn -0.1859743 -0.07306387 -0.9798343
vn 0.1002021 0.7205306 -0.6861451
vn 0.1859743 -0.07306395 -0.9798343
vn -0.1002021 0.7205307 -0.6861451
vn 0.08696835 0.6699533 -0.7372918
vn -0.0869684 0.6699533 -0.7372918
vn 0.08588181 0.6036006 -0.7926479
vn -0.08588181 0.6036006 -0.7926479
vn 0 0.4091877 -0.9124503
vn 0.04437794 0.658194 -0.7515392
vn 0.0497528 0.6233104 -0.7803901
vn 0 0.8366938 -0.5476709
vn -0.6982613 0.1486564 -0.7002374
vn 0.6982042 0.6635092 -0.2688243
vn -0.6982043 0.6635091 -0.2688242
vn 0.6982611 0.1486565 -0.7002376
vn 0.0497528 0.6233104 -0.7803901
vn 0.04437794 0.658194 -0.7515392
vn -0.6982043 0.6635091 -0.2688242
vn -0.02032502 0.6499233 -0.759728
vn -0.6982613 0.1486564 -0.7002374
vn -0.02223457 0.6342008 -0.7728486
vn 0.6982611 0.1486565 -0.7002376
vn 0.0497528 0.6233104 -0.7803901
vn 4.724954E-07 0.642787 -0.7660449
vn -1.922375E-07 0.6427892 -0.7660431
vn 2.069466E-07 0.6427889 -0.7660434
vn -5.28942E-07 0.6427873 -0.7660446
vn 3.495929E-07 0.6427872 -0.7660448
vn -3.851303E-07 0.6427875 -0.7660446
vn -0.6137634 -0.4411713 0.654723
vn 0.6358207 -0.4957617 0.5915678
vn -0.6577907 -0.4344718 0.6152606
vn 0.6379266 -0.4723295 0.608239
vn 0.9647005 0.1699768 -0.2011489
vn 0.9831333 0.148477 -0.1067883
vn 0.1445184 0.6382644 0.7561302
vn 0.1445187 0.855476 0.4972677
vn -0.1481239 0.6390604 0.7547591
vn -0.6137634 -0.4411713 0.654723
vn -0.1481243 0.8542637 0.4982899
vn 0.1445187 0.855476 0.4972677
vn 0.1445184 0.6382644 0.7561302
vn -0.9686751 0.2359655 -0.0773875
vn -0.6577907 -0.4344718 0.6152606
vn -0.9466609 0.2680288 -0.1788673
vn 0.9647005 0.1699768 -0.2011489
vn -5.28942E-07 0.6427873 -0.7660446
vn -3.851303E-07 0.6427875 -0.7660446
vn 0.9831333 0.148477 -0.1067883
vn -1.922375E-07 0.6427892 -0.7660431
vn 2.069466E-07 0.6427889 -0.7660434
vn -0.9686751 0.2359655 -0.0773875
vn 0.1445187 0.855476 0.4972677
vn -0.1481243 0.8542637 0.4982899
vn 4.724954E-07 0.642787 -0.7660449
vn 3.495929E-07 0.6427872 -0.7660448
vn -0.9466609 0.2680288 -0.1788673
vn 0.1624407 -0.1029455 -0.9813334
vn 0.1624406 0.1029454 -0.9813334
vn -0.1624407 0.1029454 -0.9813334
vn -0.1624408 -0.1029455 -0.9813334
vn 0.750489 -0.6590533 -0.04914265
vn -0.9396229 0.336635 -0.06152785
vn -0.750489 -0.6590533 -0.04914265
vn 0.7499639 -0.6596885 0.04863181
vn -0.7499639 -0.6596885 0.04863181
vn -0.9913016 0.1310187 0.0124612
vn -0.4005295 -0.2605277 0.8784655
vn -0.7685961 0.09691482 0.6323509
vn -0.3423976 -0.08778895 0.9354448
vn -0.9436455 0.05013753 0.3271379
vn 0.4008366 -0.2607272 0.8782662
vn 0.3397409 -0.08704359 0.9364825
vn -0.966767 -0.1274041 0.2216526
vn -0.7020521 0.1780612 0.6895049
vn -0.8551673 0.5160235 0.04907904
vn -0.1845011 -0.9181048 -0.3507746
vn -0.9385445 -0.1720047 0.2992468
vn 0.1826687 -0.9197942 -0.3472907
vn -0.08467016 0.1681131 0.9821247
vn 0.9353105 -0.1763251 0.3067634
vn 0.08375259 0.1662913 0.9825135
vn -0.5192369 0.8285596 0.2094805
vn 0.7024796 0.1781695 0.6890414
vn -0.6616465 0.2490993 -0.7072295
vn -0.8860502 0.4171181 -0.2023051
vn -0.06380165 0.9889737 -0.1336422
vn 0.9649351 -0.1308075 0.2275738
vn 0.9413905 0.05110118 0.3334257
vn 0.519237 0.8285595 0.2094805
vn 0.7617998 0.09813862 0.6403357
vn 0.85018 0.524127 0.0498497
vn 0.8860502 0.4171181 -0.2023051
vn 0.6616465 0.2490993 -0.7072295
vn 0.06324557 0.9891662 -0.1324774
vn -0.6616465 0.2490993 -0.7072295
vn -0.06380165 0.9889737 -0.1336422
vn 0.9909258 0.1338061 0.01272629
vn 0.7499639 -0.6596885 0.04863181
vn -0.7499639 -0.6596885 0.04863181
vn -0.4005295 -0.2605277 0.8784655
vn 0.750489 -0.6590533 -0.04914265
vn 0.9397183 0.3363675 -0.0615341
vn 0.1624407 -0.1029455 -0.9813334
vn 0.1624406 0.1029454 -0.9813334
vn 0.1624406 0.1029454 -0.9813334
vn -0.9396229 0.336635 -0.06152785
vn -0.1624407 0.1029454 -0.9813334
vn 0.9397183 0.3363675 -0.0615341
vn 0.06324557 0.9891662 -0.1324774
vn -0.06380165 0.9889737 -0.1336422
vn -0.9913016 0.1310187 0.0124612
vn -0.8551673 0.5160235 0.04907904
vn -0.9436455 0.05013753 0.3271379
vn -0.7685961 0.09691482 0.6323509
vn 0.9909258 0.1338061 0.01272629
vn 0.7617998 0.09813862 0.6403357
vn 0.9413905 0.05110118 0.3334257
vn 0.85018 0.524127 0.0498497
vn 0.9397183 0.3363675 -0.0615341
vn 0.06324557 0.9891662 -0.1324774
vn -0.8860502 0.4171181 -0.2023051
vn -0.6616465 0.2490993 -0.7072295
vn 0.6616465 0.2490993 -0.7072295
vn 0.8860502 0.4171181 -0.2023051
vn 0.519237 0.8285595 0.2094805
vn 0.2662052 0.9272089 -0.2634741
vn 0.1519908 0.976867 0.1504316
vn -0.2662053 0.9272088 -0.2634742
vn -0.8860502 0.4171181 -0.2023051
vn -0.1519908 0.976867 0.1504317
vn -0.5192369 0.8285596 0.2094805
vn 0.1519908 0.976867 0.1504316
vn 0.519237 0.8285595 0.2094805
vn 0.7024796 0.1781695 0.6890414
vn -0.7020521 0.1780612 0.6895049
vn 0.228194 0.9570479 0.1788488
vn -0.228194 0.9570479 0.1788488
vn -0.2281938 0.9570478 -0.1788495
vn 0.2281938 0.9570478 -0.1788495
vn 0.6056713 0.2613027 -0.751587
vn -0.6056713 0.2613027 -0.751587
vn -0.6056694 0.2613082 0.7515866
vn -0.228194 0.9570479 0.1788488
vn 0.6056694 0.2613082 0.7515866
vn -0.2300449 -0.2093437 0.950397
vn -0.2300453 0.2093441 0.9503968
vn 0.2300453 0.2093441 0.9503968
vn 0.2300449 -0.2093437 0.950397
vn 0.7628559 -0.6388617 0.0995327
vn 0.5492764 0.832562 0.07166515
vn 0.8435483 -0.2526443 0.4739167
vn 0.4841823 0.8697177 -0.0957006
vn 0.8705053 0.3670617 -0.3278509
vn 0.5781667 0.2774714 -0.7672893
vn -0.5781661 0.2774715 -0.7672897
vn -0.8705052 0.3670619 -0.327851
vn 0.9353105 -0.1763251 0.3067634
vn 0.08375259 0.1662913 0.9825135
vn 0.3764563 -0.9222469 0.08798564
vn 0.09818798 -0.1259264 0.9871686
vn -0.09818786 -0.1259264 0.9871686
vn -0.3764561 -0.9222469 0.08798564
vn 0.2821723 -0.9546975 -0.09450672
vn 0.1826687 -0.9197942 -0.3472907
vn 0.4785737 -0.245874 -0.8429193
vn -0.3764561 -0.9222469 0.08798564
vn -0.2821723 -0.9546975 -0.09450672
vn -0.9385445 -0.1720047 0.2992468
vn -0.8435482 -0.2526443 0.4739168
vn -0.09818786 -0.1259264 0.9871686
vn 0.8435483 -0.2526443 0.4739167
vn 0.09818798 -0.1259264 0.9871686
vn 0.7628559 -0.6388617 0.0995327
vn -0.4785737 -0.245874 -0.8429193
vn 0.2821723 -0.9546975 -0.09450672
vn 0.4785737 -0.245874 -0.8429193
vn -0.1845011 -0.9181048 -0.3507746
vn 0.1826687 -0.9197942 -0.3472907
vn -0.8705052 0.3670619 -0.327851
vn -0.08467016 0.1681131 0.9821247
vn -0.5781661 0.2774715 -0.7672897
vn -0.4841821 0.8697179 -0.09570061
vn -0.5492764 0.832562 0.07166515
vn -0.7628559 -0.6388617 0.0995327
vn 0.2300449 -0.2093437 0.950397
vn -0.2300449 -0.2093437 0.950397
vn -0.2300453 0.2093441 0.9503968
vn 0.08375259 0.1662913 0.9825135
vn 0.8705053 0.3670617 -0.3278509
vn -0.8705052 0.3670619 -0.327851
vn -0.08467016 0.1681131 0.9821247
vn 0.2662052 0.9272089 -0.2634741
vn -0.6056713 0.2613027 -0.751587
vn -0.2662053 0.9272088 -0.2634742
vn 0.6056713 0.2613027 -0.751587
vn 0.1519908 0.976867 0.1504316
vn 0.6056694 0.2613082 0.7515866
vn -0.1519908 0.976867 0.1504317
vn -0.6056694 0.2613082 0.7515866
vn 0.2281938 0.9570478 -0.1788495
vn 0.228194 0.9570479 0.1788488
vn -0.2662053 0.9272088 -0.2634742
vn -0.6056694 0.2613082 0.7515866
vn -0.1519908 0.976867 0.1504317
vn -0.6056713 0.2613027 -0.751587
vn -0.228194 0.9570479 0.1788488
vn -0.2281938 0.9570478 -0.1788495
vn 0.5781667 0.2774714 -0.7672893
vn -0.4841821 0.8697179 -0.09570061
vn -0.5781661 0.2774715 -0.7672897
vn 0.4841823 0.8697177 -0.0957006
vn -0.5492764 0.832562 0.07166515
vn 0.5492764 0.832562 0.07166515
vn 0.2300453 0.2093441 0.9503968
vn -0.2300453 0.2093441 0.9503968
vn -0.5492764 0.832562 0.07166515
vn 0.7003511 0 0.7137985
vn -0.7003511 0 0.7137985
vn -0.1505011 0.9766375 0.1533908
vn 0.1505011 0.9766375 0.1533908
vn 0.7003511 0 -0.7137985
vn -0.1505011 0.9766375 -0.1533908
vn 0.1505011 0.9766375 -0.1533908
vn -0.7003511 0 -0.7137985
vn -0.7003511 0 0.7137985
vn -0.7003511 0 -0.7137985
vn -0.1505011 0.9766375 -0.1533908
vn -0.1505011 0.9766375 0.1533908
vn 0.1572419 -0.1037068 -0.9820998
vn 0.1572417 0.1037067 -0.9820998
vn -0.1572417 0.1037067 -0.9820998
vn -0.1572419 -0.1037068 -0.9820998
vn 0.7355431 -0.6755242 -0.0514142
vn -0.9347334 0.3492914 -0.0653372
vn -0.7355431 -0.6755242 -0.0514142
vn 0.7353355 -0.6757636 0.05123661
vn -0.7353354 -0.6757637 0.05123661
vn -0.9973435 0.0713075 0.01487573
vn -0.3780252 -0.2516171 0.8909466
vn -0.7037341 0.1002692 0.7033523
vn -0.1158213 -0.1502941 0.9818335
vn -0.7267856 0.09693859 0.6799893
vn 0.3782353 -0.2517568 0.8908178
vn 0.1144616 -0.1485297 0.9822614
vn 0.6935828 0.1016683 0.7131664
vn 0.7169727 0.09838343 0.6901237
vn 0.9971663 0.07365618 0.01530138
vn 0.7353355 -0.6757636 0.05123661
vn -0.7353354 -0.6757637 0.05123661
vn -0.3780252 -0.2516171 0.8909466
vn 0.7355431 -0.6755242 -0.0514142
vn 0.9350126 0.3485394 -0.06535672
vn 0.1572419 -0.1037068 -0.9820998
vn 0.1572417 0.1037067 -0.9820998
vn 0.1572417 0.1037067 -0.9820998
vn -0.9347334 0.3492914 -0.0653372
vn -0.1572417 0.1037067 -0.9820998
vn 0.9350126 0.3485394 -0.06535672
vn -0.07508439 0.9914832 -0.1064119
vn 0.07439038 0.9916406 -0.1054283
vn -0.9973435 0.0713075 0.01487573
vn -0.9244839 0.3699306 0.09209157
vn -0.7267856 0.09693859 0.6799893
vn -0.7037341 0.1002692 0.7033523
vn 0.9971663 0.07365618 0.01530138
vn 0.6935828 0.1016683 0.7131664
vn 0.7169727 0.09838343 0.6901237
vn 0.9205843 0.3789772 0.09434384
vn 0.07439038 0.9916406 -0.1054283
vn 0.9350126 0.3485394 -0.06535672
vn 0.2559431 0.9556233 0.1458674
vn -0.2559431 0.9556233 0.1458674
vn -0.2559431 0.9556233 -0.1458674
vn 0.2559431 0.9556233 -0.1458674
vn 0.7603804 0.1347603 -0.6353434
vn -0.7603804 0.1347603 -0.6353434
vn -0.7603804 0.1347603 0.6353434
vn -0.2559431 0.9556233 0.1458674
vn 0.7603804 0.1347603 0.6353434
vn 0.4240093 0.1874847 0.8860393
vn -0.4240093 0.1874847 0.8860393
vn -0.6458191 0.7132249 0.2724482
vn 0.5504244 0.8019437 0.2322053
vn 0.2214698 0.9617793 0.1610336
vn -0.3548402 0.8986208 0.2580097
vn -0.4754489 0.8653322 -0.1585822
vn -0.2461205 0.9525749 -0.1789572
vn 0.467292 0.8702558 -0.1558621
vn 0.1597453 0.980301 -0.1161524
vn 0.5504244 0.8019437 0.2322053
vn 0.2214698 0.9617793 0.1610336
vn 0.5903738 0.2187253 -0.7769286
vn -0.4754489 0.8653322 -0.1585822
vn -0.5903738 0.2187252 -0.7769286
vn -0.349163 0.5387345 0.7667139
vn -0.4240093 0.1874847 0.8860393
vn 0.4240093 0.1874847 0.8860393
vn 0.3631969 0.4816977 0.7975308
vn 0.9860838 0.04376881 -0.1603841
vn 0.7169727 0.09838343 0.6901237
vn 0.5504244 0.8019437 0.2322053
vn 0.1144616 -0.1485297 0.9822614
vn 0.376212 -0.4881862 -0.7874889
vn 0.9205843 0.3789772 0.09434384
vn 0.467292 0.8702558 -0.1558621
vn 0.5903738 0.2187253 -0.7769286
vn 0.07439038 0.9916406 -0.1054283
vn -0.5903738 0.2187252 -0.7769286
vn -0.07508439 0.9914832 -0.1064119
vn -0.1333251 -0.9830309 -0.1259941
vn -0.1333252 -0.9830309 0.1259941
vn 0.1333252 -0.9830309 0.1259941
vn 0.1333251 -0.9830309 -0.1259941
vn 0.9371361 -0.1174059 -0.3286211
vn 0.8837538 -0.1107186 0.4546654
vn -0.1333252 -0.9830309 0.1259941
vn -0.8800528 -0.1102549 0.4618991
vn -0.1333251 -0.9830309 -0.1259941
vn -0.934934 -0.11713 -0.3349313
vn 0.1333251 -0.9830309 -0.1259941
vn 0.9371361 -0.1174059 -0.3286211
vn -0.3434177 -0.4456308 -0.8267269
vn 0.376212 -0.4881862 -0.7874889
vn -0.9741009 0.05952942 -0.2181366
vn -0.9845983 0.06329691 -0.1629714
vn -0.9551212 0.09409846 0.2808717
vn -0.1797335 -0.1929673 0.9646033
vn -0.8410134 0.1561468 0.5179909
vn 0.9795298 0.06281849 0.1912464
vn 0.9919388 0.04285797 -0.1192504
vn 0.376212 -0.4881862 -0.7874889
vn 0.9860838 0.04376881 -0.1603841
vn 0.2113761 -0.2269401 0.9506937
vn 0.9196335 0.1133632 0.3760625
vn 0.4254537 0.9009467 0.08534701
vn 0.6520273 -0.7498686 0.1120595
vn 0.2326964 0.1606875 0.9591829
vn 0.2326964 -0.1606875 0.9591829
vn 0.3836208 0.9169558 -0.1096682
vn 0.5237011 0.3306295 -0.7851251
vn 0.09772342 0.950509 -0.2949283
vn 0.6520273 -0.7498686 0.1120595
vn 0.2113761 -0.2269401 0.9506937
vn -0.6520273 -0.7498686 0.1120595
vn 0.2326964 -0.1606875 0.9591829
vn -0.4254537 0.9009467 0.08534701
vn -0.2326964 -0.1606875 0.9591829
vn -0.2326964 0.1606875 0.9591829
vn 0.2326964 0.1606875 0.9591829
vn -0.5237011 0.3306295 -0.7851251
vn -0.3836208 0.9169558 -0.1096682
vn -0.08318184 0.9643953 -0.2510429
vn 0.09772342 0.950509 -0.2949283
vn 0.5237011 0.3306295 -0.7851251
vn -0.1158213 -0.1502941 0.9818335
vn 0.376212 -0.4881862 -0.7874889
vn 0.1144616 -0.1485297 0.9822614
vn -0.3434177 -0.4456308 -0.8267269
vn -0.7267856 0.09693859 0.6799893
vn -0.9741009 0.05952942 -0.2181366
vn -0.349163 0.5387345 0.7667139
vn -0.4240093 0.1874847 0.8860393
vn -0.9244839 0.3699306 0.09209157
vn -0.6458191 0.7132249 0.2724482
vn -0.4754489 0.8653322 -0.1585822
vn -0.07508439 0.9914832 -0.1064119
vn -0.5903738 0.2187252 -0.7769286
vn 0.3631969 0.4816977 0.7975308
vn -0.08318184 0.9643953 -0.2510429
vn -0.349163 0.5387345 0.7667139
vn 0.09772342 0.950509 -0.2949283
vn 0.9795298 0.06281849 0.1912464
vn 0.9196335 0.1133632 0.3760625
vn 0.9919388 0.04285797 -0.1192504
vn 0.9860838 0.04376881 -0.1603841
vn 0.1597453 0.980301 -0.1161524
vn -0.7603804 0.1347603 -0.6353434
vn -0.2461205 0.9525749 -0.1789572
vn 0.7603804 0.1347603 -0.6353434
vn 0.2214698 0.9617793 0.1610336
vn 0.7603804 0.1347603 0.6353434
vn -0.3548402 0.8986208 0.2580097
vn -0.7603804 0.1347603 0.6353434
vn 0.2559431 0.9556233 -0.1458674
vn 0.2559431 0.9556233 0.1458674
vn -0.2461205 0.9525749 -0.1789572
vn -0.7603804 0.1347603 0.6353434
vn -0.3548402 0.8986208 0.2580097
vn -0.7603804 0.1347603 -0.6353434
vn -0.2559431 0.9556233 0.1458674
vn -0.2559431 0.9556233 -0.1458674
vn 0.5237011 0.3306295 -0.7851251
vn -0.3836208 0.9169558 -0.1096682
vn -0.5237011 0.3306295 -0.7851251
vn 0.3836208 0.9169558 -0.1096682
vn -0.4254537 0.9009467 0.08534701
vn 0.4254537 0.9009467 0.08534701
vn 0.4254537 0.9009467 0.08534701
vn -0.2326964 0.1606875 0.9591829
vn 0.2326964 0.1606875 0.9591829
vn -0.8410134 0.1561468 0.5179909
vn -0.9551212 0.09409846 0.2808717
vn -0.08318184 0.9643953 -0.2510429
vn -0.349163 0.5387345 0.7667139
vn -0.9845983 0.06329691 -0.1629714
vn -0.9741009 0.05952942 -0.2181366
vn 0.7077946 0 0.7064183
vn -0.7077946 0 0.7064183
vn -0.2321567 0.9446777 0.2317052
vn 0.2321567 0.9446777 0.2317052
vn 0.7077946 0 -0.7064183
vn -0.2321567 0.9446777 -0.2317052
vn 0.2321567 0.9446777 -0.2317052
vn -0.7077946 0 -0.7064183
vn -0.7077946 0 0.7064183
vn -0.7077946 0 -0.7064183
vn -0.2321567 0.9446777 -0.2317052
vn -0.2321567 0.9446777 0.2317052
vn -0.7071056 0.5416722 0.4545249
vn 0.2691312 0.8005764 -0.5353932
vn 0.7071055 0.5416722 0.4545249
vn -0.2691312 0.8005764 -0.5353932
vn 0.269132 0.3882394 -0.8813843
vn -0.269132 0.3882394 -0.8813843
vn 0.7071102 -0.5416752 -0.4545141
vn 0.7071055 0.5416722 0.4545249
vn 0.2691312 0.8005764 -0.5353932
vn 0.269132 0.3882394 -0.8813843
vn -0.269132 0.3882394 -0.8813843
vn -0.2691312 0.8005764 -0.5353932
vn -0.7071056 0.5416722 0.4545249
vn -0.7071102 -0.5416752 -0.4545142
vn -0.7071102 -0.5416752 -0.4545142
vn 0.7071102 -0.5416752 -0.4545141
vn 0.269132 0.3882394 -0.8813843
vn -0.269132 0.3882394 -0.8813843
vn -0.7071074 0.5416767 0.4545167
vn 0.2691316 0.8005751 -0.5353949
vn 0.7071074 0.5416767 0.4545167
vn -0.2691316 0.8005751 -0.5353949
vn 0.2794419 0.6171806 -0.7355271
vn -0.2794419 0.6171806 -0.7355271
vn 1 0 0
vn 0.7071074 0.5416767 0.4545167
vn 0.2691316 0.8005751 -0.5353949
vn 0.2794419 0.6171806 -0.7355271
vn -0.2794419 0.6171806 -0.7355271
vn -0.2691316 0.8005751 -0.5353949
vn -0.7071074 0.5416767 0.4545167
vn -1 0 0
vn 0.7071056 0.5416721 0.4545249
vn -0.7071055 0.5416722 0.4545249
vn -0.2691312 0.8005764 -0.5353932
vn 0.2691312 0.8005763 -0.5353931
vn -0.269132 0.3882394 -0.8813843
vn 0.269132 0.3882394 -0.8813843
vn -0.7071102 -0.5416752 -0.4545141
vn -0.269132 0.3882394 -0.8813843
vn -0.2691312 0.8005764 -0.5353932
vn -0.7071055 0.5416722 0.4545249
vn 0.269132 0.3882394 -0.8813843
vn 0.7071102 -0.5416752 -0.4545141
vn 0.7071056 0.5416721 0.4545249
vn 0.2691312 0.8005763 -0.5353931
vn 0.7071102 -0.5416752 -0.4545141
vn 0.269132 0.3882394 -0.8813843
vn -0.269132 0.3882394 -0.8813843
vn -0.7071102 -0.5416752 -0.4545141
vn 0.7071073 0.5416768 0.4545167
vn -0.7071074 0.5416767 0.4545167
vn -0.2691316 0.8005751 -0.5353949
vn 0.2691316 0.8005751 -0.5353949
vn -0.2794419 0.6171806 -0.7355271
vn 0.2794419 0.6171808 -0.7355271
vn -1 0 0
vn -0.2794419 0.6171806 -0.7355271
vn -0.2691316 0.8005751 -0.5353949
vn -0.7071074 0.5416767 0.4545167
vn 0.2794419 0.6171808 -0.7355271
vn 1 1.162265E-07 0
vn 0.7071073 0.5416768 0.4545167
vn 0.2691316 0.8005751 -0.5353949
vn -0.7869735 0.6070935 0.1100462
vn -0.7869735 0.6070935 -0.1100461
vn -0.03654107 0.9671049 -0.2517399
vn -0.03654107 0.9671049 0.2517399
vn 0.03661363 0.9671404 0.251593
vn 0.03661363 0.9671404 -0.251593
vn 0.7914061 0.6015633 0.1086184
vn 0.7914061 0.6015633 -0.1086183
vn -0.7869735 0.6070935 -0.1100461
vn -0.9903643 0 -0.1384872
vn -0.1436486 0 -0.9896288
vn -0.03654107 0.9671049 -0.2517399
vn 0.03661363 0.9671404 -0.251593
vn 0.1440102 0 -0.9895762
vn 0.7914061 0.6015633 -0.1086183
vn 0.9907126 0 -0.1359728
vn 0.9907126 0 0.1359727
vn 0.7914061 0.6015633 -0.1086183
vn 0.9907126 0 -0.1359728
vn 0.7914061 0.6015633 0.1086184
vn 0.03661363 0.9671404 0.251593
vn 0.1440102 0 0.9895762
vn -0.03654107 0.9671049 0.2517399
vn -0.1436486 0 0.9896288
vn -0.9903643 0 0.1384872
vn -0.7869735 0.6070935 0.1100462
vn -0.9903643 0 -0.1384872
vn -0.7869735 0.6070935 -0.1100461
vn -0.9268512 0.3358546 0.1677748
vn -0.9268513 0.3358545 -0.1677749
vn -0.1009004 0.8126506 -0.5739496
vn -0.1009006 0.8126506 0.5739497
vn 0.1011589 0.8128423 0.5736325
vn 0.1011588 0.8128424 -0.5736325
vn 0.9288572 0.3316481 0.1650269
vn 0.9288572 0.3316481 -0.165027
vn -0.9268513 0.3358545 -0.1677749
vn -0.9840086 0 -0.1781212
vn -0.1731448 0 -0.9848964
vn -0.1009004 0.8126506 -0.5739496
vn 0.1011588 0.8128424 -0.5736325
vn 0.1736679 0 -0.9848043
vn 0.9288572 0.3316481 -0.165027
vn 0.9845813 0 -0.1749275
vn 0.9845814 0 0.1749274
vn 0.9288572 0.3316481 -0.165027
vn 0.9845813 0 -0.1749275
vn 0.9288572 0.3316481 0.1650269
vn 0.1011589 0.8128423 0.5736325
vn 0.1736681 0 0.9848043
vn -0.1009006 0.8126506 0.5739497
vn -0.1731451 0 0.9848963
vn -0.9840086 0 0.1781212
vn -0.9268512 0.3358546 0.1677748
vn -0.9840086 0 -0.1781212
vn -0.9268513 0.3358545 -0.1677749
vn 0 1 0
vn 0 1 0
vn 0 1 0
vn 0 1 0
vn 0 1 0
vn 0 1 0
vn 0 1 0
vn 0 1 0
vn 0 1 0
vn 0 1 0
vn 0 1 0
vn 0 1 0
vn 0 1 0
vn 0 1 0
vn 0 1 0
vn 0 1 0
vn 0 1 0
vn 0 1 0
vn 0 1 0
vn 0 1 0
vn 0 1 0
vn 0 1 0
vn 0 1 0
vn 0 1 0
vn 0 1 0
vn 0 1 0
vn 0 1 0
vn 0 1 0
vn -1 0 0
vn -1 0 0
vn -1 0 0
vn -1 0 0
vn -1 0 0
vn -1 0 0
vn -1 0 0
vn -1 0 0
vn -1 0 0
vn -1 0 0
vn -1 0 0
vn -1 0 0
vn -1 0 0
vn -1 0 0
vn -1 0 0
vn -1 0 0
vn -1 0 0
vn -1 0 0
vn -1 0 0
vn -1 0 0
vn -1 0 0
vn -1 0 0
vn -1 0 0
vn -1 0 0
vn -1 0 0
vn -1 0 0
vn -1 0 0
vn -1 0 0
vn -1 0 0
vn -1 0 0
vn -1 0 0
vn -1 0 0
vn -1 0 0
vn -1 0 0
vn -1 0 0
vn -1 0 0
vn -1 0 0
vn -1 0 0
vn -1 0 0
vn -1 0 0
vn 0 0 1
vn 0 0 1
vn 0 0 1
vn 0 0 1
vn 0 0 1
vn 0 0 1
vn 0 0 1
vn 0 0 1
vn 0 0 1
vn 0 0 1
vn 0 0 1
vn 0 0 1
vn 0 0 1
vn 0 0 1
vn 0 0 1
vn 0 0 1
vn 0 0 1
vn 0 0 1
vn 0 0 1
vn 0 0 1
vn 0 0 1
vn 0 0 1
vn 0 0 1
vn 0 0 1
vn 0 0 1
vn 0 0 1
vn 0 0 1
vn 0 0 1
vn 0 0 1
vn 0 0 1
vn 0 0 1
vn 0 0 1
vn 0 0 1
vn 0 0 1
vn 0 0 1
vn 0 0 1
vn 0 0 1
vn 0 0 1
vn 0 0 1
vn 0 0 1
vn 0 0 -1
vn 0 0 -1
vn 0 0 -1
vn 0 0 -1
vn 0 0 -1
vn 0 0 -1
vn 0 0 -1
vn 0 0 -1
vn 0 0 -1
vn 0 0 -1
vn 0 0 -1
vn 0 0 -1
vn 0 0 -1
vn 0 0 -1
vn 0 0 -1
vn 0 0 -1
vn 0 0 -1
vn 0 0 -1
vn 0 0 -1
vn 0 0 -1
vn 0 0 -1
vn 0 0 -1
vn 0 0 -1
vn 0 0 -1
vn 0 0 -1
vn 0 0 -1
vn 0 0 -1
vn 0 0 -1
vn 0 0 -1
vn 0 0 -1
vn 0 0 -1
vn 0 0 -1
vn 0 0 -1
vn 0 0 -1
vn 0 0 -1
vn 0 0 -1
vn 0 0 -1
vn 0 0 -1
vn 0 0 -1
vn 0 0 -1
vn 1 0 0
vn 1 0 0
vn 1 0 0
vn 1 0 0
vn 1 0 0
vn 1 0 0
vn 1 0 0
vn 1 0 0
vn 1 0 0
vn 1 0 0
vn 1 0 0
vn 1 0 0
vn 1 0 0
vn 1 0 0
vn 1 0 0
vn 1 0 0
vn 1 0 0
vn 1 0 0
vn 1 0 0
vn 1 0 0
vn 1 0 0
vn 1 0 0
vn 1 0 0
vn 1 0 0
vn 1 0 0
vn 1 0 0
vn 1 0 0
vn 1 0 0
vn 1 0 0
vn 1 0 0
vn 1 0 0
vn 1 0 0
vn 0 -0.7071053 -0.7071083
vn 0 0.7071053 -0.7071083
vn -0.9232992 0.2715861 -0.2715873
vn -0.9232992 -0.2715861 -0.2715873
vn 0 -0.7071053 0.7071083
vn -0.9232992 0.2715861 0.2715873
vn 0 0.7071053 0.7071083
vn -0.9232992 -0.2715861 0.2715873
vn 0 -0.7062438 -0.7079688
vn 0 0.7062438 -0.7079688
vn -0.8673771 0.3514633 -0.3523217
vn -0.8673771 -0.3514633 -0.3523217
vn 0 -0.7062438 0.7079688
vn -0.8673771 0.3514633 0.3523217
vn 0 0.7062438 0.7079688
vn -0.8673771 -0.3514633 0.3523217
vn 0 -0.7071053 -0.7071083
vn 0.9232992 -0.2715861 -0.2715873
vn 0.9232992 0.2715861 -0.2715873
vn 0 0.7071053 -0.7071083
vn 0 -0.7071053 0.7071083
vn 0.9232992 0.2715861 0.2715873
vn 0 0.7071053 0.7071083
vn 0.9232992 -0.2715861 0.2715873
vn 0 -0.7062438 -0.7079688
vn 0.8673771 -0.3514633 -0.3523217
vn 0.8673771 0.3514633 -0.3523217
vn 0 0.7062438 -0.7079688
vn 0 -0.7062438 0.7079688
vn 0.8673771 0.3514633 0.3523217
vn 0 0.7062438 0.7079688
vn 0.8673771 -0.3514633 0.3523217
vn 0 -0.7258285 -0.6878757
vn 0 0.7258285 -0.6878757
vn -0.706829 0.5134398 -0.4865925
vn -0.706829 -0.5134398 -0.4865925
vn 0 -0.7258285 0.6878757
vn -0.706829 0.5134398 0.4865925
vn 0 0.7258285 0.6878757
vn -0.706829 -0.5134398 0.4865925
vn 0 -0.7258285 -0.6878757
vn 0.706829 -0.5134398 -0.4865925
vn 0.706829 0.5134398 -0.4865925
vn 0 0.7258285 -0.6878757
vn 0 -0.7258285 0.6878757
vn 0.706829 0.5134398 0.4865925
vn 0 0.7258285 0.6878757
vn 0.706829 -0.5134398 0.4865925
vn 0 -0.7071069 -0.7071066
vn 0 0.7071069 -0.7071066
vn -0.8548111 0.3669456 -0.3669454
vn -0.8548111 -0.3669456 -0.3669454
vn 0 -0.7071069 0.7071066
vn -0.8548111 0.3669456 0.3669454
vn 0 0.7071069 0.7071066
vn -0.8548111 -0.3669456 0.3669454
vn 0 -0.7359725 -0.6770115
vn 0 0.7359725 -0.6770115
vn -0.835449 0.4044669 -0.3720638
vn -0.835449 -0.4044669 -0.3720638
vn 0 -0.7359725 0.6770115
vn -0.835449 0.4044669 0.3720638
vn 0 0.7359725 0.6770115
vn -0.835449 -0.4044669 0.3720638
vn 0 -0.7232731 -0.6905621
vn 0 0.7232731 -0.6905621
vn -0.7103101 0.5091038 -0.486079
vn -0.7103101 -0.5091038 -0.486079
vn 0 -0.7232731 0.6905621
vn -0.7103101 0.5091038 0.486079
vn 0 0.7232731 0.6905621
vn -0.7103101 -0.5091038 0.486079
vn 0 -0.7098292 0.7043739
vn 0 0.7098292 0.7043739
vn 0.9665505 0.1820542 0.180655
vn 0.9665505 -0.1820542 0.180655
vn 0 -0.7098292 -0.7043739
vn 0.9665505 0.1820542 -0.180655
vn 0 0.7098292 -0.7043739
vn 0.9665505 -0.1820542 -0.180655
vn 0 -0.7196862 0.6942995
vn 0 0.7196862 0.6942995
vn 0.9060817 0.3045012 0.29376
vn 0.9060817 -0.3045012 0.29376
vn 0 -0.7196862 -0.6942995
vn 0.9060817 0.3045012 -0.29376
vn 0 0.7196862 -0.6942995
vn 0.9060817 -0.3045012 -0.29376
vn 0 -0.7083116 -0.7058999
vn 0 0.7083116 -0.7058999
vn -0.9357925 0.249716 -0.2488658
vn -0.9357925 -0.249716 -0.2488658
vn 0 -0.7083116 0.7058999
vn -0.9357925 0.249716 0.2488658
vn 0 0.7083116 0.7058999
vn -0.9357925 -0.249716 0.2488658
vn 0 -0.6554502 -0.7552384
vn 0 0.6554502 -0.7552384
vn -0.9510986 0.2024603 -0.2332837
vn -0.9510986 -0.2024603 -0.2332837
vn 0 -0.6554502 0.7552384
vn -0.9510986 0.2024603 0.2332837
vn 0 0.6554502 0.7552384
vn -0.9510986 -0.2024603 0.2332837
vn 0 -0.6632471 0.7484005
vn 0 0.6632471 0.7484005
vn 0.9690636 0.1636968 0.1847136
vn 0.9690636 -0.1636968 0.1847136
vn 0 -0.6632471 -0.7484005
vn 0.9690636 0.1636968 -0.1847136
vn 0 0.6632471 -0.7484005
vn 0.9690636 -0.1636968 -0.1847136
vn 0 -0.6981663 0.7159357
vn 0 0.6981663 0.7159357
vn 0.8995575 0.3049605 0.3127223
vn 0.8995575 -0.3049605 0.3127223
vn 0 -0.6981663 -0.7159357
vn 0.8995575 0.3049605 -0.3127223
vn 0 0.6981663 -0.7159357
vn 0.8995575 -0.3049605 -0.3127223
g gallop_model_0
f 3/3/3 2/2/2 1/1/1
f 2/2/2 5/5/5 4/4/4
f 6/6/6 4/4/4 5/5/5
f 7/7/7 6/6/6 5/5/5
f 6/6/6 7/7/7 8/8/8
f 7/7/7 9/9/9 8/8/8
f 5/5/5 10/10/10 7/7/7
f 11/11/11 8/8/8 9/9/9
f 10/10/10 12/12/12 7/7/7
f 7/7/7 12/12/12 9/9/9
f 12/12/12 13/13/13 9/9/9
f 14/14/14 12/12/12 10/10/10
f 12/12/12 14/14/14 13/13/13
f 15/15/15 14/14/14 10/10/10
f 14/14/14 16/16/16 13/13/13
f 16/16/16 17/17/17 13/13/13
f 18/18/18 11/11/11 9/9/9
f 11/11/11 18/18/18 19/19/19
f 17/17/17 20/20/20 13/13/13
f 20/20/20 21/21/21 13/13/13
f 17/17/17 22/22/22 20/20/20
f 22/22/22 23/23/23 20/20/20
f 20/20/20 23/23/23 21/21/21
f 23/23/23 24/24/24 21/21/21
f 24/24/24 25/25/25 21/21/21
f 25/25/25 26/26/26 21/21/21
f 21/21/21 26/26/26 27/27/27
f 21/21/21 28/28/28 13/13/13
f 28/28/28 21/21/21 27/27/27
f 9/9/9 13/13/13 28/28/28
f 27/27/27 29/29/29 28/28/28
f 28/28/28 30/30/30 9/9/9
f 29/29/29 30/30/30 28/28/28
f 9/9/9 30/30/30 18/18/18
f 31/31/31 30/30/30 29/29/29
f 18/18/18 30/30/30 32/32/32
f 30/30/30 31/31/31 32/32/32
f 18/18/18 32/32/32 19/19/19
f 31/31/31 33/33/33 32/32/32
f 31/31/31 34/34/34 33/33/33
f 34/34/34 35/35/35 33/33/33
f 33/33/33 35/35/35 36/36/36
f 32/32/32 37/37/37 19/19/19
f 32/32/32 33/33/33 37/37/37
f 37/37/37 38/38/38 19/19/19
f 39/39/39 38/38/38 37/37/37
f 40/40/40 39/39/39 37/37/37
f 33/33/33 41/41/41 37/37/37
f 40/40/40 37/37/37 41/41/41
f 41/41/41 33/33/33 36/36/36
f 42/42/42 40/40/40 41/41/41
f 42/42/42 41/41/41 36/36/36
f 43/43/43 42/42/42 36/36/36
f 46/46/46 45/45/45 44/44/44
f 48/48/48 47/47/47 44/44/44
f 47/47/47 49/49/49 44/44/44
f 49/49/49 50/50/50 44/44/44
f 49/49/49 52/52/52 51/51/51
f 53/53/53 49/49/49 51/51/51
f 55/55/55 53/53/53 54/54/54
f 56/56/56 55/55/55 54/54/54
f 58/58/58 56/56/56 57/57/57
f 59/59/59 58/58/58 57/57/57
f 60/60/60 59/59/59 57/57/57
f 61/61/61 60/60/60 44/44/44
f 62/62/62 60/60/60 57/57/57
f 60/60/60 62/62/62 44/44/44
f 63/63/63 44/44/44 62/62/62
f 66/66/66 65/65/65 64/64/64
f 67/67/67 66/66/66 64/64/64
f 67/67/67 64/64/64 68/68/68
f 69/69/69 67/67/67 68/68/68
f 72/72/72 71/71/71 70/70/70
f 73/73/73 72/72/72 70/70/70
f 73/73/73 70/70/70 74/74/74
f 72/72/72 73/73/73 74/74/74
f 70/70/70 75/75/75 74/74/74
f 76/76/76 72/72/72 74/74/74
f 75/75/75 77/77/77 74/74/74
f 76/76/76 74/74/74 78/78/78
f 77/77/77 78/78/78 74/74/74
f 79/79/79 76/76/76 78/78/78
f 79/79/79 78/78/78 80/80/80
f 81/81/81 78/78/78 77/77/77
f 78/78/78 81/81/81 80/80/80
f 82/82/82 81/81/81 77/77/77
f 83/83/83 80/80/80 81/81/81
f 82/82/82 83/83/83 81/81/81
f 86/86/86 85/85/85 84/84/84
f 87/87/87 86/86/86 84/84/84
f 88/88/88 86/86/86 87/87/87
f 87/87/87 84/84/84 89/89/89
f 84/84/84 90/90/90 89/89/89
f 89/89/89 90/90/90 91/91/91
f 92/92/92 88/88/88 87/87/87
f 93/93/93 88/88/88 92/92/92
f 87/87/87 89/89/89 94/94/94
f 92/92/92 87/87/87 94/94/94
f 95/95/95 93/93/93 92/92/92
f 96/96/96 93/93/93 95/95/95
f 92/92/92 94/94/94 97/97/97
f 97/97/97 94/94/94 89/89/89
f 95/95/95 92/92/92 97/97/97
f 98/98/98 89/89/89 91/91/91
f 98/98/98 97/97/97 89/89/89
f 99/99/99 96/96/96 95/95/95
f 96/96/96 99/99/99 100/100/100
f 99/99/99 101/101/101 100/100/100
f 99/99/99 95/95/95 102/102/102
f 99/99/99 102/102/102 101/101/101
f 95/95/95 97/97/97 102/102/102
f 102/102/102 103/103/103 101/101/101
f 97/97/97 104/104/104 102/102/102
f 97/97/97 98/98/98 104/104/104
f 102/102/102 105/105/105 103/103/103
f 104/104/104 105/105/105 102/102/102
f 105/105/105 106/106/106 103/103/103
f 107/107/107 106/106/106 105/105/105
f 108/108/108 107/107/107 105/105/105
f 108/108/108 105/105/105 104/104/104
f 108/108/108 109/109/109 107/107/107
f 109/109/109 110/110/110 107/107/107
f 111/111/111 109/109/109 108/108/108
f 112/112/112 111/111/111 108/108/108
f 112/112/112 108/108/108 104/104/104
f 113/113/113 111/111/111 112/112/112
f 112/112/112 104/104/104 114/114/114
f 98/98/98 114/114/114 104/104/104
f 115/115/115 113/113/113 112/112/112
f 115/115/115 112/112/112 114/114/114
f 115/115/115 114/114/114 98/98/98
f 116/116/116 113/113/113 115/115/115
f 117/117/117 115/115/115 98/98/98
f 117/117/117 116/116/116 115/115/115
f 117/117/117 98/98/98 91/91/91
f 118/118/118 116/116/116 117/117/117
f 119/119/119 117/117/117 91/91/91
f 119/119/119 118/118/118 117/117/117
f 122/122/122 121/121/121 120/120/120
f 121/121/121 123/123/123 120/120/120
f 124/124/124 123/123/123 121/121/121
f 125/125/125 124/124/124 121/121/121
f 124/124/124 125/125/125 126/126/126
f 127/127/127 124/124/124 126/126/126
f 130/130/130 129/129/129 128/128/128
f 129/129/129 131/131/131 128/128/128
f 128/128/128 131/131/131 132/132/132
f 133/133/133 131/131/131 129/129/129
f 134/134/134 133/133/133 129/129/129
f 133/133/133 134/134/134 135/135/135
f 136/136/136 133/133/133 135/135/135
f 137/137/137 133/133/133 136/136/136
f 133/133/133 137/137/137 131/131/131
f 138/138/138 137/137/137 136/136/136
f 139/139/139 137/137/137 138/138/138
f 137/137/137 139/139/139 131/131/131
f 140/140/140 139/139/139 138/138/138
f 131/131/131 141/141/141 132/132/132
f 141/141/141 131/131/131 139/139/139
f 132/132/132 141/141/141 142/142/142
f 141/141/141 143/143/143 142/142/142
f 143/143/143 141/141/141 139/139/139
f 142/142/142 143/143/143 144/144/144
f 145/145/145 139/139/139 140/140/140
f 143/143/143 139/139/139 145/145/145
f 146/146/146 145/145/145 140/140/140
f 146/146/146 147/147/147 145/145/145
f 147/147/147 148/148/148 145/145/145
f 143/143/143 149/149/149 144/144/144
f 149/149/149 143/143/143 145/145/145
f 149/149/149 145/145/145 148/148/148
f 144/144/144 149/149/149 150/150/150
f 151/151/151 149/149/149 148/148/148
f 149/149/149 151/151/151 150/150/150
f 154/154/154 153/153/153 152/152/152
f 155/155/155 154/154/154 152/152/152
f 158/158/158 157/157/157 156/156/156
f 159/159/159 158/158/158 156/156/156
f 156/156/156 160/160/160 159/159/159
f 161/161/161 158/158/158 159/159/159
f 160/160/160 162/162/162 159/159/159
f 162/162/162 160/160/160 163/163/163
f 164/164/164 162/162/162 163/163/163
f 159/159/159 162/162/162 165/165/165
f 165/165/165 161/161/161 159/159/159
f 162/162/162 164/164/164 165/165/165
f 161/161/161 165/165/165 166/166/166
f 167/167/167 161/161/161 166/166/166
f 166/166/166 165/165/165 168/168/168
f 169/169/169 166/166/166 168/168/168
f 165/165/165 164/164/164 170/170/170
f 164/164/164 171/171/171 170/170/170
f 170/170/170 171/171/171 172/172/172
f 171/171/171 173/173/173 172/172/172
f 172/172/172 174/174/174 170/170/170
f 174/174/174 175/175/175 170/170/170
f 176/176/176 170/170/170 175/175/175
f 177/177/177 176/176/176 175/175/175
f 180/180/180 179/179/179 178/178/178
f 181/181/181 180/180/180 178/178/178
f 181/181/181 178/178/178 182/182/182
f 178/178/178 183/183/183 182/182/182
f 186/186/186 185/185/185 184/184/184
f 187/187/187 186/186/186 184/184/184
f 189/189/189 188/188/188 187/187/187
f 190/190/190 189/189/189 187/187/187
f 191/191/191 189/189/189 190/190/190
f 187/187/187 188/188/188 192/192/192
f 188/188/188 193/193/193 192/192/192
f 194/194/194 191/191/191 190/190/190
f 195/195/195 191/191/191 194/194/194
f 196/196/196 195/195/195 194/194/194
f 194/194/194 197/197/197 192/192/192
f 197/197/197 198/198/198 192/192/192
f 201/201/201 200/200/200 199/199/199
f 202/202/202 201/201/201 199/199/199
f 202/202/202 199/199/199 203/203/203
f 204/204/204 202/202/202 203/203/203
f 203/203/203 199/199/199 205/205/205
f 199/199/199 206/206/206 205/205/205
f 205/205/205 206/206/206 207/207/207
f 206/206/206 208/208/208 207/207/207
f 205/205/205 207/207/207 209/209/209
f 210/210/210 205/205/205 209/209/209
f 209/209/209 207/207/207 211/211/211
f 207/207/207 212/212/212 211/211/211
f 209/209/209 211/211/211 213/213/213
f 204/204/204 203/203/203 214/214/214
f 214/214/214 203/203/203 215/215/215
f 203/203/203 216/216/216 215/215/215
f 217/217/217 204/204/204 214/214/214
f 218/218/218 204/204/204 217/217/217
f 219/219/219 218/218/218 217/217/217
f 220/220/220 219/219/219 217/217/217
f 221/221/221 219/219/219 220/220/220
f 222/222/222 221/221/221 220/220/220
f 225/225/225 224/224/224 223/223/223
f 226/226/226 225/225/225 223/223/223
f 229/229/229 228/228/228 227/227/227
f 230/230/230 229/229/229 227/227/227
f 229/229/229 230/230/230 231/231/231
f 232/232/232 229/229/229 231/231/231
f 227/227/227 234/234/234 233/233/233
f 235/235/235 227/227/227 233/233/233
f 238/238/238 237/237/237 236/236/236
f 237/237/237 239/239/239 236/236/236
f 236/236/236 239/239/239 240/240/240
f 239/239/239 241/241/241 240/240/240
f 240/240/240 241/241/241 242/242/242
f 241/241/241 243/243/243 242/242/242
f 239/239/239 244/244/244 241/241/241
f 244/244/244 245/245/245 241/241/241
f 248/248/248 247/247/247 246/246/246
f 247/247/247 249/249/249 246/246/246
f 247/247/247 250/250/250 249/249/249
f 250/250/250 251/251/251 249/249/249
f 254/254/254 253/253/253 252/252/252
f 255/255/255 254/254/254 252/252/252
f 255/255/255 252/252/252 256/256/256
f 257/257/257 254/254/254 255/255/255
f 258/258/258 255/255/255 256/256/256
f 258/258/258 257/257/257 255/255/255
f 258/258/258 256/256/256 259/259/259
f 260/260/260 258/258/258 259/259/259
f 258/258/258 260/260/260 257/257/257
f 260/260/260 261/261/261 257/257/257
f 260/260/260 262/262/262 261/261/261
f 262/262/262 263/263/263 261/261/261
f 266/266/266 265/265/265 264/264/264
f 267/267/267 266/266/266 264/264/264
f 266/266/266 269/269/269 268/268/268
f 269/269/269 270/270/270 268/268/268
f 272/272/272 271/271/271 270/270/270
f 273/273/273 272/272/272 270/270/270
f 276/276/276 275/275/275 274/274/274
f 275/275/275 277/277/277 274/274/274
f 275/275/275 278/278/278 277/277/277
f 278/278/278 279/279/279 277/277/277
f 280/280/280 274/274/274 277/277/277
f 279/279/279 280/280/280 277/277/277
f 279/279/279 281/281/281 280/280/280
f 281/281/281 282/282/282 280/280/280
f 281/281/281 283/283/283 282/282/282
f 283/283/283 284/284/284 282/282/282
f 287/287/287 286/286/286 285/285/285
f 286/286/286 288/288/288 285/285/285
f 289/289/289 285/285/285 288/288/288
f 286/286/286 290/290/290 288/288/288
f 291/291/291 289/289/289 288/288/288
f 289/289/289 291/291/291 292/292/292
f 291/291/291 293/293/293 292/292/292
f 291/291/291 288/288/288 294/294/294
f 290/290/290 294/294/294 288/288/288
f 293/293/293 291/291/291 294/294/294
f 294/294/294 290/290/290 295/295/295
f 290/290/290 296/296/296 295/295/295
f 294/294/294 295/295/295 297/297/297
f 295/295/295 298/298/298 297/297/297
f 293/293/293 294/294/294 299/299/299
f 300/300/300 293/293/293 299/299/299
f 300/300/300 299/299/299 301/301/301
f 302/302/302 300/300/300 301/301/301
f 303/303/303 301/301/301 299/299/299
f 304/304/304 303/303/303 299/299/299
f 299/299/299 305/305/305 304/304/304
f 305/305/305 306/306/306 304/304/304
f 309/309/309 308/308/308 307/307/307
f 308/308/308 310/310/310 307/307/307
f 307/307/307 310/310/310 311/311/311
f 312/312/312 307/307/307 311/311/311
f 315/315/315 314/314/314 313/313/313
f 314/314/314 316/316/316 313/313/313
f 318/318/318 317/317/317 316/316/316
f 319/319/319 318/318/318 316/316/316
f 318/318/318 320/320/320 317/317/317
f 319/319/319 316/316/316 321/321/321
f 322/322/322 319/319/319 321/321/321
f 320/320/320 323/323/323 317/317/317
f 320/320/320 324/324/324 323/323/323
f 324/324/324 325/325/325 323/323/323
f 326/326/326 323/323/323 321/321/321
f 327/327/327 326/326/326 321/321/321
f 330/330/330 329/329/329 328/328/328
f 329/329/329 331/331/331 328/328/328
f 328/328/328 331/331/331 332/332/332
f 331/331/331 333/333/333 332/332/332
f 328/328/328 332/332/332 334/334/334
f 335/335/335 328/328/328 334/334/334
f 335/335/335 334/334/334 336/336/336
f 337/337/337 335/335/335 336/336/336
f 336/336/336 334/334/334 338/338/338
f 334/334/334 339/339/339 338/338/338
f 336/336/336 338/338/338 340/340/340
f 341/341/341 336/336/336 340/340/340
f 340/340/340 338/338/338 342/342/342
f 332/332/332 333/333/333 343/343/343
f 332/332/332 343/343/343 344/344/344
f 345/345/345 332/332/332 344/344/344
f 333/333/333 346/346/346 343/343/343
f 333/333/333 347/347/347 346/346/346
f 347/347/347 348/348/348 346/346/346
f 348/348/348 349/349/349 346/346/346
f 348/348/348 350/350/350 349/349/349
f 350/350/350 351/351/351 349/349/349
f 354/354/354 353/353/353 352/352/352
f 355/355/355 354/354/354 352/352/352
f 358/358/358 357/357/357 356/356/356
f 357/357/357 359/359/359 356/356/356
f 359/359/359 357/357/357 360/360/360
f 357/357/357 361/361/361 360/360/360
f 356/356/356 363/363/363 362/362/362
f 364/364/364 356/356/356 362/362/362
f 367/367/367 366/366/366 365/365/365
f 368/368/368 367/367/367 365/365/365
f 368/368/368 365/365/365 369/369/369
f 370/370/370 368/368/368 369/369/369
f 370/370/370 369/369/369 371/371/371
f 372/372/372 370/370/370 371/371/371
f 373/373/373 368/368/368 370/370/370
f 374/374/374 373/373/373 370/370/370
f 377/377/377 376/376/376 375/375/375
f 378/378/378 377/377/377 375/375/375
f 379/379/379 377/377/377 378/378/378
f 380/380/380 379/379/379 378/378/378
f 383/383/383 382/382/382 381/381/381
f 382/382/382 384/384/384 381/381/381
f 381/381/381 384/384/384 385/385/385
f 382/382/382 386/386/386 384/384/384
f 384/384/384 387/387/387 385/385/385
f 386/386/386 387/387/387 384/384/384
f 385/385/385 387/387/387 388/388/388
f 387/387/387 389/389/389 388/388/388
f 389/389/389 387/387/387 386/386/386
f 390/390/390 389/389/389 386/386/386
f 391/391/391 389/389/389 390/390/390
f 392/392/392 391/391/391 390/390/390
f 395/395/395 394/394/394 393/393/393
f 396/396/396 395/395/395 393/393/393
f 398/398/398 395/395/395 397/397/397
f 399/399/399 398/398/398 397/397/397
f 401/401/401 400/400/400 399/399/399
f 402/402/402 401/401/401 399/399/399
f 405/405/405 404/404/404 403/403/403
f 406/406/406 405/405/405 403/403/403
f 407/407/407 405/405/405 406/406/406
f 408/408/408 407/407/407 406/406/406
f 403/403/403 409/409/409 406/406/406
f 409/409/409 408/408/408 406/406/406
f 410/410/410 408/408/408 409/409/409
f 411/411/411 410/410/410 409/409/409
f 412/412/412 410/410/410 411/411/411
f 413/413/413 412/412/412 411/411/411
f 416/416/416 415/415/415 414/414/414
f 415/415/415 417/417/417 414/414/414
f 414/414/414 417/417/417 418/418/418
f 417/417/417 419/419/419 418/418/418
f 422/422/422 421/421/421 420/420/420
f 421/421/421 423/423/423 420/420/420
f 420/420/420 423/423/423 424/424/424
f 423/423/423 421/421/421 424/424/424
f 425/425/425 420/420/420 424/424/424
f 421/421/421 426/426/426 424/424/424
f 427/427/427 425/425/425 424/424/424
f 424/424/424 426/426/426 428/428/428
f 428/428/428 427/427/427 424/424/424
f 426/426/426 429/429/429 428/428/428
f 428/428/428 429/429/429 430/430/430
f 428/428/428 431/431/431 427/427/427
f 431/431/431 428/428/428 430/430/430
f 431/431/431 432/432/432 427/427/427
f 430/430/430 433/433/433 431/431/431
f 433/433/433 432/432/432 431/431/431
f 436/436/436 435/435/435 434/434/434
f 435/435/435 437/437/437 434/434/434
f 435/435/435 438/438/438 437/437/437
f 434/434/434 437/437/437 439/439/439
f 440/440/440 434/434/434 439/439/439
f 440/440/440 439/439/439 441/441/441
f 438/438/438 442/442/442 437/437/437
f 438/438/438 443/443/443 442/442/442
f 439/439/439 437/437/437 444/444/444
f 437/437/437 442/442/442 444/444/444
f 443/443/443 445/445/445 442/442/442
f 443/443/443 446/446/446 445/445/445
f 444/444/444 442/442/442 447/447/447
f 444/444/444 447/447/447 439/439/439
f 442/442/442 445/445/445 447/447/447
f 439/439/439 448/448/448 441/441/441
f 447/447/447 448/448/448 439/439/439
f 446/446/446 449/449/449 445/445/445
f 449/449/449 446/446/446 450/450/450
f 451/451/451 449/449/449 450/450/450
f 445/445/445 449/449/449 452/452/452
f 452/452/452 449/449/449 451/451/451
f 447/447/447 445/445/445 452/452/452
f 453/453/453 452/452/452 451/451/451
f 454/454/454 447/447/447 452/452/452
f 448/448/448 447/447/447 454/454/454
f 455/455/455 452/452/452 453/453/453
f 455/455/455 454/454/454 452/452/452
f 456/456/456 455/455/455 453/453/453
f 456/456/456 457/457/457 455/455/455
f 457/457/457 458/458/458 455/455/455
f 455/455/455 458/458/458 454/454/454
f 459/459/459 458/458/458 457/457/457
f 460/460/460 459/459/459 457/457/457
f 459/459/459 461/461/461 458/458/458
f 461/461/461 462/462/462 458/458/458
f 458/458/458 462/462/462 454/454/454
f 461/461/461 463/463/463 462/462/462
f 454/454/454 462/462/462 464/464/464
f 464/464/464 448/448/448 454/454/454
f 463/463/463 465/465/465 462/462/462
f 462/462/462 465/465/465 464/464/464
f 464/464/464 465/465/465 448/448/448
f 463/463/463 466/466/466 465/465/465
f 465/465/465 467/467/467 448/448/448
f 466/466/466 467/467/467 465/465/465
f 448/448/448 467/467/467 441/441/441
f 466/466/466 468/468/468 467/467/467
f 467/467/467 469/469/469 441/441/441
f 468/468/468 469/469/469 467/467/467
f 472/472/472 471/471/471 470/470/470
f 473/473/473 472/472/472 470/470/470
f 473/473/473 474/474/474 472/472/472
f 474/474/474 475/475/475 472/472/472
f 475/475/475 474/474/474 476/476/476
f 474/474/474 477/477/477 476/476/476
f 480/480/480 479/479/479 478/478/478
f 481/481/481 480/480/480 478/478/478
f 481/481/481 478/478/478 482/482/482
f 481/481/481 483/483/483 480/480/480
f 483/483/483 484/484/484 480/480/480
f 484/484/484 483/483/483 485/485/485
f 483/483/483 486/486/486 485/485/485
f 483/483/483 487/487/487 486/486/486
f 487/487/487 483/483/483 481/481/481
f 487/487/487 488/488/488 486/486/486
f 487/487/487 489/489/489 488/488/488
f 489/489/489 487/487/487 481/481/481
f 489/489/489 490/490/490 488/488/488
f 491/491/491 481/481/481 482/482/482
f 481/481/481 491/491/491 489/489/489
f 491/491/491 482/482/482 492/492/492
f 493/493/493 491/491/491 492/492/492
f 491/491/491 493/493/493 489/489/489
f 493/493/493 492/492/492 494/494/494
f 489/489/489 495/495/495 490/490/490
f 489/489/489 493/493/493 495/495/495
f 495/495/495 496/496/496 490/490/490
f 497/497/497 496/496/496 495/495/495
f 498/498/498 497/497/497 495/495/495
f 499/499/499 493/493/493 494/494/494
f 493/493/493 499/499/499 495/495/495
f 495/495/495 499/499/499 498/498/498
f 499/499/499 494/494/494 500/500/500
f 499/499/499 501/501/501 498/498/498
f 501/501/501 499/499/499 500/500/500
f 504/504/504 503/503/503 502/502/502
f 505/505/505 504/504/504 502/502/502
f 508/508/508 507/507/507 506/506/506
f 509/509/509 508/508/508 506/506/506
f 509/509/509 506/506/506 510/510/510
f 506/506/506 511/511/511 510/510/510
f 510/510/510 511/511/511 512/512/512
f 511/511/511 513/513/513 512/512/512
f 514/514/514 512/512/512 513/513/513
f 515/515/515 514/514/514 513/513/513
f 514/514/514 515/515/515 516/516/516
f 515/515/515 517/517/517 516/516/516
f 520/520/520 519/519/519 518/518/518
f 521/521/521 520/520/520 518/518/518
f 521/521/521 518/518/518 522/522/522
f 523/523/523 521/521/521 522/522/522
f 520/520/520 521/521/521 524/524/524
f 525/525/525 520/520/520 524/524/524
f 521/521/521 523/523/523 526/526/526
f 524/524/524 521/521/521 526/526/526
f 526/526/526 523/523/523 527/527/527
f 528/528/528 526/526/526 527/527/527
f 525/525/525 524/524/524 529/529/529
f 530/530/530 525/525/525 529/529/529
f 528/528/528 531/531/531 526/526/526
f 531/531/531 528/528/528 532/532/532
f 524/524/524 526/526/526 533/533/533
f 529/529/529 524/524/524 533/533/533
f 531/531/531 533/533/533 526/526/526
f 530/530/530 529/529/529 534/534/534
f 535/535/535 530/530/530 534/534/534
f 529/529/529 533/533/533 536/536/536
f 534/534/534 529/529/529 536/536/536
f 531/531/531 537/537/537 533/533/533
f 537/537/537 536/536/536 533/533/533
f 538/538/538 537/537/537 531/531/531
f 539/539/539 538/538/538 531/531/531
f 540/540/540 531/531/531 532/532/532
f 535/535/535 534/534/534 541/541/541
f 541/541/541 534/534/534 542/542/542
f 534/534/534 536/536/536 542/542/542
f 543/543/543 535/535/535 541/541/541
f 535/535/535 543/543/543 544/544/544
f 543/543/543 545/545/545 544/544/544
f 546/546/546 542/542/542 536/536/536
f 537/537/537 546/546/546 536/536/536
f 547/547/547 546/546/546 537/537/537
f 548/548/548 547/547/547 537/537/537
f 548/548/548 549/549/549 547/547/547
f 548/548/548 540/540/540 549/549/549
f 549/549/549 550/550/550 547/547/547
f 550/550/550 549/549/549 551/551/551
f 540/540/540 552/552/552 549/549/549
f 540/540/540 532/532/532 552/552/552
f 549/549/549 553/553/553 551/551/551
f 549/549/549 552/552/552 553/553/553
f 554/554/554 551/551/551 553/553/553
f 555/555/555 554/554/554 553/553/553
f 555/555/555 553/553/553 556/556/556
f 552/552/552 556/556/556 553/553/553
f 557/557/557 555/555/555 556/556/556
f 557/557/557 556/556/556 558/558/558
f 532/532/532 559/559/559 552/552/552
f 552/552/552 559/559/559 556/556/556
f 556/556/556 560/560/560 558/558/558
f 559/559/559 560/560/560 556/556/556
f 558/558/558 560/560/560 561/561/561
f 560/560/560 562/562/562 561/561/561
f 563/563/563 562/562/562 560/560/560
f 559/559/559 563/563/563 560/560/560
f 532/532/532 564/564/564 559/559/559
f 564/564/564 563/563/563 559/559/559
f 532/532/532 565/565/565 564/564/564
f 566/566/566 563/563/563 564/564/564
f 565/565/565 567/567/567 564/564/564
f 567/567/567 566/566/566 564/564/564
f 570/570/570 569/569/569 568/568/568
f 571/571/571 570/570/570 568/568/568
f 570/570/570 573/573/573 572/572/572
f 573/573/573 574/574/574 572/572/572
f 571/571/571 576/576/576 575/575/575
f 576/576/576 577/577/577 575/575/575
f 580/580/580 579/579/579 578/578/578
f 579/579/579 581/581/581 578/578/578
f 582/582/582 578/578/578 581/581/581
f 583/583/583 582/582/582 581/581/581
f 581/581/581 579/579/579 584/584/584
f 583/583/583 581/581/581 584/584/584
f 579/579/579 585/585/585 584/584/584
f 584/584/584 585/585/585 586/586/586
f 587/587/587 583/583/583 584/584/584
f 588/588/588 584/584/584 586/586/586
f 587/587/587 584/584/584 588/588/588
f 589/589/589 587/587/587 588/588/588
f 592/592/592 591/591/591 590/590/590
f 591/591/591 593/593/593 590/590/590
f 593/593/593 591/591/591 594/594/594
f 595/595/595 593/593/593 594/594/594
f 596/596/596 595/595/595 594/594/594
f 594/594/594 591/591/591 597/597/597
f 594/594/594 597/597/597 598/598/598
f 597/597/597 599/599/599 598/598/598
f 597/597/597 591/591/591 600/600/600
f 601/601/601 597/597/597 600/600/600
f 601/601/601 600/600/600 602/602/602
f 603/603/603 601/601/601 602/602/602
f 601/601/601 603/603/603 604/604/604
f 603/603/603 605/605/605 604/604/604
f 605/605/605 603/603/603 606/606/606
f 606/606/606 603/603/603 602/602/602
f 607/607/607 605/605/605 606/606/606
f 602/602/602 600/600/600 608/608/608
f 602/602/602 608/608/608 609/609/609
f 609/609/609 608/608/608 610/610/610
f 600/600/600 611/611/611 608/608/608
f 608/608/608 612/612/612 610/610/610
f 608/608/608 611/611/611 612/612/612
f 611/611/611 613/613/613 612/612/612
f 616/616/616 615/615/615 614/614/614
f 617/617/617 616/616/616 614/614/614
f 617/617/617 614/614/614 618/618/618
f 617/617/617 619/619/619 616/616/616
f 619/619/619 620/620/620 616/616/616
f 620/620/620 619/619/619 621/621/621
f 619/619/619 622/622/622 621/621/621
f 622/622/622 619/619/619 617/617/617
f 623/623/623 617/617/617 618/618/618
f 623/623/623 618/618/618 624/624/624
f 625/625/625 617/617/617 623/623/623
f 625/625/625 623/623/623 624/624/624
f 625/625/625 622/622/622 617/617/617
f 625/625/625 624/624/624 626/626/626
f 622/622/622 625/625/625 626/626/626
f 621/621/621 622/622/622 627/627/627
f 628/628/628 621/621/621 627/627/627
f 628/628/628 627/627/627 629/629/629
f 630/630/630 628/628/628 629/629/629
f 631/631/631 629/629/629 627/627/627
f 630/630/630 629/629/629 631/631/631
f 632/632/632 630/630/630 631/631/631
f 633/633/633 631/631/631 627/627/627
f 633/633/633 634/634/634 631/631/631
f 637/637/637 636/636/636 635/635/635
f 638/638/638 637/637/637 635/635/635
f 638/638/638 635/635/635 639/639/639
f 640/640/640 638/638/638 639/639/639
f 641/641/641 637/637/637 638/638/638
f 642/642/642 638/638/638 640/640/640
f 642/642/642 641/641/641 638/638/638
f 642/642/642 640/640/640 643/643/643
f 640/640/640 644/644/644 643/643/643
f 643/643/643 644/644/644 645/645/645
f 643/643/643 645/645/645 646/646/646
f 645/645/645 647/647/647 646/646/646
f 647/647/647 648/648/648 646/646/646
f 649/649/649 648/648/648 647/647/647
f 637/637/637 649/649/649 647/647/647
f 641/641/641 649/649/649 637/637/637
f 649/649/649 641/641/641 650/650/650
f 641/641/641 651/651/651 650/650/650
f 641/641/641 642/642/642 651/651/651
f 642/642/642 652/652/652 651/651/651
f 655/655/655 654/654/654 653/653/653
f 656/656/656 655/655/655 653/653/653
f 655/655/655 656/656/656 657/657/657
f 656/656/656 658/658/658 657/657/657
f 658/658/658 659/659/659 657/657/657
f 655/655/655 657/657/657 660/660/660
f 660/660/660 657/657/657 661/661/661
f 662/662/662 660/660/660 661/661/661
f 655/655/655 660/660/660 663/663/663
f 660/660/660 664/664/664 663/663/663
f 663/663/663 664/664/664 665/665/665
f 664/664/664 666/666/666 665/665/665
f 666/666/666 664/664/664 667/667/667
f 668/668/668 666/666/666 667/667/667
f 666/666/666 668/668/668 669/669/669
f 666/666/666 669/669/669 665/665/665
f 668/668/668 670/670/670 669/669/669
f 663/663/663 665/665/665 671/671/671
f 671/671/671 665/665/665 672/672/672
f 671/671/671 672/672/672 673/673/673
f 674/674/674 663/663/663 671/671/671
f 675/675/675 671/671/671 673/673/673
f 674/674/674 671/671/671 675/675/675
f 676/676/676 674/674/674 675/675/675
f 679/679/679 678/678/678 677/677/677
f 678/678/678 680/680/680 677/677/677
f 677/677/677 680/680/680 681/681/681
f 682/682/682 680/680/680 678/678/678
f 683/683/683 682/682/682 678/678/678
f 682/682/682 683/683/683 684/684/684
f 685/685/685 682/682/682 684/684/684
f 682/682/682 685/685/685 680/680/680
f 680/680/680 686/686/686 681/681/681
f 681/681/681 686/686/686 687/687/687
f 680/680/680 688/688/688 686/686/686
f 686/686/686 688/688/688 687/687/687
f 685/685/685 688/688/688 680/680/680
f 687/687/687 688/688/688 689/689/689
f 688/688/688 685/685/685 689/689/689
f 685/685/685 684/684/684 690/690/690
f 684/684/684 691/691/691 690/690/690
f 690/690/690 691/691/691 692/692/692
f 691/691/691 693/693/693 692/692/692
f 692/692/692 694/694/694 690/690/690
f 692/692/692 693/693/693 694/694/694
f 693/693/693 695/695/695 694/694/694
f 694/694/694 696/696/696 690/690/690
f 697/697/697 696/696/696 694/694/694
f 700/700/700 699/699/699 698/698/698
f 699/699/699 701/701/701 698/698/698
f 698/698/698 701/701/701 702/702/702
f 701/701/701 703/703/703 702/702/702
f 699/699/699 704/704/704 701/701/701
f 701/701/701 705/705/705 703/703/703
f 704/704/704 705/705/705 701/701/701
f 703/703/703 705/705/705 706/706/706
f 707/707/707 703/703/703 706/706/706
f 707/707/707 706/706/706 708/708/708
f 708/708/708 706/706/706 709/709/709
f 710/710/710 708/708/708 709/709/709
f 711/711/711 710/710/710 709/709/709
f 711/711/711 712/712/712 710/710/710
f 712/712/712 699/699/699 710/710/710
f 712/712/712 704/704/704 699/699/699
f 704/704/704 712/712/712 713/713/713
f 714/714/714 704/704/704 713/713/713
f 705/705/705 704/704/704 714/714/714
f 715/715/715 705/705/705 714/714/714
f 718/718/718 717/717/717 716/716/716
f 717/717/717 719/719/719 716/716/716
f 716/716/716 719/719/719 720/720/720
f 721/721/721 716/716/716 720/720/720
f 721/721/721 720/720/720 722/722/722
f 723/723/723 721/721/721 722/722/722
f 722/722/722 724/724/724 723/723/723
f 724/724/724 725/725/725 723/723/723
f 725/725/725 724/724/724 726/726/726
f 727/727/727 725/725/725 726/726/726
f 730/730/730 729/729/729 728/728/728
f 729/729/729 731/731/731 728/728/728
f 728/728/728 731/731/731 732/732/732
f 731/731/731 733/733/733 732/732/732
f 733/733/733 731/731/731 734/734/734
f 733/733/733 734/734/734 735/735/735
f 734/734/734 736/736/736 735/735/735
f 731/731/731 729/729/729 737/737/737
f 731/731/731 737/737/737 734/734/734
f 729/729/729 738/738/738 737/737/737
f 737/737/737 738/738/738 739/739/739
f 740/740/740 737/737/737 739/739/739
f 734/734/734 737/737/737 740/740/740
f 740/740/740 739/739/739 741/741/741
f 742/742/742 736/736/736 734/734/734
f 736/736/736 742/742/742 743/743/743
f 744/744/744 734/734/734 740/740/740
f 744/744/744 742/742/742 734/734/734
f 744/744/744 740/740/740 745/745/745
f 745/745/745 740/740/740 741/741/741
f 744/744/744 746/746/746 742/742/742
f 746/746/746 744/744/744 745/745/745
f 745/745/745 741/741/741 747/747/747
f 741/741/741 748/748/748 747/747/747
f 749/749/749 748/748/748 741/741/741
f 750/750/750 749/749/749 741/741/741
f 745/745/745 747/747/747 751/751/751
f 746/746/746 745/745/745 751/751/751
f 746/746/746 751/751/751 752/752/752
f 746/746/746 752/752/752 742/742/742
f 751/751/751 753/753/753 752/752/752
f 742/742/742 752/752/752 754/754/754
f 752/752/752 755/755/755 754/754/754
f 752/752/752 753/753/753 756/756/756
f 753/753/753 757/757/757 756/756/756
f 758/758/758 756/756/756 757/757/757
f 759/759/759 758/758/758 757/757/757
f 758/758/758 759/759/759 760/760/760
f 758/758/758 761/761/761 756/756/756
f 761/761/761 762/762/762 756/756/756
f 742/742/742 762/762/762 743/743/743
f 763/763/763 743/743/743 762/762/762
f 761/761/761 763/763/763 762/762/762
f 764/764/764 743/743/743 763/763/763
f 765/765/765 743/743/743 764/764/764
f 766/766/766 765/765/765 764/764/764
f 767/767/767 766/766/766 764/764/764
f 768/768/768 767/767/767 764/764/764
f 768/768/768 764/764/764 763/763/763
f 768/768/768 763/763/763 769/769/769
f 769/769/769 763/763/763 761/761/761
f 770/770/770 768/768/768 769/769/769
f 770/770/770 769/769/769 771/771/771
f 769/769/769 772/772/772 771/771/771
f 773/773/773 769/769/769 761/761/761
f 769/769/769 773/773/773 772/772/772
f 773/773/773 761/761/761 758/758/758
f 773/773/773 774/774/774 772/772/772
f 775/775/775 773/773/773 758/758/758
f 773/773/773 775/775/775 774/774/774
f 775/775/775 758/758/758 760/760/760
f 775/775/775 776/776/776 774/774/774
f 775/775/775 760/760/760 776/776/776
f 760/760/760 777/777/777 776/776/776
f 780/780/780 779/779/779 778/778/778
f 779/779/779 781/781/781 778/778/778
f 783/783/783 781/781/781 782/782/782
f 784/784/784 783/783/783 782/782/782
f 786/786/786 785/785/785 779/779/779
f 787/787/787 786/786/786 779/779/779
f 790/790/790 789/789/789 788/788/788
f 791/791/791 790/790/790 788/788/788
f 788/788/788 792/792/792 791/791/791
f 792/792/792 793/793/793 791/791/791
f 790/790/790 791/791/791 794/794/794
f 791/791/791 793/793/793 794/794/794
f 795/795/795 790/790/790 794/794/794
f 795/795/795 794/794/794 796/796/796
f 793/793/793 797/797/797 794/794/794
f 794/794/794 798/798/798 796/796/796
f 794/794/794 797/797/797 798/798/798
f 797/797/797 799/799/799 798/798/798
f 802/802/802 801/801/801 800/800/800
f 801/801/801 803/803/803 800/800/800
f 801/801/801 804/804/804 803/803/803
f 804/804/804 805/805/805 803/803/803
f 804/804/804 806/806/806 805/805/805
f 806/806/806 807/807/807 805/805/805
f 810/810/810 809/809/809 808/808/808
f 809/809/809 811/811/811 808/808/808
f 809/809/809 812/812/812 811/811/811
f 812/812/812 813/813/813 811/811/811
f 816/816/816 815/815/815 814/814/814
f 817/817/817 816/816/816 814/814/814
f 816/816/816 817/817/817 818/818/818
f 817/817/817 819/819/819 818/818/818
f 818/818/818 819/819/819 820/820/820
f 819/819/819 821/821/821 820/820/820
f 822/822/822 820/820/820 821/821/821
f 823/823/823 822/822/822 821/821/821
f 824/824/824 822/822/822 823/823/823
f 825/825/825 824/824/824 823/823/823
f 824/824/824 825/825/825 826/826/826
f 825/825/825 827/827/827 826/826/826
f 826/826/826 827/827/827 828/828/828
f 827/827/827 829/829/829 828/828/828
f 832/832/832 831/831/831 830/830/830
f 833/833/833 832/832/832 830/830/830
f 833/833/833 830/830/830 834/834/834
f 833/833/833 835/835/835 832/832/832
f 835/835/835 836/836/836 832/832/832
f 837/837/837 835/835/835 833/833/833
f 838/838/838 837/837/837 833/833/833
f 838/838/838 833/833/833 834/834/834
f 837/837/837 838/838/838 839/839/839
f 838/838/838 834/834/834 840/840/840
f 838/838/838 840/840/840 839/839/839
f 834/834/834 841/841/841 840/840/840
f 839/839/839 840/840/840 842/842/842
f 840/840/840 841/841/841 843/843/843
f 840/840/840 843/843/843 842/842/842
f 841/841/841 844/844/844 843/843/843
f 845/845/845 842/842/842 843/843/843
f 843/843/843 844/844/844 846/846/846
f 847/847/847 845/845/845 843/843/843
f 847/847/847 843/843/843 846/846/846
f 848/848/848 845/845/845 847/847/847
f 847/847/847 846/846/846 849/849/849
f 850/850/850 848/848/848 847/847/847
f 850/850/850 847/847/847 849/849/849
f 848/848/848 850/850/850 851/851/851
f 850/850/850 852/852/852 851/851/851
f 850/850/850 849/849/849 852/852/852
f 849/849/849 853/853/853 852/852/852
f 856/856/856 855/855/855 854/854/854
f 857/857/857 856/856/856 854/854/854
f 857/857/857 854/854/854 858/858/858
f 859/859/859 857/857/857 858/858/858
f 859/859/859 858/858/858 860/860/860
f 861/861/861 859/859/859 860/860/860
f 861/861/861 860/860/860 862/862/862
f 863/863/863 861/861/861 862/862/862
f 866/866/866 865/865/865 864/864/864
f 867/867/867 866/866/866 864/864/864
f 866/866/866 867/867/867 868/868/868
f 867/867/867 869/869/869 868/868/868
f 868/868/868 869/869/869 870/870/870
f 869/869/869 871/871/871 870/870/870
f 872/872/872 870/870/870 871/871/871
f 873/873/873 872/872/872 871/871/871
f 874/874/874 872/872/872 873/873/873
f 875/875/875 874/874/874 873/873/873
f 874/874/874 875/875/875 876/876/876
f 875/875/875 877/877/877 876/876/876
f 876/876/876 877/877/877 878/878/878
f 877/877/877 879/879/879 878/878/878
f 882/882/882 881/881/881 880/880/880
f 883/883/883 882/882/882 880/880/880
f 886/886/886 885/885/885 884/884/884
f 887/887/887 886/886/886 884/884/884
f 887/887/887 884/884/884 888/888/888
f 889/889/889 887/887/887 888/888/888
f 892/892/892 891/891/891 890/890/890
f 893/893/893 892/892/892 890/890/890
f 892/892/892 893/893/893 894/894/894
f 893/893/893 895/895/895 894/894/894
f 893/893/893 896/896/896 895/895/895
f 896/896/896 897/897/897 895/895/895
f 898/898/898 896/896/896 893/893/893
f 899/899/899 898/898/898 893/893/893
f 900/900/900 898/898/898 899/899/899
f 900/900/900 901/901/901 898/898/898
f 901/901/901 902/902/902 898/898/898
f 903/903/903 900/900/900 899/899/899
f 903/903/903 899/899/899 904/904/904
f 905/905/905 903/903/903 904/904/904
f 908/908/908 907/907/907 906/906/906
f 909/909/909 908/908/908 906/906/906
f 910/910/910 908/908/908 909/909/909
f 911/911/911 910/910/910 909/909/909
f 912/912/912 911/911/911 909/909/909
f 909/909/909 913/913/913 912/912/912
f 913/913/913 914/914/914 912/912/912
f 912/912/912 915/915/915 911/911/911
f 916/916/916 915/915/915 912/912/912
f 917/917/917 916/916/916 912/912/912
f 920/920/920 919/919/919 918/918/918
f 921/921/921 920/920/920 918/918/918
f 924/924/924 923/923/923 922/922/922
f 925/925/925 924/924/924 922/922/922
f 924/924/924 925/925/925 926/926/926
f 927/927/927 924/924/924 926/926/926
f 928/928/928 924/924/924 927/927/927
f 929/929/929 928/928/928 927/927/927
f 930/930/930 928/928/928 929/929/929
f 931/931/931 930/930/930 929/929/929
f 932/932/932 930/930/930 931/931/931
f 933/933/933 932/932/932 931/931/931
f 936/936/936 935/935/935 934/934/934
f 937/937/937 936/936/936 934/934/934
f 936/936/936 939/939/939 938/938/938
f 939/939/939 940/940/940 938/938/938
f 943/943/943 942/942/942 941/941/941
f 944/944/944 943/943/943 941/941/941
f 943/943/943 944/944/944 945/945/945
f 941/941/941 946/946/946 944/944/944
f 944/944/944 947/947/947 945/945/945
f 946/946/946 948/948/948 944/944/944
f 944/944/944 948/948/948 947/947/947
f 948/948/948 946/946/946 949/949/949
f 948/948/948 950/950/950 947/947/947
f 950/950/950 948/948/948 949/949/949
f 953/953/953 952/952/952 951/951/951
f 952/952/952 954/954/954 951/951/951
f 952/952/952 955/955/955 954/954/954
f 955/955/955 956/956/956 954/954/954
f 959/959/959 958/958/958 957/957/957
f 960/960/960 959/959/959 957/957/957
f 963/963/963 962/962/962 961/961/961
f 962/962/962 964/964/964 961/961/961
f 964/964/964 965/965/965 961/961/961
f 965/965/965 966/966/966 961/961/961
f 962/962/962 967/967/967 964/964/964
f 968/968/968 967/967/967 962/962/962
f 969/969/969 968/968/968 962/962/962
f 967/967/967 970/970/970 964/964/964
f 971/971/971 968/968/968 969/969/969
f 970/970/970 972/972/972 964/964/964
f 972/972/972 973/973/973 964/964/964
f 974/974/974 972/972/972 970/970/970
f 971/971/971 974/974/974 970/970/970
f 975/975/975 974/974/974 971/971/971
f 976/976/976 975/975/975 971/971/971
f 976/976/976 971/971/971 969/969/969
f 976/976/976 969/969/969 977/977/977
f 978/978/978 976/976/976 977/977/977
f 978/978/978 979/979/979 976/976/976
f 979/979/979 980/980/980 976/976/976
f 981/981/981 979/979/979 978/978/978
f 982/982/982 981/981/981 978/978/978
f 979/979/979 981/981/981 983/983/983
f 980/980/980 979/979/979 983/983/983
f 983/983/983 984/984/984 980/980/980
f 984/984/984 985/985/985 980/980/980
f 988/988/988 987/987/987 986/986/986
f 987/987/987 989/989/989 986/986/986
f 987/987/987 990/990/990 989/989/989
f 990/990/990 991/991/991 989/989/989
f 994/994/994 993/993/993 992/992/992
f 995/995/995 994/994/994 992/992/992
f 994/994/994 995/995/995 996/996/996
f 995/995/995 992/992/992 997/997/997
f 996/996/996 995/995/995 997/997/997
f 998/998/998 994/994/994 996/996/996
f 996/996/996 997/997/997 999/999/999
f 1000/1000/1000 998/998/998 996/996/996
f 1001/1001/1001 996/996/996 999/999/999
f 1000/1000/1000 996/996/996 1002/1002/1002
f 996/996/996 1001/1001/1001 1002/1002/1002
f 1001/1001/1001 1003/1003/1003 1002/1002/1002
f 1001/1001/1001 1004/1004/1004 1003/1003/1003
f 1004/1004/1004 1005/1005/1005 1003/1003/1003
f 1005/1005/1005 1004/1004/1004 1006/1006/1006
f 1004/1004/1004 1007/1007/1007 1006/1006/1006
f 1003/1003/1003 1008/1008/1008 1002/1002/1002
f 1008/1008/1008 1003/1003/1003 1009/1009/1009
f 1002/1002/1002 1008/1008/1008 1010/1010/1010
f 1003/1003/1003 1011/1011/1011 1009/1009/1009
f 1002/1002/1002 1010/1010/1010 1012/1012/1012
f 1010/1010/1010 1013/1013/1013 1012/1012/1012
f 1013/1013/1013 1014/1014/1014 1012/1012/1012
f 1002/1002/1002 1012/1012/1012 1015/1015/1015
f 1012/1012/1012 1016/1016/1016 1015/1015/1015
f 1016/1016/1016 1017/1017/1017 1015/1015/1015
f 1016/1016/1016 1018/1018/1018 1017/1017/1017
f 1018/1018/1018 1019/1019/1019 1017/1017/1017
f 1020/1020/1020 1009/1009/1009 1011/1011/1011
f 1021/1021/1021 1009/1009/1009 1020/1020/1020
f 1022/1022/1022 1021/1021/1021 1020/1020/1020
f 1022/1022/1022 1023/1023/1023 1021/1021/1021
f 1023/1023/1023 1024/1024/1024 1021/1021/1021
f 1025/1025/1025 1023/1023/1023 1022/1022/1022
f 1026/1026/1026 1025/1025/1025 1022/1022/1022
f 1027/1027/1027 1022/1022/1022 1020/1020/1020
f 1020/1020/1020 1011/1011/1011 1028/1028/1028
f 1020/1020/1020 1028/1028/1028 1029/1029/1029
f 1030/1030/1030 1027/1027/1027 1020/1020/1020
f 1028/1028/1028 1031/1031/1031 1029/1029/1029
f 1031/1031/1031 1032/1032/1032 1029/1029/1029
f 1031/1031/1031 1033/1033/1033 1032/1032/1032
f 1033/1033/1033 1034/1034/1034 1032/1032/1032
f 1011/1011/1011 1035/1035/1035 1028/1028/1028
f 1035/1035/1035 1036/1036/1036 1028/1028/1028
f 1037/1037/1037 1035/1035/1035 1011/1011/1011
f 1038/1038/1038 1037/1037/1037 1011/1011/1011
f 1030/1030/1030 1039/1039/1039 1027/1027/1027
f 1039/1039/1039 1040/1040/1040 1027/1027/1027
f 1040/1040/1040 1041/1041/1041 1027/1027/1027
f 1042/1042/1042 1040/1040/1040 1039/1039/1039
f 1043/1043/1043 1042/1042/1042 1039/1039/1039
f 1043/1043/1043 1039/1039/1039 1030/1030/1030
f 1044/1044/1044 1043/1043/1043 1030/1030/1030
f 1047/1047/1047 1046/1046/1046 1045/1045/1045
f 1048/1048/1048 1047/1047/1047 1045/1045/1045
f 1051/1051/1051 1050/1050/1050 1049/1049/1049
f 1052/1052/1052 1051/1051/1051 1049/1049/1049
f 1055/1055/1055 1054/1054/1054 1053/1053/1053
f 1054/1054/1054 1056/1056/1056 1053/1053/1053
f 1054/1054/1054 1057/1057/1057 1056/1056/1056
f 1057/1057/1057 1058/1058/1058 1056/1056/1056
f 1061/1061/1061 1060/1060/1060 1059/1059/1059
f 1060/1060/1060 1062/1062/1062 1059/1059/1059
f 1060/1060/1060 1063/1063/1063 1062/1062/1062
f 1063/1063/1063 1064/1064/1064 1062/1062/1062
f 1063/1063/1063 1065/1065/1065 1064/1064/1064
f 1065/1065/1065 1066/1066/1066 1064/1064/1064
f 1069/1069/1069 1068/1068/1068 1067/1067/1067
f 1070/1070/1070 1069/1069/1069 1067/1067/1067
f 1073/1073/1073 1072/1072/1072 1071/1071/1071
f 1074/1074/1074 1073/1073/1073 1071/1071/1071
f 1077/1077/1077 1076/1076/1076 1075/1075/1075
f 1078/1078/1078 1077/1077/1077 1075/1075/1075
f 1079/1079/1079 1077/1077/1077 1078/1078/1078
f 1080/1080/1080 1079/1079/1079 1078/1078/1078
f 1079/1079/1079 1080/1080/1080 1081/1081/1081
f 1080/1080/1080 1082/1082/1082 1081/1081/1081
f 1085/1085/1085 1084/1084/1084 1083/1083/1083
f 1086/1086/1086 1085/1085/1085 1083/1083/1083
f 1089/1089/1089 1088/1088/1088 1087/1087/1087
f 1090/1090/1090 1089/1089/1089 1087/1087/1087
f 1093/1093/1093 1092/1092/1092 1091/1091/1091
f 1094/1094/1094 1093/1093/1093 1091/1091/1091
f 1095/1095/1095 1093/1093/1093 1094/1094/1094
f 1096/1096/1096 1095/1095/1095 1094/1094/1094
f 1095/1095/1095 1096/1096/1096 1097/1097/1097
f 1096/1096/1096 1098/1098/1098 1097/1097/1097
f 1101/1101/1101 1100/1100/1100 1099/1099/1099
f 1102/1102/1102 1101/1101/1101 1099/1099/1099
f 1105/1105/1105 1104/1104/1104 1103/1103/1103
f 1106/1106/1106 1105/1105/1105 1103/1103/1103
f 1109/1109/1109 1108/1108/1108 1107/1107/1107
f 1110/1110/1110 1109/1109/1109 1107/1107/1107
f 1113/1113/1113 1112/1112/1112 1111/1111/1111
f 1114/1114/1114 1113/1113/1113 1111/1111/1111
f 1114/1114/1114 1111/1111/1111 1115/1115/1115
f 1113/1113/1113 1114/1114/1114 1116/1116/1116
f 1117/1117/1117 1114/1114/1114 1115/1115/1115
f 1114/1114/1114 1117/1117/1117 1116/1116/1116
f 1120/1120/1120 1119/1119/1119 1118/1118/1118
f 1121/1121/1121 1120/1120/1120 1118/1118/1118
f 1124/1124/1124 1123/1123/1123 1122/1122/1122
f 1125/1125/1125 1124/1124/1124 1122/1122/1122
f 1128/1128/1128 1127/1127/1127 1126/1126/1126
f 1129/1129/1129 1128/1128/1128 1126/1126/1126
f 1129/1129/1129 1126/1126/1126 1130/1130/1130
f 1128/1128/1128 1129/1129/1129 1131/1131/1131
f 1132/1132/1132 1129/1129/1129 1130/1130/1130
f 1129/1129/1129 1132/1132/1132 1131/1131/1131
f 1135/1135/1135 1134/1134/1134 1133/1133/1133
f 1136/1136/1136 1135/1135/1135 1133/1133/1133
f 1139/1139/1139 1138/1138/1138 1137/1137/1137
f 1140/1140/1140 1139/1139/1139 1137/1137/1137
f 1140/1140/1140 1137/1137/1137 1141/1141/1141
f 1140/1140/1140 1142/1142/1142 1139/1139/1139
f 1142/1142/1142 1140/1140/1140 1143/1143/1143
f 1142/1142/1142 1144/1144/1144 1139/1139/1139
f 1145/1145/1145 1142/1142/1142 1143/1143/1143
f 1146/1146/1146 1140/1140/1140 1141/1141/1141
f 1140/1140/1140 1146/1146/1146 1143/1143/1143
f 1143/1143/1143 1146/1146/1146 1147/1147/1147
f 1146/1146/1146 1141/1141/1141 1148/1148/1148
f 1146/1146/1146 1148/1148/1148 1147/1147/1147
f 1141/1141/1141 1149/1149/1149 1148/1148/1148
f 1150/1150/1150 1148/1148/1148 1149/1149/1149
f 1151/1151/1151 1150/1150/1150 1149/1149/1149
f 1151/1151/1151 1152/1152/1152 1150/1150/1150
f 2/2/2 1152/1152/1152 1151/1151/1151
f 1152/1152/1152 1153/1153/1153 1150/1150/1150
f 1148/1148/1148 1150/1150/1150 1154/1154/1154
f 1150/1150/1150 1153/1153/1153 1154/1154/1154
f 1147/1147/1147 1148/1148/1148 1154/1154/1154
f 1153/1153/1153 1155/1155/1155 1154/1154/1154
f 1154/1154/1154 1156/1156/1156 1147/1147/1147
f 1157/1157/1157 1145/1145/1145 1143/1143/1143
f 1158/1158/1158 1157/1157/1157 1143/1143/1143
f 1159/1159/1159 1145/1145/1145 1157/1157/1157
f 1160/1160/1160 1159/1159/1159 1157/1157/1157
f 1160/1160/1160 1157/1157/1157 1158/1158/1158
f 1160/1160/1160 1161/1161/1161 1159/1159/1159
f 1161/1161/1161 1162/1162/1162 1159/1159/1159
f 1163/1163/1163 1161/1161/1161 1160/1160/1160
f 1164/1164/1164 1163/1163/1163 1160/1160/1160
f 1164/1164/1164 1160/1160/1160 1158/1158/1158
f 1165/1165/1165 1163/1163/1163 1164/1164/1164
f 1166/1166/1166 1165/1165/1165 1164/1164/1164
f 1166/1166/1166 1164/1164/1164 1158/1158/1158
f 1167/1167/1167 1165/1165/1165 1166/1166/1166
f 1168/1168/1168 1167/1167/1167 1166/1166/1166
f 1168/1168/1168 1166/1166/1166 1158/1158/1158
f 1169/1169/1169 1167/1167/1167 1168/1168/1168
f 1170/1170/1170 1169/1169/1169 1168/1168/1168
f 1168/1168/1168 1158/1158/1158 1170/1170/1170
f 1171/1171/1171 1169/1169/1169 1170/1170/1170
f 1158/1158/1158 1172/1172/1172 1170/1170/1170
f 1172/1172/1172 1158/1158/1158 1143/1143/1143
f 1143/1143/1143 1147/1147/1147 1172/1172/1172
f 1173/1173/1173 1171/1171/1171 1170/1170/1170
f 1173/1173/1173 1170/1170/1170 1172/1172/1172
f 1174/1174/1174 1172/1172/1172 1147/1147/1147
f 1174/1174/1174 1173/1173/1173 1172/1172/1172
f 1171/1171/1171 1173/1173/1173 1175/1175/1175
f 1174/1174/1174 1175/1175/1175 1173/1173/1173
f 1176/1176/1176 1171/1171/1171 1175/1175/1175
f 1174/1174/1174 1147/1147/1147 1177/1177/1177
f 1156/1156/1156 1177/1177/1177 1147/1147/1147
f 1177/1177/1177 1156/1156/1156 1178/1178/1178
f 1174/1174/1174 1177/1177/1177 1179/1179/1179
f 1179/1179/1179 1177/1177/1177 1178/1178/1178
f 1175/1175/1175 1174/1174/1174 1179/1179/1179
f 1176/1176/1176 1175/1175/1175 1180/1180/1180
f 1181/1181/1181 1176/1176/1176 1180/1180/1180
f 1182/1182/1182 1181/1181/1181 1180/1180/1180
f 1183/1183/1183 1179/1179/1179 1178/1178/1178
f 1184/1184/1184 1183/1183/1183 1178/1178/1178
f 1185/1185/1185 1175/1175/1175 1179/1179/1179
f 1180/1180/1180 1175/1175/1175 1185/1185/1185
f 1185/1185/1185 1179/1179/1179 1183/1183/1183
f 1186/1186/1186 1182/1182/1182 1180/1180/1180
f 1186/1186/1186 1180/1180/1180 1185/1185/1185
f 1182/1182/1182 1186/1186/1186 1187/1187/1187
f 1186/1186/1186 1185/1185/1185 1187/1187/1187
f 1188/1188/1188 1182/1182/1182 1187/1187/1187
f 1184/1184/1184 1189/1189/1189 1183/1183/1183
f 1184/1184/1184 1190/1190/1190 1189/1189/1189
f 1190/1190/1190 1191/1191/1191 1189/1189/1189
f 1191/1191/1191 1192/1192/1192 1189/1189/1189
f 1192/1192/1192 1193/1193/1193 1189/1189/1189
f 1189/1189/1189 1193/1193/1193 1183/1183/1183
f 1192/1192/1192 1194/1194/1194 1193/1193/1193
f 1195/1195/1195 1185/1185/1185 1183/1183/1183
f 1183/1183/1183 1193/1193/1193 1195/1195/1195
f 1185/1185/1185 1195/1195/1195 1187/1187/1187
f 1194/1194/1194 1196/1196/1196 1193/1193/1193
f 1193/1193/1193 1196/1196/1196 1195/1195/1195
f 1195/1195/1195 1196/1196/1196 1187/1187/1187
f 1194/1194/1194 1197/1197/1197 1196/1196/1196
f 1188/1188/1188 1187/1187/1187 1198/1198/1198
f 1196/1196/1196 1198/1198/1198 1187/1187/1187
f 1197/1197/1197 1198/1198/1198 1196/1196/1196
f 1197/1197/1197 1188/1188/1188 1198/1198/1198
f 1201/1201/1201 1200/1200/1200 1199/1199/1199
f 1202/1202/1202 1201/1201/1201 1199/1199/1199
f 1199/1199/1199 1204/1204/1204 1203/1203/1203
f 1205/1205/1205 1199/1199/1199 1203/1203/1203
f 1208/1208/1208 1207/1207/1207 1206/1206/1206
f 1207/1207/1207 1209/1209/1209 1206/1206/1206
f 1207/1207/1207 1210/1210/1210 1209/1209/1209
f 1210/1210/1210 1211/1211/1211 1209/1209/1209
f 1210/1210/1210 1212/1212/1212 1211/1211/1211
f 1212/1212/1212 1213/1213/1213 1211/1211/1211
f 1216/1216/1216 1215/1215/1215 1214/1214/1214
f 1217/1217/1217 1216/1216/1216 1214/1214/1214
f 1220/1220/1220 1219/1219/1219 1218/1218/1218
f 1219/1219/1219 1221/1221/1221 1218/1218/1218
f 1221/1221/1221 1219/1219/1219 1222/1222/1222
f 1219/1219/1219 1223/1223/1223 1222/1222/1222
f 1219/1219/1219 1224/1224/1224 1223/1223/1223
f 1224/1224/1224 1225/1225/1225 1223/1223/1223
f 1224/1224/1224 1226/1226/1226 1225/1225/1225
f 1226/1226/1226 1227/1227/1227 1225/1225/1225
f 1226/1226/1226 1228/1228/1228 1227/1227/1227
f 1228/1228/1228 1229/1229/1229 1227/1227/1227
f 1232/1232/1232 1231/1231/1231 1230/1230/1230
f 1231/1231/1231 1233/1233/1233 1230/1230/1230
f 1230/1230/1230 1233/1233/1233 1234/1234/1234
f 1233/1233/1233 1235/1235/1235 1234/1234/1234
f 1238/1238/1238 1237/1237/1237 1236/1236/1236
f 1237/1237/1237 1239/1239/1239 1236/1236/1236
f 1239/1239/1239 1237/1237/1237 1240/1240/1240
f 1241/1241/1241 1239/1239/1239 1240/1240/1240
f 1242/1242/1242 1239/1239/1239 1241/1241/1241
f 1243/1243/1243 1242/1242/1242 1241/1241/1241
f 1242/1242/1242 1244/1244/1244 1239/1239/1239
f 1244/1244/1244 1245/1245/1245 1239/1239/1239
f 1244/1244/1244 1246/1246/1246 1245/1245/1245
f 1247/1247/1247 1246/1246/1246 1244/1244/1244
f 1248/1248/1248 1247/1247/1247 1244/1244/1244
f 1246/1246/1246 1249/1249/1249 1245/1245/1245
f 1245/1245/1245 1249/1249/1249 1250/1250/1250
f 1249/1249/1249 1251/1251/1251 1250/1250/1250
f 1254/1254/1254 1253/1253/1253 1252/1252/1252
f 1253/1253/1253 1255/1255/1255 1252/1252/1252
f 1253/1253/1253 1256/1256/1256 1255/1255/1255
f 1256/1256/1256 1257/1257/1257 1255/1255/1255
f 1257/1257/1257 1258/1258/1258 1255/1255/1255
f 1259/1259/1259 1255/1255/1255 1258/1258/1258
f 1260/1260/1260 1259/1259/1259 1258/1258/1258
f 1261/1261/1261 1258/1258/1258 1257/1257/1257
f 1261/1261/1261 1262/1262/1262 1258/1258/1258
f 1262/1262/1262 1263/1263/1263 1258/1258/1258
f 1266/1266/1266 1265/1265/1265 1264/1264/1264
f 1267/1267/1267 1266/1266/1266 1264/1264/1264
f 1267/1267/1267 1264/1264/1264 1268/1268/1268
f 1269/1269/1269 1266/1266/1266 1267/1267/1267
f 1270/1270/1270 1267/1267/1267 1268/1268/1268
f 1270/1270/1270 1269/1269/1269 1267/1267/1267
f 1270/1270/1270 1268/1268/1268 1271/1271/1271
f 1272/1272/1272 1270/1270/1270 1271/1271/1271
f 1270/1270/1270 1272/1272/1272 1269/1269/1269
f 1272/1272/1272 1273/1273/1273 1269/1269/1269
f 1272/1272/1272 1274/1274/1274 1273/1273/1273
f 1274/1274/1274 1275/1275/1275 1273/1273/1273
f 1275/1275/1275 1274/1274/1274 1276/1276/1276
f 1277/1277/1277 1275/1275/1275 1276/1276/1276
f 1276/1276/1276 1274/1274/1274 1278/1278/1278
f 1279/1279/1279 1276/1276/1276 1278/1278/1278
f 1276/1276/1276 1280/1280/1280 1277/1277/1277
f 1280/1280/1280 1281/1281/1281 1277/1277/1277
f 1277/1277/1277 1281/1281/1281 1282/1282/1282
f 1280/1280/1280 1276/1276/1276 1283/1283/1283
f 1284/1284/1284 1280/1280/1280 1283/1283/1283
f 1280/1280/1280 1284/1284/1284 1281/1281/1281
f 1285/1285/1285 1283/1283/1283 1276/1276/1276
f 1279/1279/1279 1285/1285/1285 1276/1276/1276
f 1284/1284/1284 1286/1286/1286 1281/1281/1281
f 1287/1287/1287 1285/1285/1285 1279/1279/1279
f 1286/1286/1286 1288/1288/1288 1281/1281/1281
f 1281/1281/1281 1289/1289/1289 1282/1282/1282
f 1288/1288/1288 1290/1290/1290 1281/1281/1281
f 1282/1282/1282 1289/1289/1289 1291/1291/1291
f 1289/1289/1289 1292/1292/1292 1291/1291/1291
f 1282/1282/1282 1291/1291/1291 1293/1293/1293
f 1287/1287/1287 1294/1294/1294 1288/1288/1288
f 1294/1294/1294 1287/1287/1287 1279/1279/1279
f 1294/1294/1294 1290/1290/1290 1288/1288/1288
f 1290/1290/1290 1294/1294/1294 1279/1279/1279
f 1295/1295/1295 1290/1290/1290 1279/1279/1279
f 1296/1296/1296 1290/1290/1290 1295/1295/1295
f 1295/1295/1295 1279/1279/1279 1297/1297/1297
f 1298/1298/1298 1296/1296/1296 1295/1295/1295
f 1299/1299/1299 1296/1296/1296 1298/1298/1298
f 1300/1300/1300 1299/1299/1299 1298/1298/1298
f 1301/1301/1301 1300/1300/1300 1298/1298/1298
f 1302/1302/1302 1300/1300/1300 1301/1301/1301
f 1303/1303/1303 1302/1302/1302 1301/1301/1301
f 1279/1279/1279 1278/1278/1278 1297/1297/1297
f 1304/1304/1304 1297/1297/1297 1278/1278/1278
f 1305/1305/1305 1304/1304/1304 1278/1278/1278
f 1306/1306/1306 1305/1305/1305 1278/1278/1278
f 1307/1307/1307 1306/1306/1306 1278/1278/1278
f 1305/1305/1305 1308/1308/1308 1304/1304/1304
f 1308/1308/1308 1309/1309/1309 1304/1304/1304
f 1308/1308/1308 1310/1310/1310 1309/1309/1309
f 1310/1310/1310 1311/1311/1311 1309/1309/1309
f 1314/1314/1314 1313/1313/1313 1312/1312/1312
f 1313/1313/1313 1315/1315/1315 1312/1312/1312
f 1315/1315/1315 1313/1313/1313 1316/1316/1316
f 1313/1313/1313 1317/1317/1317 1316/1316/1316
f 1313/1313/1313 1318/1318/1318 1317/1317/1317
f 1318/1318/1318 1319/1319/1319 1317/1317/1317
f 1319/1319/1319 1318/1318/1318 1320/1320/1320
f 1318/1318/1318 1321/1321/1321 1320/1320/1320
f 1324/1324/1324 1323/1323/1323 1322/1322/1322
f 1325/1325/1325 1324/1324/1324 1322/1322/1322
f 1325/1325/1325 1322/1322/1322 1326/1326/1326
f 1327/1327/1327 1325/1325/1325 1326/1326/1326
f 1330/1330/1330 1329/1329/1329 1328/1328/1328
f 1331/1331/1331 1330/1330/1330 1328/1328/1328
f 1331/1331/1331 1333/1333/1333 1332/1332/1332
f 1333/1333/1333 1334/1334/1334 1332/1332/1332
f 1335/1335/1335 1333/1333/1333 1331/1331/1331
f 1336/1336/1336 1335/1335/1335 1331/1331/1331
f 1337/1337/1337 1335/1335/1335 1336/1336/1336
f 1338/1338/1338 1337/1337/1337 1336/1336/1336
f 1339/1339/1339 1337/1337/1337 1338/1338/1338
f 1340/1340/1340 1339/1339/1339 1338/1338/1338
f 1340/1340/1340 1338/1338/1338 1341/1341/1341
f 1338/1338/1338 1342/1342/1342 1341/1341/1341
f 1345/1345/1345 1344/1344/1344 1343/1343/1343
f 1346/1346/1346 1345/1345/1345 1343/1343/1343
f 1345/1345/1345 1346/1346/1346 1347/1347/1347
f 1348/1348/1348 1345/1345/1345 1347/1347/1347
f 1343/1343/1343 1350/1350/1350 1349/1349/1349
f 1351/1351/1351 1343/1343/1343 1349/1349/1349
f 1354/1354/1354 1353/1353/1353 1352/1352/1352
f 1355/1355/1355 1354/1354/1354 1352/1352/1352
f 1354/1354/1354 1355/1355/1355 1356/1356/1356
f 1357/1357/1357 1354/1354/1354 1356/1356/1356
f 1356/1356/1356 1358/1358/1358 1357/1357/1357
f 1358/1358/1358 1359/1359/1359 1357/1357/1357
f 1358/1358/1358 1360/1360/1360 1359/1359/1359
f 1360/1360/1360 1361/1361/1361 1359/1359/1359
f 1362/1362/1362 1361/1361/1361 1360/1360/1360
f 1363/1363/1363 1362/1362/1362 1360/1360/1360
f 1360/1360/1360 1358/1358/1358 1364/1364/1364
f 1365/1365/1365 1360/1360/1360 1364/1364/1364
f 1358/1358/1358 1366/1366/1366 1364/1364/1364
f 1358/1358/1358 1367/1367/1367 1366/1366/1366
f 1367/1367/1367 1368/1368/1368 1366/1366/1366
f 1368/1368/1368 1369/1369/1369 1366/1366/1366
f 1364/1364/1364 1366/1366/1366 1370/1370/1370
f 1364/1364/1364 1370/1370/1370 1371/1371/1371
f 1370/1370/1370 1372/1372/1372 1371/1371/1371
f 1370/1370/1370 1366/1366/1366 1373/1373/1373
f 1374/1374/1374 1370/1370/1370 1373/1373/1373
f 1374/1374/1374 1373/1373/1373 1375/1375/1375
f 1375/1375/1375 1373/1373/1373 1376/1376/1376
f 1373/1373/1373 1377/1377/1377 1376/1376/1376
f 1378/1378/1378 1376/1376/1376 1377/1377/1377
f 1379/1379/1379 1378/1378/1378 1377/1377/1377
f 1378/1378/1378 1380/1380/1380 1376/1376/1376
f 1381/1381/1381 1374/1374/1374 1375/1375/1375
f 1374/1374/1374 1381/1381/1381 1382/1382/1382
f 1381/1381/1381 1383/1383/1383 1382/1382/1382
f 1383/1383/1383 1381/1381/1381 1384/1384/1384
f 1384/1384/1384 1381/1381/1381 1375/1375/1375
f 1385/1385/1385 1383/1383/1383 1384/1384/1384
f 1375/1375/1375 1376/1376/1376 1386/1386/1386
f 1375/1375/1375 1386/1386/1386 1387/1387/1387
f 1388/1388/1388 1386/1386/1386 1376/1376/1376
f 1389/1389/1389 1388/1388/1388 1376/1376/1376
f 1389/1389/1389 1376/1376/1376 1390/1390/1390
f 1380/1380/1380 1391/1391/1391 1376/1376/1376
f 1376/1376/1376 1391/1391/1391 1390/1390/1390
f 1380/1380/1380 1392/1392/1392 1391/1391/1391
f 1392/1392/1392 1393/1393/1393 1391/1391/1391
f 1391/1391/1391 1393/1393/1393 1390/1390/1390
f 1393/1393/1393 1394/1394/1394 1390/1390/1390
f 1397/1397/1397 1396/1396/1396 1395/1395/1395
f 1398/1398/1398 1397/1397/1397 1395/1395/1395
f 1401/1401/1401 1400/1400/1400 1399/1399/1399
f 1400/1400/1400 1402/1402/1402 1399/1399/1399
f 1399/1399/1399 1402/1402/1402 1403/1403/1403
f 1402/1402/1402 1404/1404/1404 1403/1403/1403
f 1403/1403/1403 1404/1404/1404 1405/1405/1405
f 1404/1404/1404 1406/1406/1406 1405/1405/1405
f 1402/1402/1402 1407/1407/1407 1404/1404/1404
f 1407/1407/1407 1408/1408/1408 1404/1404/1404
f 1411/1411/1411 1410/1410/1410 1409/1409/1409
f 1410/1410/1410 1412/1412/1412 1409/1409/1409
f 1410/1410/1410 1413/1413/1413 1412/1412/1412
f 1413/1413/1413 1414/1414/1414 1412/1412/1412
f 1417/1417/1417 1416/1416/1416 1415/1415/1415
f 1416/1416/1416 1418/1418/1418 1415/1415/1415
f 1416/1416/1416 1419/1419/1419 1418/1418/1418
f 1419/1419/1419 1420/1420/1420 1418/1418/1418
f 1422/1422/1422 1421/1421/1421 1420/1420/1420
f 1423/1423/1423 1422/1422/1422 1420/1420/1420
f 1426/1426/1426 1425/1425/1425 1424/1424/1424
f 1427/1427/1427 1426/1426/1426 1424/1424/1424
f 1427/1427/1427 1424/1424/1424 1428/1428/1428
f 1426/1426/1426 1427/1427/1427 1429/1429/1429
f 1430/1430/1430 1427/1427/1427 1428/1428/1428
f 1427/1427/1427 1430/1430/1430 1429/1429/1429
f 1430/1430/1430 1428/1428/1428 1431/1431/1431
f 1429/1429/1429 1430/1430/1430 1431/1431/1431
f 1434/1434/1434 1433/1433/1433 1432/1432/1432
f 1435/1435/1435 1434/1434/1434 1432/1432/1432
f 1438/1438/1438 1437/1437/1437 1436/1436/1436
f 1439/1439/1439 1438/1438/1438 1436/1436/1436
f 1439/1439/1439 1436/1436/1436 1440/1440/1440
f 1441/1441/1441 1438/1438/1438 1439/1439/1439
f 1442/1442/1442 1439/1439/1439 1440/1440/1440
f 1442/1442/1442 1441/1441/1441 1439/1439/1439
f 1442/1442/1442 1440/1440/1440 1443/1443/1443
f 1444/1444/1444 1442/1442/1442 1443/1443/1443
f 1442/1442/1442 1444/1444/1444 1441/1441/1441
f 1444/1444/1444 1445/1445/1445 1441/1441/1441
f 1444/1444/1444 1446/1446/1446 1445/1445/1445
f 1446/1446/1446 1447/1447/1447 1445/1445/1445
f 1447/1447/1447 1446/1446/1446 1448/1448/1448
f 1449/1449/1449 1447/1447/1447 1448/1448/1448
f 1448/1448/1448 1446/1446/1446 1450/1450/1450
f 1451/1451/1451 1448/1448/1448 1450/1450/1450
f 1451/1451/1451 1450/1450/1450 1452/1452/1452
f 1453/1453/1453 1451/1451/1451 1452/1452/1452
f 1454/1454/1454 1452/1452/1452 1450/1450/1450
f 1455/1455/1455 1454/1454/1454 1450/1450/1450
f 1456/1456/1456 1455/1455/1455 1450/1450/1450
f 1457/1457/1457 1456/1456/1456 1450/1450/1450
f 1455/1455/1455 1458/1458/1458 1454/1454/1454
f 1458/1458/1458 1459/1459/1459 1454/1454/1454
f 1458/1458/1458 1460/1460/1460 1459/1459/1459
f 1460/1460/1460 1461/1461/1461 1459/1459/1459
f 1464/1464/1464 1463/1463/1463 1462/1462/1462
f 1463/1463/1463 1465/1465/1465 1462/1462/1462
f 1463/1463/1463 1466/1466/1466 1465/1465/1465
f 1466/1466/1466 1467/1467/1467 1465/1465/1465
f 1463/1463/1463 1468/1468/1468 1466/1466/1466
f 1468/1468/1468 1469/1469/1469 1466/1466/1466
f 1469/1469/1469 1468/1468/1468 1470/1470/1470
f 1468/1468/1468 1471/1471/1471 1470/1470/1470
f 1474/1474/1474 1473/1473/1473 1472/1472/1472
f 1475/1475/1475 1474/1474/1474 1472/1472/1472
f 1476/1476/1476 1475/1475/1475 1472/1472/1472
f 1476/1476/1476 1472/1472/1472 1477/1477/1477
f 1480/1480/1480 1479/1479/1479 1478/1478/1478
f 1481/1481/1481 1480/1480/1480 1478/1478/1478
f 1480/1480/1480 1481/1481/1481 1482/1482/1482
f 1483/1483/1483 1480/1480/1480 1482/1482/1482
f 1478/1478/1478 1485/1485/1485 1484/1484/1484
f 1486/1486/1486 1478/1478/1478 1484/1484/1484
f 1489/1489/1489 1488/1488/1488 1487/1487/1487
f 1490/1490/1490 1489/1489/1489 1487/1487/1487
f 1490/1490/1490 1491/1491/1491 1489/1489/1489
f 1491/1491/1491 1492/1492/1492 1489/1489/1489
f 1489/1489/1489 1492/1492/1492 1493/1493/1493
f 1492/1492/1492 1494/1494/1494 1493/1493/1493
f 1493/1493/1493 1494/1494/1494 1495/1495/1495
f 1494/1494/1494 1496/1496/1496 1495/1495/1495
f 1495/1495/1495 1496/1496/1496 1497/1497/1497
f 1496/1496/1496 1498/1498/1498 1497/1497/1497
f 1500/1500/1500 1495/1495/1495 1499/1499/1499
f 1501/1501/1501 1500/1500/1500 1499/1499/1499
f 1504/1504/1504 1503/1503/1503 1502/1502/1502
f 1505/1505/1505 1504/1504/1504 1502/1502/1502
f 1504/1504/1504 1505/1505/1505 1506/1506/1506
f 1507/1507/1507 1504/1504/1504 1506/1506/1506
f 1508/1508/1508 1504/1504/1504 1507/1507/1507
f 1507/1507/1507 1506/1506/1506 1509/1509/1509
f 1506/1506/1506 1510/1510/1510 1509/1509/1509
f 1511/1511/1511 1508/1508/1508 1507/1507/1507
f 1512/1512/1512 1508/1508/1508 1511/1511/1511
f 1513/1513/1513 1512/1512/1512 1511/1511/1511
f 1514/1514/1514 1513/1513/1513 1511/1511/1511
f 1515/1515/1515 1513/1513/1513 1514/1514/1514
f 1516/1516/1516 1515/1515/1515 1514/1514/1514
f 1519/1519/1519 1518/1518/1518 1517/1517/1517
f 1520/1520/1520 1519/1519/1519 1517/1517/1517
f 1519/1519/1519 1520/1520/1520 1521/1521/1521
f 1522/1522/1522 1519/1519/1519 1521/1521/1521
f 1523/1523/1523 1519/1519/1519 1522/1522/1522
f 1524/1524/1524 1523/1523/1523 1522/1522/1522
f 1525/1525/1525 1523/1523/1523 1524/1524/1524
f 1526/1526/1526 1525/1525/1525 1524/1524/1524
f 1527/1527/1527 1525/1525/1525 1526/1526/1526
f 1528/1528/1528 1527/1527/1527 1526/1526/1526
f 1528/1528/1528 1526/1526/1526 1529/1529/1529
f 1530/1530/1530 1528/1528/1528 1529/1529/1529
f 1529/1529/1529 1526/1526/1526 1531/1531/1531
f 1526/1526/1526 1532/1532/1532 1531/1531/1531
f 1532/1532/1532 1526/1526/1526 1533/1533/1533
f 1526/1526/1526 1524/1524/1524 1533/1533/1533
f 1533/1533/1533 1524/1524/1524 1534/1534/1534
f 1534/1534/1534 1524/1524/1524 1522/1522/1522
f 1535/1535/1535 1533/1533/1533 1534/1534/1534
f 1536/1536/1536 1522/1522/1522 1521/1521/1521
f 1537/1537/1537 1536/1536/1536 1521/1521/1521
f 1537/1537/1537 1521/1521/1521 1538/1538/1538
f 1539/1539/1539 1537/1537/1537 1538/1538/1538
f 1540/1540/1540 1522/1522/1522 1536/1536/1536
f 1540/1540/1540 1534/1534/1534 1522/1522/1522
f 1541/1541/1541 1540/1540/1540 1536/1536/1536
f 1541/1541/1541 1542/1542/1542 1540/1540/1540
f 1542/1542/1542 1543/1543/1543 1540/1540/1540
f 1542/1542/1542 1544/1544/1544 1543/1543/1543
f 1544/1544/1544 1545/1545/1545 1543/1543/1543
f 1546/1546/1546 1542/1542/1542 1541/1541/1541
f 1547/1547/1547 1546/1546/1546 1541/1541/1541
f 1548/1548/1548 1547/1547/1547 1541/1541/1541
f 1550/1550/1550 1549/1549/1549 1534/1534/1534
f 1549/1549/1549 1551/1551/1551 1534/1534/1534
f 1534/1534/1534 1551/1551/1551 1535/1535/1535
f 1549/1549/1549 1552/1552/1552 1551/1551/1551
f 1551/1551/1551 1553/1553/1553 1535/1535/1535
f 1552/1552/1552 1554/1554/1554 1551/1551/1551
f 1551/1551/1551 1554/1554/1554 1553/1553/1553
f 1554/1554/1554 1552/1552/1552 1555/1555/1555
f 1554/1554/1554 1555/1555/1555 1553/1553/1553
f 1552/1552/1552 1556/1556/1556 1555/1555/1555
f 1535/1535/1535 1553/1553/1553 1557/1557/1557
f 1553/1553/1553 1558/1558/1558 1557/1557/1557
f 1535/1535/1535 1557/1557/1557 1559/1559/1559
f 1559/1559/1559 1557/1557/1557 1560/1560/1560
f 1557/1557/1557 1561/1561/1561 1560/1560/1560
f 1564/1564/1564 1563/1563/1563 1562/1562/1562
f 1563/1563/1563 1565/1565/1565 1562/1562/1562
f 1562/1562/1562 1565/1565/1565 1566/1566/1566
f 1565/1565/1565 1567/1567/1567 1566/1566/1566
f 1567/1567/1567 1568/1568/1568 1566/1566/1566
f 1568/1568/1568 1569/1569/1569 1566/1566/1566
f 1566/1566/1566 1569/1569/1569 1570/1570/1570
f 1569/1569/1569 1571/1571/1571 1570/1570/1570
f 1570/1570/1570 1571/1571/1571 1572/1572/1572
f 1570/1570/1570 1572/1572/1572 1573/1573/1573
f 1572/1572/1572 1574/1574/1574 1573/1573/1573
f 1577/1577/1577 1576/1576/1576 1575/1575/1575
f 1576/1576/1576 1578/1578/1578 1575/1575/1575
f 1575/1575/1575 1578/1578/1578 1579/1579/1579
f 1580/1580/1580 1579/1579/1579 1578/1578/1578
f 1575/1575/1575 1579/1579/1579 1581/1581/1581
f 1575/1575/1575 1581/1581/1581 1582/1582/1582
f 1585/1585/1585 1584/1584/1584 1583/1583/1583
f 1584/1584/1584 1586/1586/1586 1583/1583/1583
f 1583/1583/1583 1586/1586/1586 1587/1587/1587
f 1586/1586/1586 1588/1588/1588 1587/1587/1587
f 1587/1587/1587 1588/1588/1588 1589/1589/1589
f 1588/1588/1588 1590/1590/1590 1589/1589/1589
f 1586/1586/1586 1591/1591/1591 1588/1588/1588
f 1591/1591/1591 1592/1592/1592 1588/1588/1588
f 1595/1595/1595 1594/1594/1594 1593/1593/1593
f 1594/1594/1594 1596/1596/1596 1593/1593/1593
f 1594/1594/1594 1597/1597/1597 1596/1596/1596
f 1597/1597/1597 1598/1598/1598 1596/1596/1596
f 1601/1601/1601 1600/1600/1600 1599/1599/1599
f 1600/1600/1600 1602/1602/1602 1599/1599/1599
f 1600/1600/1600 1603/1603/1603 1602/1602/1602
f 1603/1603/1603 1604/1604/1604 1602/1602/1602
f 1603/1603/1603 1606/1606/1606 1605/1605/1605
f 1606/1606/1606 1607/1607/1607 1605/1605/1605
f 1610/1610/1610 1609/1609/1609 1608/1608/1608
f 1609/1609/1609 1610/1610/1610 1611/1611/1611
f 1612/1612/1612 1609/1609/1609 1611/1611/1611
f 1613/1613/1613 1612/1612/1612 1611/1611/1611
f 1616/1616/1616 1615/1615/1615 1614/1614/1614
f 1617/1617/1617 1616/1616/1616 1614/1614/1614
f 1617/1617/1617 1614/1614/1614 1618/1618/1618
f 1616/1616/1616 1617/1617/1617 1619/1619/1619
f 1620/1620/1620 1617/1617/1617 1618/1618/1618
f 1617/1617/1617 1620/1620/1620 1619/1619/1619
f 1620/1620/1620 1618/1618/1618 1621/1621/1621
f 1619/1619/1619 1620/1620/1620 1621/1621/1621
f 1624/1624/1624 1623/1623/1623 1622/1622/1622
f 1625/1625/1625 1624/1624/1624 1622/1622/1622
f 1628/1628/1628 1627/1627/1627 1626/1626/1626
f 1627/1627/1627 1629/1629/1629 1626/1626/1626
f 1627/1627/1627 1630/1630/1630 1629/1629/1629
f 1630/1630/1630 1631/1631/1631 1629/1629/1629
f 1634/1634/1634 1633/1633/1633 1632/1632/1632
f 1635/1635/1635 1634/1634/1634 1632/1632/1632
f 1638/1638/1638 1637/1637/1637 1636/1636/1636
f 1639/1639/1639 1638/1638/1638 1636/1636/1636
f 1642/1642/1642 1641/1641/1641 1640/1640/1640
f 1643/1643/1643 1642/1642/1642 1640/1640/1640
f 1646/1646/1646 1645/1645/1645 1644/1644/1644
f 1645/1645/1645 1647/1647/1647 1644/1644/1644
f 1645/1645/1645 1648/1648/1648 1647/1647/1647
f 1648/1648/1648 1649/1649/1649 1647/1647/1647
f 1652/1652/1652 1651/1651/1651 1650/1650/1650
f 1653/1653/1653 1652/1652/1652 1650/1650/1650
f 1656/1656/1656 1655/1655/1655 1654/1654/1654
f 1657/1657/1657 1656/1656/1656 1654/1654/1654
f 1660/1660/1660 1659/1659/1659 1658/1658/1658
f 1661/1661/1661 1660/1660/1660 1658/1658/1658
f 1662/1662/1662 1660/1660/1660 1661/1661/1661
f 1663/1663/1663 1662/1662/1662 1661/1661/1661
f 1666/1666/1666 1665/1665/1665 1664/1664/1664
f 1667/1667/1667 1666/1666/1666 1664/1664/1664
f 1670/1670/1670 1669/1669/1669 1668/1668/1668
f 1671/1671/1671 1670/1670/1670 1668/1668/1668
f 1674/1674/1674 1673/1673/1673 1672/1672/1672
f 1675/1675/1675 1674/1674/1674 1672/1672/1672
f 1678/1678/1678 1677/1677/1677 1676/1676/1676
f 1679/1679/1679 1678/1678/1678 1676/1676/1676
f 1680/1680/1680 1678/1678/1678 1679/1679/1679
f 1681/1681/1681 1680/1680/1680 1679/1679/1679
f 1684/1684/1684 1683/1683/1683 1682/1682/1682
f 1685/1685/1685 1684/1684/1684 1682/1682/1682
f 1688/1688/1688 1687/1687/1687 1686/1686/1686
f 1689/1689/1689 1688/1688/1688 1686/1686/1686
f 1692/1692/1692 1691/1691/1691 1690/1690/1690
f 1693/1693/1693 1692/1692/1692 1690/1690/1690
f 1693/1693/1693 1694/1694/1694 1692/1692/1692
f 1694/1694/1694 1695/1695/1695 1692/1692/1692
f 1694/1694/1694 1696/1696/1696 1695/1695/1695
f 1696/1696/1696 1697/1697/1697 1695/1695/1695
f 1700/1700/1700 1699/1699/1699 1698/1698/1698
f 1701/1701/1701 1700/1700/1700 1698/1698/1698
f 1701/1701/1701 1702/1702/1702 1700/1700/1700
f 1702/1702/1702 1703/1703/1703 1700/1700/1700
f 1702/1702/1702 1704/1704/1704 1703/1703/1703
f 1704/1704/1704 1705/1705/1705 1703/1703/1703
f 1708/1708/1708 1707/1707/1707 1706/1706/1706
f 1707/1707/1707 1709/1709/1709 1706/1706/1706
f 1706/1706/1706 1709/1709/1709 1710/1710/1710
f 1711/1711/1711 1706/1706/1706 1710/1710/1710
f 1711/1711/1711 1710/1710/1710 1712/1712/1712
f 1713/1713/1713 1711/1711/1711 1712/1712/1712
f 1713/1713/1713 1712/1712/1712 1714/1714/1714
f 1712/1712/1712 1715/1715/1715 1714/1714/1714
f 1714/1714/1714 1715/1715/1715 1716/1716/1716
f 1715/1715/1715 1717/1717/1717 1716/1716/1716
f 1720/1720/1720 1719/1719/1719 1718/1718/1718
f 1721/1721/1721 1720/1720/1720 1718/1718/1718
f 1721/1721/1721 1722/1722/1722 1720/1720/1720
f 1722/1722/1722 1723/1723/1723 1720/1720/1720
f 1722/1722/1722 1724/1724/1724 1723/1723/1723
f 1724/1724/1724 1725/1725/1725 1723/1723/1723
f 1728/1728/1728 1727/1727/1727 1726/1726/1726
f 1729/1729/1729 1728/1728/1728 1726/1726/1726
f 1729/1729/1729 1730/1730/1730 1728/1728/1728
f 1730/1730/1730 1731/1731/1731 1728/1728/1728
f 1730/1730/1730 1732/1732/1732 1731/1731/1731
f 1732/1732/1732 1733/1733/1733 1731/1731/1731
f 1736/1736/1736 1735/1735/1735 1734/1734/1734
f 1735/1735/1735 1737/1737/1737 1734/1734/1734
f 1734/1734/1734 1737/1737/1737 1738/1738/1738
f 1739/1739/1739 1734/1734/1734 1738/1738/1738
f 1739/1739/1739 1738/1738/1738 1740/1740/1740
f 1741/1741/1741 1739/1739/1739 1740/1740/1740
f 1741/1741/1741 1740/1740/1740 1742/1742/1742
f 1740/1740/1740 1743/1743/1743 1742/1742/1742
f 1742/1742/1742 1743/1743/1743 1744/1744/1744
f 1743/1743/1743 1745/1745/1745 1744/1744/1744
f 1748/1748/1748 1747/1747/1747 1746/1746/1746
f 1749/1749/1749 1748/1748/1748 1746/1746/1746
f 1752/1752/1752 1751/1751/1751 1750/1750/1750
f 1753/1753/1753 1752/1752/1752 1750/1750/1750
f 1756/1756/1756 1755/1755/1755 1754/1754/1754
f 1757/1757/1757 1756/1756/1756 1754/1754/1754
f 1760/1760/1760 1759/1759/1759 1758/1758/1758
f 1761/1761/1761 1760/1760/1760 1758/1758/1758
f 1764/1764/1764 1763/1763/1763 1762/1762/1762
f 1765/1765/1765 1764/1764/1764 1762/1762/1762
f 1768/1768/1768 1767/1767/1767 1766/1766/1766
f 1769/1769/1769 1768/1768/1768 1766/1766/1766
f 1772/1772/1772 1771/1771/1771 1770/1770/1770
f 1773/1773/1773 1772/1772/1772 1770/1770/1770
f 1776/1776/1776 1775/1775/1775 1774/1774/1774
f 1777/1777/1777 1776/1776/1776 1774/1774/1774
f 1780/1780/1780 1779/1779/1779 1778/1778/1778
f 1781/1781/1781 1780/1780/1780 1778/1778/1778
f 1784/1784/1784 1783/1783/1783 1782/1782/1782
f 1785/1785/1785 1784/1784/1784 1782/1782/1782
f 1788/1788/1788 1787/1787/1787 1786/1786/1786
f 1789/1789/1789 1788/1788/1788 1786/1786/1786
f 1792/1792/1792 1791/1791/1791 1790/1790/1790
f 1793/1793/1793 1792/1792/1792 1790/1790/1790
f 1796/1796/1796 1795/1795/1795 1794/1794/1794
f 1797/1797/1797 1796/1796/1796 1794/1794/1794
f 1800/1800/1800 1799/1799/1799 1798/1798/1798
f 1801/1801/1801 1800/1800/1800 1798/1798/1798
f 1804/1804/1804 1803/1803/1803 1802/1802/1802
f 1805/1805/1805 1804/1804/1804 1802/1802/1802
f 1808/1808/1808 1807/1807/1807 1806/1806/1806
f 1809/1809/1809 1808/1808/1808 1806/1806/1806
f 1812/1812/1812 1811/1811/1811 1810/1810/1810
f 1813/1813/1813 1812/1812/1812 1810/1810/1810
f 1816/1816/1816 1815/1815/1815 1814/1814/1814
f 1817/1817/1817 1816/1816/1816 1814/1814/1814
f 1820/1820/1820 1819/1819/1819 1818/1818/1818
f 1821/1821/1821 1820/1820/1820 1818/1818/1818
f 1824/1824/1824 1823/1823/1823 1822/1822/1822
f 1825/1825/1825 1824/1824/1824 1822/1822/1822
f 1828/1828/1828 1827/1827/1827 1826/1826/1826
f 1829/1829/1829 1828/1828/1828 1826/1826/1826
f 1832/1832/1832 1831/1831/1831 1830/1830/1830
f 1833/1833/1833 1832/1832/1832 1830/1830/1830
f 1836/1836/1836 1835/1835/1835 1834/1834/1834
f 1837/1837/1837 1836/1836/1836 1834/1834/1834
f 1840/1840/1840 1839/1839/1839 1838/1838/1838
f 1841/1841/1841 1840/1840/1840 1838/1838/1838
f 1844/1844/1844 1843/1843/1843 1842/1842/1842
f 1845/1845/1845 1844/1844/1844 1842/1842/1842
f 1848/1848/1848 1847/1847/1847 1846/1846/1846
f 1849/1849/1849 1848/1848/1848 1846/1846/1846
f 1852/1852/1852 1851/1851/1851 1850/1850/1850
f 1853/1853/1853 1852/1852/1852 1850/1850/1850
f 1856/1856/1856 1855/1855/1855 1854/1854/1854
f 1857/1857/1857 1856/1856/1856 1854/1854/1854
f 1860/1860/1860 1859/1859/1859 1858/1858/1858
f 1861/1861/1861 1860/1860/1860 1858/1858/1858
f 1864/1864/1864 1863/1863/1863 1862/1862/1862
f 1865/1865/1865 1864/1864/1864 1862/1862/1862
f 1868/1868/1868 1867/1867/1867 1866/1866/1866
f 1869/1869/1869 1868/1868/1868 1866/1866/1866
f 1872/1872/1872 1871/1871/1871 1870/1870/1870
f 1873/1873/1873 1872/1872/1872 1870/1870/1870
f 1876/1876/1876 1875/1875/1875 1874/1874/1874
f 1877/1877/1877 1876/1876/1876 1874/1874/1874
f 1880/1880/1880 1879/1879/1879 1878/1878/1878
f 1881/1881/1881 1880/1880/1880 1878/1878/1878
f 1884/1884/1884 1883/1883/1883 1882/1882/1882
f 1885/1885/1885 1884/1884/1884 1882/1882/1882
f 1888/1888/1888 1887/1887/1887 1886/1886/1886
f 1889/1889/1889 1888/1888/1888 1886/1886/1886
f 1892/1892/1892 1891/1891/1891 1890/1890/1890
f 1893/1893/1893 1892/1892/1892 1890/1890/1890
f 1896/1896/1896 1895/1895/1895 1894/1894/1894
f 1897/1897/1897 1896/1896/1896 1894/1894/1894
f 1900/1900/1900 1899/1899/1899 1898/1898/1898
f 1901/1901/1901 1900/1900/1900 1898/1898/1898
f 1904/1904/1904 1903/1903/1903 1902/1902/1902
f 1905/1905/1905 1904/1904/1904 1902/1902/1902
f 1908/1908/1908 1907/1907/1907 1906/1906/1906
f 1909/1909/1909 1908/1908/1908 1906/1906/1906
f 1912/1912/1912 1911/1911/1911 1910/1910/1910
f 1913/1913/1913 1912/1912/1912 1910/1910/1910
f 1916/1916/1916 1915/1915/1915 1914/1914/1914
f 1917/1917/1917 1916/1916/1916 1914/1914/1914
f 1920/1920/1920 1919/1919/1919 1918/1918/1918
f 1921/1921/1921 1920/1920/1920 1918/1918/1918
f 1924/1924/1924 1923/1923/1923 1922/1922/1922
f 1925/1925/1925 1924/1924/1924 1922/1922/1922
f 1928/1928/1928 1927/1927/1927 1926/1926/1926
f 1929/1929/1929 1928/1928/1928 1926/1926/1926
f 1929/1929/1929 1926/1926/1926 1930/1930/1930
f 1928/1928/1928 1931/1931/1931 1927/1927/1927
f 1931/1931/1931 1928/1928/1928 1929/1929/1929
f 1931/1931/1931 1932/1932/1932 1927/1927/1927
f 1933/1933/1933 1930/1930/1930 1932/1932/1932
f 1933/1933/1933 1929/1929/1929 1930/1930/1930
f 1931/1931/1931 1933/1933/1933 1932/1932/1932
f 1933/1933/1933 1931/1931/1931 1929/1929/1929
f 1936/1936/1936 1935/1935/1935 1934/1934/1934
f 1937/1937/1937 1936/1936/1936 1934/1934/1934
f 1937/1937/1937 1934/1934/1934 1938/1938/1938
f 1936/1936/1936 1939/1939/1939 1935/1935/1935
f 1939/1939/1939 1936/1936/1936 1937/1937/1937
f 1939/1939/1939 1940/1940/1940 1935/1935/1935
f 1941/1941/1941 1938/1938/1938 1940/1940/1940
f 1941/1941/1941 1937/1937/1937 1938/1938/1938
f 1939/1939/1939 1941/1941/1941 1940/1940/1940
f 1941/1941/1941 1939/1939/1939 1937/1937/1937
f 1944/1944/1944 1943/1943/1943 1942/1942/1942
f 1945/1945/1945 1944/1944/1944 1942/1942/1942
f 1942/1942/1942 1943/1943/1943 1946/1946/1946
f 1947/1947/1947 1944/1944/1944 1945/1945/1945
f 1944/1944/1944 1947/1947/1947 1943/1943/1943
f 1948/1948/1948 1947/1947/1947 1945/1945/1945
f 1946/1946/1946 1949/1949/1949 1948/1948/1948
f 1943/1943/1943 1949/1949/1949 1946/1946/1946
f 1949/1949/1949 1947/1947/1947 1948/1948/1948
f 1947/1947/1947 1949/1949/1949 1943/1943/1943
f 1952/1952/1952 1951/1951/1951 1950/1950/1950
f 1953/1953/1953 1952/1952/1952 1950/1950/1950
f 1950/1950/1950 1951/1951/1951 1954/1954/1954
f 1955/1955/1955 1952/1952/1952 1953/1953/1953
f 1952/1952/1952 1955/1955/1955 1951/1951/1951
f 1956/1956/1956 1955/1955/1955 1953/1953/1953
f 1954/1954/1954 1957/1957/1957 1956/1956/1956
f 1951/1951/1951 1957/1957/1957 1954/1954/1954
f 1957/1957/1957 1955/1955/1955 1956/1956/1956
f 1955/1955/1955 1957/1957/1957 1951/1951/1951
f 1960/1960/1960 1959/1959/1959 1958/1958/1958
f 1961/1961/1961 1960/1960/1960 1958/1958/1958
f 1961/1961/1961 1958/1958/1958 1962/1962/1962
f 1960/1960/1960 1963/1963/1963 1959/1959/1959
f 1963/1963/1963 1960/1960/1960 1961/1961/1961
f 1963/1963/1963 1964/1964/1964 1959/1959/1959
f 1965/1965/1965 1962/1962/1962 1964/1964/1964
f 1965/1965/1965 1961/1961/1961 1962/1962/1962
f 1963/1963/1963 1965/1965/1965 1964/1964/1964
f 1965/1965/1965 1963/1963/1963 1961/1961/1961
f 1968/1968/1968 1967/1967/1967 1966/1966/1966
f 1969/1969/1969 1968/1968/1968 1966/1966/1966
f 1966/1966/1966 1967/1967/1967 1970/1970/1970
f 1971/1971/1971 1968/1968/1968 1969/1969/1969
f 1968/1968/1968 1971/1971/1971 1967/1967/1967
f 1972/1972/1972 1971/1971/1971 1969/1969/1969
f 1970/1970/1970 1973/1973/1973 1972/1972/1972
f 1967/1967/1967 1973/1973/1973 1970/1970/1970
f 1973/1973/1973 1971/1971/1971 1972/1972/1972
f 1971/1971/1971 1973/1973/1973 1967/1967/1967
f 1976/1976/1976 1975/1975/1975 1974/1974/1974
f 1977/1977/1977 1976/1976/1976 1974/1974/1974
f 1977/1977/1977 1974/1974/1974 1978/1978/1978
f 1976/1976/1976 1979/1979/1979 1975/1975/1975
f 1979/1979/1979 1976/1976/1976 1977/1977/1977
f 1979/1979/1979 1980/1980/1980 1975/1975/1975
f 1981/1981/1981 1978/1978/1978 1980/1980/1980
f 1981/1981/1981 1977/1977/1977 1978/1978/1978
f 1979/1979/1979 1981/1981/1981 1980/1980/1980
f 1981/1981/1981 1979/1979/1979 1977/1977/1977
f 1984/1984/1984 1983/1983/1983 1982/1982/1982
f 1985/1985/1985 1984/1984/1984 1982/1982/1982
f 1985/1985/1985 1982/1982/1982 1986/1986/1986
f 1984/1984/1984 1987/1987/1987 1983/1983/1983
f 1987/1987/1987 1984/1984/1984 1985/1985/1985
f 1987/1987/1987 1988/1988/1988 1983/1983/1983
f 1989/1989/1989 1986/1986/1986 1988/1988/1988
f 1989/1989/1989 1985/1985/1985 1986/1986/1986
f 1987/1987/1987 1989/1989/1989 1988/1988/1988
f 1989/1989/1989 1987/1987/1987 1985/1985/1985
f 1992/1992/1992 1991/1991/1991 1990/1990/1990
f 1993/1993/1993 1992/1992/1992 1990/1990/1990
f 1993/1993/1993 1990/1990/1990 1994/1994/1994
f 1992/1992/1992 1995/1995/1995 1991/1991/1991
f 1995/1995/1995 1992/1992/1992 1993/1993/1993
f 1995/1995/1995 1996/1996/1996 1991/1991/1991
f 1997/1997/1997 1994/1994/1994 1996/1996/1996
f 1997/1997/1997 1993/1993/1993 1994/1994/1994
f 1995/1995/1995 1997/1997/1997 1996/1996/1996
f 1997/1997/1997 1995/1995/1995 1993/1993/1993
f 2000/2000/2000 1999/1999/1999 1998/1998/1998
f 2001/2001/2001 2000/2000/2000 1998/1998/1998
f 2001/2001/2001 1998/1998/1998 2002/2002/2002
f 2000/2000/2000 2003/2003/2003 1999/1999/1999
f 2003/2003/2003 2000/2000/2000 2001/2001/2001
f 2003/2003/2003 2004/2004/2004 1999/1999/1999
f 2005/2005/2005 2002/2002/2002 2004/2004/2004
f 2005/2005/2005 2001/2001/2001 2002/2002/2002
f 2003/2003/2003 2005/2005/2005 2004/2004/2004
f 2005/2005/2005 2003/2003/2003 2001/2001/2001
f 2008/2008/2008 2007/2007/2007 2006/2006/2006
f 2009/2009/2009 2008/2008/2008 2006/2006/2006
f 2009/2009/2009 2006/2006/2006 2010/2010/2010
f 2008/2008/2008 2011/2011/2011 2007/2007/2007
f 2011/2011/2011 2008/2008/2008 2009/2009/2009
f 2011/2011/2011 2012/2012/2012 2007/2007/2007
f 2013/2013/2013 2010/2010/2010 2012/2012/2012
f 2013/2013/2013 2009/2009/2009 2010/2010/2010
f 2011/2011/2011 2013/2013/2013 2012/2012/2012
f 2013/2013/2013 2011/2011/2011 2009/2009/2009
f 2016/2016/2016 2015/2015/2015 2014/2014/2014
f 2017/2017/2017 2016/2016/2016 2014/2014/2014
f 2017/2017/2017 2014/2014/2014 2018/2018/2018
f 2016/2016/2016 2019/2019/2019 2015/2015/2015
f 2019/2019/2019 2016/2016/2016 2017/2017/2017
f 2019/2019/2019 2020/2020/2020 2015/2015/2015
f 2021/2021/2021 2018/2018/2018 2020/2020/2020
f 2021/2021/2021 2017/2017/2017 2018/2018/2018
f 2019/2019/2019 2021/2021/2021 2020/2020/2020
f 2021/2021/2021 2019/2019/2019 2017/2017/2017
f 2024/2024/2024 2023/2023/2023 2022/2022/2022
f 2025/2025/2025 2024/2024/2024 2022/2022/2022
f 2025/2025/2025 2022/2022/2022 2026/2026/2026
f 2024/2024/2024 2027/2027/2027 2023/2023/2023
f 2027/2027/2027 2024/2024/2024 2025/2025/2025
f 2027/2027/2027 2028/2028/2028 2023/2023/2023
f 2029/2029/2029 2026/2026/2026 2028/2028/2028
f 2029/2029/2029 2025/2025/2025 2026/2026/2026
f 2027/2027/2027 2029/2029/2029 2028/2028/2028
f 2029/2029/2029 2027/2027/2027 2025/2025/2025
f 2032/2032/2032 2031/2031/2031 2030/2030/2030
f 2033/2033/2033 2032/2032/2032 2030/2030/2030
f 2033/2033/2033 2030/2030/2030 2034/2034/2034
f 2032/2032/2032 2035/2035/2035 2031/2031/2031
f 2035/2035/2035 2032/2032/2032 2033/2033/2033
f 2035/2035/2035 2036/2036/2036 2031/2031/2031
f 2037/2037/2037 2034/2034/2034 2036/2036/2036
f 2037/2037/2037 2033/2033/2033 2034/2034/2034
f 2035/2035/2035 2037/2037/2037 2036/2036/2036
f 2037/2037/2037 2035/2035/2035 2033/2033/2033
f 2040/2040/2040 2039/2039/2039 2038/2038/2038
f 2041/2041/2041 2040/2040/2040 2038/2038/2038
f 2041/2041/2041 2038/2038/2038 2042/2042/2042
f 2040/2040/2040 2043/2043/2043 2039/2039/2039
f 2043/2043/2043 2040/2040/2040 2041/2041/2041
f 2043/2043/2043 2044/2044/2044 2039/2039/2039
f 2045/2045/2045 2042/2042/2042 2044/2044/2044
f 2045/2045/2045 2041/2041/2041 2042/2042/2042
f 2043/2043/2043 2045/2045/2045 2044/2044/2044
f 2045/2045/2045 2043/2043/2043 2041/2041/2041
