g golbat_model
v -0.6892926 3.849915 -0.2046254
v -0.6891894 3.972399 -0.2046254
v -0.9684318 3.972745 -0.2046254
v -0.9685342 3.850261 -0.2046254
v -0.6892926 3.849915 -0.04104044
v -0.9685342 3.850261 -0.04104044
v -0.9688329 3.655474 -0.04104044
v -0.9688329 3.655474 -0.2046254
v -1.137321 3.6556 -0.2046254
v -0.9849764 3.621031 -0.1913563
v -1.121235 3.621129 -0.1913563
v -1.136478 4.343458 -0.2046254
v -0.9679903 4.343333 -0.2046254
v -0.9684318 3.972745 -0.04104044
v -1.11661 4.385396 -0.1882942
v -0.9877883 4.385305 -0.1882942
v -1.136478 4.343458 -0.04104044
v -0.9679903 4.343333 -0.04104044
v -0.9877883 4.385305 -0.05737162
v -1.11661 4.385396 -0.05737162
v -1.137321 3.6556 -0.04104044
v -0.9685342 3.850261 -0.04104044
v -0.6891894 3.972399 -0.04104044
v -0.6892926 3.849915 -0.04104044
v -0.9688329 3.655474 -0.04104044
v -1.121235 3.621129 -0.05430954
v -1.121235 3.621129 -0.1913563
v -1.137321 3.6556 -0.2046254
v -0.9849764 3.621031 -0.1913563
v -0.9849764 3.621031 -0.05430954
v -0.9688329 3.655474 -0.2046254
v -0.6891894 3.972399 -0.2046254
v -0.6891894 3.972399 -0.04104044
v -0.9684318 3.972745 -0.04104044
v -0.9684318 3.972745 -0.2046254
v -0.9877883 4.385305 -0.05737162
v -1.11661 4.385396 -0.05737162
v -1.11661 4.385396 -0.1882942
v -0.9877883 4.385305 -0.1882942
v -1.136478 4.343458 -0.2046254
v -1.11661 4.385396 -0.05737162
v -1.136478 4.343458 -0.04104044
v -0.9679903 4.343333 -0.04104044
v -0.9877883 4.385305 -0.05737162
v -0.9679903 4.343333 -0.2046254
v 0.6892926 3.849915 -0.2046254
v 0.9684318 3.972745 -0.2046254
v 0.6891894 3.972399 -0.2046254
v 0.9685342 3.850261 -0.2046254
v 0.6892926 3.849915 -0.04104044
v 0.9685342 3.850261 -0.04104044
v 0.9688329 3.655474 -0.04104044
v 0.9688329 3.655474 -0.2046254
v 1.137321 3.6556 -0.2046254
v 0.9849764 3.621031 -0.1913563
v 1.121235 3.621129 -0.1913563
v 1.136478 4.343458 -0.2046254
v 0.9679903 4.343333 -0.2046254
v 0.9684318 3.972745 -0.04104044
v 1.11661 4.385396 -0.1882942
v 0.9877883 4.385305 -0.1882942
v 1.136478 4.343458 -0.04104044
v 0.9679903 4.343333 -0.04104044
v 0.9877883 4.385305 -0.05737162
v 1.11661 4.385396 -0.05737162
v 1.137321 3.6556 -0.04104044
v 0.9685342 3.850261 -0.04104044
v 0.6891894 3.972399 -0.04104044
v 0.6892926 3.849915 -0.04104044
v 0.9688329 3.655474 -0.04104044
v 1.121235 3.621129 -0.05430954
v 1.121235 3.621129 -0.1913563
v 1.137321 3.6556 -0.2046254
v 0.9849764 3.621031 -0.1913563
v 0.9849764 3.621031 -0.05430954
v 0.9688329 3.655474 -0.2046254
v 0.6891894 3.972399 -0.2046254
v 0.9684318 3.972745 -0.2046254
v 0.9684318 3.972745 -0.04104044
v 0.6891894 3.972399 -0.04104044
v 0.9877883 4.385305 -0.05737162
v 1.11661 4.385396 -0.1882942
v 1.11661 4.385396 -0.05737162
v 0.9877883 4.385305 -0.1882942
v 0.9679903 4.343333 -0.04104044
v 0.9679903 4.343333 -0.2046254
v 0.9877883 4.385305 -0.05737162
v 1.136478 4.343458 -0.2046254
v 1.11661 4.385396 -0.05737162
v 1.136478 4.343458 -0.04104044
v -0.473948 5.904914 -0.132613
v -0.4881866 5.920693 -0.132613
v -0.5572656 5.920693 -0.132613
v -0.5715041 5.904914 -0.132613
v -0.4739594 5.781292 -0.132613
v -0.5714926 5.781292 -0.132613
v -0.6179521 5.781292 -0.132613
v -0.6177935 5.940948 -0.132613
v -0.6177935 5.940948 0.02652313
v -0.6179521 5.781292 0.02656326
v -0.4276586 5.940948 0.02652313
v -0.4275 5.781292 0.02656326
v -0.4472267 5.96123 0.02652313
v -0.5982254 5.96123 0.02652313
v -0.4276586 5.940948 -0.132613
v -0.4275 5.781292 -0.132613
v -0.4276586 5.940948 -0.132613
v -0.4739594 5.781292 -0.132613
v -0.4275 5.781292 -0.132613
v -0.473948 5.904914 -0.132613
v -0.4881866 5.920693 -0.132613
v -0.4472267 5.96123 -0.132613
v -0.5572656 5.920693 -0.132613
v -0.5982254 5.96123 -0.132613
v -0.6177935 5.940948 -0.132613
v -0.5715041 5.904914 -0.132613
v -0.6179521 5.781292 -0.132613
v -0.5714926 5.781292 -0.132613
v -0.6177935 5.940948 -0.132613
v -0.5982254 5.96123 0.02652313
v -0.6177935 5.940948 0.02652313
v -0.5982254 5.96123 -0.132613
v -0.4472267 5.96123 -0.132613
v -0.4472267 5.96123 0.02652313
v -0.4276586 5.940948 0.02652313
v -0.4472267 5.96123 -0.132613
v -0.4276586 5.940948 -0.132613
v -0.3195959 5.473324 -0.4476449
v -0.3195959 5.310053 -0.4476449
v -0.4366229 5.310053 -0.4476449
v -0.4366229 5.473324 -0.4476449
v -0.3195959 5.310053 -0.4476449
v -0.3195959 5.473324 -0.4476449
v -0.3195959 5.473324 -0.5646719
v -0.3195959 5.310053 -0.5646719
v -0.4366229 5.473324 -0.5646719
v -0.4366229 5.310053 -0.5646719
v -0.4366229 5.310053 -0.4476449
v -0.4366229 5.473324 -0.4476449
v 0.3195959 5.473324 -0.4476449
v 0.4366229 5.473324 -0.4476449
v 0.4366229 5.310053 -0.4476449
v 0.3195959 5.310053 -0.4476449
v 0.3195959 5.310053 -0.4476449
v 0.3195959 5.473324 -0.5646719
v 0.3195959 5.473324 -0.4476449
v 0.3195959 5.310053 -0.5646719
v 0.4366229 5.473324 -0.5646719
v 0.4366229 5.310053 -0.5646719
v 0.4366229 5.310053 -0.4476449
v 0.4366229 5.473324 -0.4476449
v -0.3982686 3.91402 -0.4476449
v -0.3982686 4.077291 -0.4476449
v -0.2812416 4.077291 -0.4476449
v -0.2812416 3.91402 -0.4476449
v -0.3982686 4.077291 -0.4476449
v -0.3982686 3.91402 -0.4476449
v -0.3982686 3.91402 -0.5646719
v -0.3982686 4.077291 -0.5646719
v -0.2812416 3.91402 -0.5646719
v -0.2812416 4.077291 -0.5646719
v -0.2812416 4.077291 -0.4476449
v -0.2812416 3.91402 -0.4476449
v 0.3982686 3.91402 -0.4476449
v 0.2812416 3.91402 -0.4476449
v 0.2812416 4.077291 -0.4476449
v 0.3982686 4.077291 -0.4476449
v 0.3982686 4.077291 -0.4476449
v 0.3982686 3.91402 -0.5646719
v 0.3982686 3.91402 -0.4476449
v 0.3982686 4.077291 -0.5646719
v 0.2812416 3.91402 -0.5646719
v 0.2812416 4.077291 -0.5646719
v 0.2812416 4.077291 -0.4476449
v 0.2812416 3.91402 -0.4476449
v 0.7029118 3.845721 -0.4792394
v 0.7029118 3.845721 0.4845631
v 0.7029118 5.71011 0.4845631
v 0.7029118 5.71011 -0.4792394
v 0.5988298 5.71011 -0.5856981
v 0.6230664 5.789956 0.4153636
v 0.6230664 5.789956 -0.4100398
v 0.5293926 5.789956 -0.5058527
v -0.5988298 5.71011 -0.5856981
v -0.5293926 5.789956 -0.5058527
v -0.6230664 5.789956 -0.4100398
v -0.7029118 5.71011 -0.4792394
v -0.6230664 5.789956 0.4153636
v -0.7029118 5.71011 0.4845631
v -0.7029118 3.845721 -0.4792394
v -0.5988298 3.845721 -0.5856981
v -0.7029118 3.845721 0.4845631
v -0.4839393 5.467229 -0.5856981
v -0.4839393 3.923624 -0.5856981
v 0.4839393 5.467229 -0.5856981
v 0.4839393 3.923624 -0.5856981
v 0.5988298 3.845721 -0.5856981
v 0.5293926 3.766928 -0.5058527
v -0.5293926 3.766928 -0.5058527
v 0.6230664 3.766928 -0.4100398
v 0.7029118 3.845721 0.4845631
v -0.6230664 3.766928 -0.4100398
v -0.7029118 3.845721 0.4845631
v 0.6230664 3.766928 0.4153636
v -0.6230664 3.766928 0.4153636
v 0.5988298 3.845721 0.5910219
v 0.7029118 5.71011 0.4845631
v -0.5988298 3.845721 0.5910219
v -0.7029118 5.71011 0.4845631
v -0.6230664 3.766928 -0.4100398
v 0.6230664 3.766928 -0.4100398
v 0.5293926 3.766928 0.5111765
v -0.5293926 3.766928 0.5111765
v -0.5988298 5.71011 0.5910219
v 0.5988298 5.71011 0.5910219
v 0.5293926 5.789956 0.5111765
v 0.6230664 5.789956 0.4153636
v -0.5293926 5.789956 0.5111765
v -0.6230664 5.789956 0.4153636
v 0.4839393 3.923624 -0.2218284
v -0.4839393 3.923624 -0.2218284
v -0.4839393 3.923624 -0.5856981
v 0.4839393 3.923624 -0.5856981
v 0.6230664 5.789956 -0.4100398
v 0.6230664 5.789956 0.4153636
v -0.6230664 5.789956 0.4153636
v -0.6230664 5.789956 -0.4100398
v 0.5293926 5.789956 -0.5058527
v -0.5293926 5.789956 -0.5058527
v 0.6230664 5.789956 0.4153636
v 0.5293926 5.789956 0.5111765
v -0.5293926 5.789956 0.5111765
v -0.6230664 5.789956 0.4153636
v 0.473948 5.904914 -0.132613
v 0.5572656 5.920693 -0.132613
v 0.4881866 5.920693 -0.132613
v 0.5715041 5.904914 -0.132613
v 0.4739594 5.781292 -0.132613
v 0.5714926 5.781292 -0.132613
v 0.6179521 5.781292 -0.132613
v 0.6177935 5.940948 0.02652313
v 0.6177935 5.940948 -0.132613
v 0.6179521 5.781292 0.02656326
v 0.4276586 5.940948 0.02652313
v 0.4275 5.781292 0.02656326
v 0.4472267 5.96123 0.02652313
v 0.5982254 5.96123 0.02652313
v 0.4276586 5.940948 -0.132613
v 0.4275 5.781292 -0.132613
v 0.4276586 5.940948 -0.132613
v 0.4275 5.781292 -0.132613
v 0.4739594 5.781292 -0.132613
v 0.473948 5.904914 -0.132613
v 0.4881866 5.920693 -0.132613
v 0.4472267 5.96123 -0.132613
v 0.5572656 5.920693 -0.132613
v 0.5982254 5.96123 -0.132613
v 0.6177935 5.940948 -0.132613
v 0.5715041 5.904914 -0.132613
v 0.6179521 5.781292 -0.132613
v 0.5714926 5.781292 -0.132613
v 0.6177935 5.940948 -0.132613
v 0.6177935 5.940948 0.02652313
v 0.5982254 5.96123 0.02652313
v 0.5982254 5.96123 -0.132613
v 0.4472267 5.96123 -0.132613
v 0.4472267 5.96123 0.02652313
v 0.4276586 5.940948 0.02652313
v 0.4472267 5.96123 -0.132613
v 0.4276586 5.940948 -0.132613
v -0.6457999 4.925642 -0.03543349
v -0.6457999 5.100316 -0.03543349
v -1.027337 5.100316 -0.03543349
v -1.157369 4.925642 -0.03543349
v -0.6457999 4.925642 0.1392411
v -1.157369 4.925642 0.1392411
v -1.204781 4.977128 -0.03543349
v -1.157369 4.925642 0.1392411
v -1.204781 6.224715 -0.03543349
v -1.027337 6.330794 -0.03543349
v -1.027337 5.100316 0.1392411
v -1.079882 6.388795 -0.03543349
v -1.027337 6.330794 0.1392411
v -0.6457999 5.100316 0.1392411
v -0.6457999 4.925642 0.1392411
v -1.204781 4.977128 0.1392411
v -1.204781 6.224715 0.1392411
v -1.079882 6.388795 0.1392411
v -2.13542 6.388795 0.1392411
v -2.13542 6.224715 0.1392411
v -2.13542 6.224715 -0.03543349
v -2.13542 6.388795 -0.03543349
v -2.13542 6.224715 -0.03543349
v -2.13542 6.388795 -0.03543349
v -2.13542 6.224715 0.1392411
v -1.204781 6.224715 0.1392411
v -1.204781 4.977128 0.1392411
v -0.6457999 5.100316 -0.03543349
v -0.6457999 5.100316 0.1392411
v -1.027337 5.100316 0.1392411
v -1.027337 5.100316 -0.03543349
v -1.079882 6.388795 0.1392411
v -1.027337 6.330794 -0.03543349
v -1.027337 6.330794 0.1392411
v -1.079882 6.388795 -0.03543349
v -1.079882 6.388795 0.1392411
v -2.13542 6.388795 -0.03543349
v -2.13542 6.388795 0.1392411
v -1.147741 4.981671 0.002621831
v -0.6457999 4.492356 0.002621831
v -0.6457999 4.981671 0.002621831
v -1.556097 4.492356 0.002621831
v -1.556097 4.980455 0.002621831
v -1.556097 4.980455 0.1016639
v -1.556097 4.492356 0.1016639
v -0.6457999 4.492356 0.1016639
v -2.11893 5.552883 0.002621831
v -2.11893 5.650321 0.002621831
v -2.11893 5.650321 0.1016639
v -2.11893 5.552883 0.1016639
v -1.890054 5.552883 0.002621831
v -1.890054 5.552883 0.1016639
v -1.890113 5.650321 0.1016639
v -1.147741 5.650321 0.1016639
v -1.147741 5.552261 0.1016639
v -1.556097 4.980455 0.002621831
v -1.890054 4.980455 0.1016639
v -1.556097 4.980455 0.1016639
v -1.890054 4.980455 0.002621831
v -1.890054 5.074913 0.002621831
v -1.556356 5.074913 0.002621831
v -1.147741 5.074913 0.002621831
v -1.147741 4.981671 0.002621831
v -1.890054 5.074913 0.002621831
v -1.890054 5.552883 0.002621831
v -1.890054 5.552883 0.1016639
v -1.890054 5.074913 0.1016639
v -1.556356 5.074913 0.1016639
v -1.147741 5.552261 0.1016639
v -1.147741 5.074913 0.1016639
v -0.6457999 4.492356 0.1016639
v -1.147741 4.981671 0.1016639
v -0.6457999 4.981671 0.1016639
v -1.556097 4.492356 0.1016639
v -1.556097 4.980455 0.1016639
v -1.556097 4.980455 0.1016639
v -1.147741 5.074913 0.1016639
v -1.147741 4.981671 0.1016639
v -1.556356 5.074913 0.1016639
v -1.890054 4.980455 0.1016639
v -1.890054 5.074913 0.1016639
v -1.890054 4.980455 0.002621831
v -1.890054 5.074913 0.002621831
v -1.890054 5.552883 0.002621831
v -1.890054 5.074913 0.002621831
v -1.556356 5.074913 0.002621831
v -1.147741 5.552261 0.002621831
v -1.147741 5.074913 0.002621831
v -1.890113 5.650321 0.002621831
v -1.147741 5.650321 0.002621831
v -1.147741 6.250312 0.002621831
v -2.11893 6.250312 0.002621831
v -2.11893 5.650321 0.002621831
v -2.11893 6.250312 0.1016639
v -2.11893 5.650321 0.1016639
v -1.890113 5.650321 0.1016639
v -1.147741 6.250312 0.1016639
v -1.147741 5.650321 0.1016639
v -2.11893 5.650321 0.002621831
v -2.11893 5.552883 0.002621831
v -1.890054 5.552883 0.002621831
v -1.890113 5.650321 0.002621831
v -1.147741 5.650321 0.002621831
v -1.147741 5.552261 0.002621831
v 0.6457999 4.925642 -0.03543349
v 1.027337 5.100316 -0.03543349
v 0.6457999 5.100316 -0.03543349
v 1.157369 4.925642 -0.03543349
v 0.6457999 4.925642 0.1392411
v 1.157369 4.925642 0.1392411
v 1.204781 4.977128 -0.03543349
v 1.157369 4.925642 0.1392411
v 1.204781 6.224715 -0.03543349
v 1.027337 6.330794 -0.03543349
v 1.027337 5.100316 0.1392411
v 1.079882 6.388795 -0.03543349
v 1.027337 6.330794 0.1392411
v 0.6457999 5.100316 0.1392411
v 0.6457999 4.925642 0.1392411
v 1.204781 4.977128 0.1392411
v 1.204781 6.224715 0.1392411
v 1.079882 6.388795 0.1392411
v 2.13542 6.388795 0.1392411
v 2.13542 6.224715 0.1392411
v 2.13542 6.224715 -0.03543349
v 2.13542 6.388795 -0.03543349
v 1.204781 6.224715 0.1392411
v 1.204781 4.977128 0.1392411
v 2.13542 6.224715 0.1392411
v 2.13542 6.224715 -0.03543349
v 2.13542 6.388795 -0.03543349
v 0.6457999 5.100316 -0.03543349
v 1.027337 5.100316 -0.03543349
v 1.027337 5.100316 0.1392411
v 0.6457999 5.100316 0.1392411
v 1.079882 6.388795 0.1392411
v 1.027337 6.330794 0.1392411
v 1.027337 6.330794 -0.03543349
v 1.079882 6.388795 -0.03543349
v 1.079882 6.388795 0.1392411
v 2.13542 6.388795 -0.03543349
v 2.13542 6.388795 0.1392411
v 1.147741 4.981671 0.002621831
v 0.6457999 4.981671 0.002621831
v 0.6457999 4.492356 0.002621831
v 1.556097 4.492356 0.002621831
v 1.556097 4.980455 0.002621831
v 1.556097 4.980455 0.1016639
v 1.556097 4.492356 0.1016639
v 0.6457999 4.492356 0.1016639
v 2.11893 5.552883 0.002621831
v 2.11893 5.650321 0.1016639
v 2.11893 5.650321 0.002621831
v 2.11893 5.552883 0.1016639
v 1.890054 5.552883 0.002621831
v 1.890054 5.552883 0.1016639
v 1.890113 5.650321 0.1016639
v 1.147741 5.650321 0.1016639
v 1.147741 5.552261 0.1016639
v 1.556097 4.980455 0.002621831
v 1.556097 4.980455 0.1016639
v 1.890054 4.980455 0.1016639
v 1.890054 4.980455 0.002621831
v 1.890054 5.074913 0.002621831
v 1.556356 5.074913 0.002621831
v 1.147741 5.074913 0.002621831
v 1.147741 4.981671 0.002621831
v 1.890054 5.074913 0.002621831
v 1.890054 5.552883 0.1016639
v 1.890054 5.552883 0.002621831
v 1.890054 5.074913 0.1016639
v 1.556356 5.074913 0.1016639
v 1.147741 5.552261 0.1016639
v 1.147741 5.074913 0.1016639
v 0.6457999 4.492356 0.1016639
v 0.6457999 4.981671 0.1016639
v 1.147741 4.981671 0.1016639
v 1.556097 4.492356 0.1016639
v 1.556097 4.980455 0.1016639
v 1.556097 4.980455 0.1016639
v 1.147741 4.981671 0.1016639
v 1.147741 5.074913 0.1016639
v 1.556356 5.074913 0.1016639
v 1.890054 4.980455 0.1016639
v 1.890054 5.074913 0.1016639
v 1.890054 4.980455 0.002621831
v 1.890054 5.074913 0.002621831
v 1.890054 5.552883 0.002621831
v 1.556356 5.074913 0.002621831
v 1.890054 5.074913 0.002621831
v 1.147741 5.552261 0.002621831
v 1.147741 5.074913 0.002621831
v 1.890113 5.650321 0.002621831
v 1.147741 6.250312 0.002621831
v 1.147741 5.650321 0.002621831
v 2.11893 6.250312 0.002621831
v 2.11893 5.650321 0.002621831
v 2.11893 6.250312 0.1016639
v 2.11893 5.650321 0.1016639
v 1.890113 5.650321 0.1016639
v 1.147741 6.250312 0.1016639
v 1.147741 5.650321 0.1016639
v 2.11893 5.650321 0.002621831
v 1.890054 5.552883 0.002621831
v 2.11893 5.552883 0.002621831
v 1.890113 5.650321 0.002621831
v 1.147741 5.650321 0.002621831
v 1.147741 5.552261 0.002621831
v -0.393685 5.699589 -0.6368182
v -0.3072329 5.699589 -0.662218
v -0.3072329 5.699589 -0.6368182
v -0.393685 5.699589 -0.662218
v -0.3072329 5.576212 -0.662218
v -0.393685 5.576212 -0.662218
v -0.3072329 5.576212 -0.6368182
v -0.393685 5.576212 -0.6368182
v -0.3072329 5.576212 -0.6368182
v -0.3072329 5.699589 -0.6368182
v -0.3072329 5.699589 -0.662218
v -0.3072329 5.576212 -0.662218
v -0.393685 5.576212 -0.662218
v -0.393685 5.699589 -0.662218
v -0.393685 5.699589 -0.6368182
v -0.393685 5.576212 -0.6368182
v -0.4523573 5.553774 -0.6424754
v -0.4523573 5.553774 -0.5825996
v -0.2485606 5.553774 -0.5825996
v -0.2485606 5.553774 -0.6424754
v -0.4523573 5.757571 -0.6424754
v -0.2485606 5.757571 -0.6424754
v -0.4523573 5.757571 -0.5825996
v -0.2485606 5.757571 -0.5825996
v -0.4523573 5.553774 -0.5825996
v -0.4523573 5.553774 -0.6424754
v -0.4523573 5.757571 -0.6424754
v -0.2485606 5.553774 -0.5825996
v -0.2485606 5.757571 -0.6424754
v -0.2485606 5.553774 -0.6424754
v 0.2880421 5.757951 -0.6368182
v 0.3744942 5.757951 -0.662218
v 0.3744942 5.757951 -0.6368182
v 0.2880421 5.757951 -0.662218
v 0.3744942 5.634574 -0.662218
v 0.2880421 5.634574 -0.662218
v 0.3744942 5.634574 -0.6368182
v 0.2880421 5.634574 -0.6368182
v 0.3744942 5.634574 -0.6368182
v 0.3744942 5.757951 -0.6368182
v 0.3744942 5.757951 -0.662218
v 0.3744942 5.634574 -0.662218
v 0.2880421 5.634574 -0.662218
v 0.2880421 5.757951 -0.662218
v 0.2880421 5.757951 -0.6368182
v 0.2880421 5.634574 -0.6368182
v 0.2293698 5.586103 -0.6424754
v 0.2293698 5.586103 -0.5825996
v 0.4331665 5.586103 -0.5825996
v 0.4331665 5.586103 -0.6424754
v 0.2293698 5.7899 -0.6424754
v 0.4331665 5.7899 -0.6424754
v 0.2293698 5.7899 -0.5825996
v 0.4331665 5.7899 -0.5825996
v 0.2293698 5.586103 -0.5825996
v 0.2293698 5.586103 -0.6424754
v 0.2293698 5.7899 -0.6424754
v 0.4331665 5.586103 -0.5825996
v 0.4331665 5.7899 -0.6424754
v 0.4331665 5.586103 -0.6424754
v -1.375 0.2933367 1.17617
v -1.375 0.2933367 -1.17617
v -1.183499 0.2933367 -1.375
v -1.183499 0.2933367 1.375
v 1.183499 0.2933367 1.375
v 1.183499 0.2933367 -1.375
v 1.375 0.2933367 1.17617
v 1.375 0.2933367 -1.17617
v -1.375 0 -1.17617
v -1.375 0 1.17617
v -1.183499 0 1.375
v -1.183499 0 -1.375
v -1.375 0.2933367 -1.17617
v -1.183499 0.2933367 -1.375
v 1.183499 0.2933367 -1.375
v 1.183499 0 -1.375
v 1.375 0.2933367 -1.17617
v 1.183499 0 1.375
v 1.375 0 -1.17617
v 1.375 0 1.17617
v 1.375 0 1.17617
v 1.375 0.2933367 -1.17617
v 1.375 0 -1.17617
v 1.375 0.2933367 1.17617
v 1.183499 0.2933367 1.375
v 1.183499 0 1.375
v -1.183499 0.2933367 1.375
v -1.183499 0 1.375
v -1.375 0 1.17617
v -1.375 0.2933367 1.17617
v -1.375 0 -1.17617
v -1.375 0.2933367 -1.17617
v -0.4901845 1.471506 0.3541996
v -0.4901845 1.471506 -0.360196
v -0.3444028 1.471506 -0.5001697
v -0.3444028 1.471506 0.4941732
v 0.3542338 1.471506 0.4941732
v 0.3542338 1.471506 -0.5001697
v 0.5000156 1.471506 0.3541996
v 0.5000156 1.471506 -0.360196
v -0.4901845 1.471506 -0.360196
v -0.4901845 0.2651232 -0.360196
v -0.3444028 0.2651232 -0.5001697
v -0.3444028 1.471506 -0.5001697
v 0.3542338 1.471506 -0.5001697
v 0.3542338 0.2651232 -0.5001697
v 0.5000156 1.471506 -0.360196
v 0.5000156 0.2651232 -0.360196
v 0.5000156 0.2651232 0.3541996
v 0.5000156 1.471506 -0.360196
v 0.5000156 0.2651232 -0.360196
v 0.5000156 1.471506 0.3541996
v 0.3542338 1.471506 0.4941732
v 0.3542338 0.2651232 0.4941732
v -0.3444028 1.471506 0.4941732
v -0.3444028 0.2651232 0.4941732
v -0.4901845 0.2651232 0.3541996
v -0.4901845 1.471506 0.3541996
v -0.4901845 0.2651232 -0.360196
v -0.4901845 1.471506 -0.360196
v -0.1771892 3.788995 -0.1139801
v -0.1771892 3.197989 -0.1139801
v -0.1115058 3.197989 -0.1770465
v -0.1115058 3.788995 -0.1770465
v 0.1116412 3.197989 -0.1770465
v 0.1116412 3.788995 -0.1770465
v 0.1773245 3.197989 -0.1139801
v 0.1773245 3.788995 -0.1139801
v 0.1773245 2.688882 0.112831
v 0.1773245 3.197989 -0.1139801
v 0.1773245 2.688882 -0.1139801
v 0.1773245 3.197989 0.112831
v 0.1116412 2.688882 0.1758974
v 0.1116412 3.197989 0.1758974
v -0.1115058 2.688882 0.1758974
v -0.1115058 3.197989 0.1758974
v -0.1771892 2.688882 0.112831
v -0.1771892 3.197989 0.112831
v -0.1771892 2.688882 -0.1139801
v -0.1771892 3.197989 -0.1139801
v 0.1116412 2.688882 -0.1770465
v 0.1773245 2.688882 -0.1139801
v 0.1773245 3.197989 -0.1139801
v 0.1116412 3.197989 -0.1770465
v -0.1115058 2.688882 -0.1770465
v -0.1115058 3.197989 -0.1770465
v -0.1771892 3.197989 -0.1139801
v -0.1771892 2.688882 -0.1139801
v 0.1773245 3.197989 0.112831
v 0.1773245 3.788995 -0.1139801
v 0.1773245 3.197989 -0.1139801
v 0.1773245 3.788995 0.112831
v 0.1116412 3.788995 0.1758974
v 0.1116412 3.197989 0.1758974
v -0.1115058 3.788995 0.1758974
v -0.1115058 3.197989 0.1758974
v -0.1771892 3.197989 0.112831
v -0.1771892 3.788995 0.112831
v -0.1771892 3.197989 -0.1139801
v -0.1771892 3.788995 -0.1139801
v -0.31595 2.702581 0.2016075
v -0.31595 2.702581 -0.2027567
v -0.1988483 2.702581 -0.3151931
v -0.1988483 2.702581 0.314044
v 0.1989836 2.702581 0.314044
v 0.1989836 2.702581 -0.3151931
v 0.3160855 2.702581 0.2016075
v 0.3160855 2.702581 -0.2027567
v -0.31595 2.702581 -0.2027567
v -0.31595 1.420293 -0.2027567
v -0.1988483 1.420293 -0.3151931
v -0.1988483 2.702581 -0.3151931
v 0.1989836 2.702581 -0.3151931
v 0.1989836 1.420293 -0.3151931
v 0.3160855 2.702581 -0.2027567
v 0.3160855 1.420293 -0.2027567
v 0.3160855 1.420293 0.2016075
v 0.3160855 2.702581 -0.2027567
v 0.3160855 1.420293 -0.2027567
v 0.3160855 2.702581 0.2016075
v 0.1989836 2.702581 0.314044
v 0.1989836 1.420293 0.314044
v -0.1988483 2.702581 0.314044
v -0.1988483 1.420293 0.314044
v -0.31595 1.420293 0.2016075
v -0.31595 2.702581 0.2016075
v -0.31595 1.420293 -0.2027567
v -0.31595 2.702581 -0.2027567
v -1.203057 1.09336 1.102907
v -1.203057 1.09336 0.6548154
v -1.111618 1.09336 0.5670195
v -1.111618 1.09336 1.190703
v -0.6734115 1.09336 1.190703
v -0.6734115 1.09336 0.5670195
v -0.5819725 1.09336 1.102907
v -0.5819725 1.09336 0.6548154
v -1.203057 1.09336 0.6548154
v -1.203057 0.2649366 0.6548154
v -1.111618 0.2649366 0.5670195
v -1.111618 1.09336 0.5670195
v -0.6734115 1.09336 0.5670195
v -0.6734115 0.2649366 0.5670195
v -0.5819725 1.09336 0.6548154
v -0.5819725 0.2649366 0.6548154
v -0.5819725 0.2649366 1.102907
v -0.5819725 1.09336 0.6548154
v -0.5819725 0.2649366 0.6548154
v -0.5819725 1.09336 1.102907
v -0.6734115 1.09336 1.190703
v -0.6734115 0.2649366 1.190703
v -1.111618 1.09336 1.190703
v -1.111618 0.2649366 1.190703
v -1.203057 0.2649366 1.102907
v -1.203057 1.09336 1.102907
v -1.203057 0.2649366 0.6548154
v -1.203057 1.09336 0.6548154
v -1.042395 1.806706 0.9869949
v -1.042395 1.806706 0.7707275
v -0.9982634 1.806706 0.7283536
v -0.9982634 1.806706 1.029369
v -0.7867666 1.806706 1.029369
v -0.7867666 1.806706 0.7283536
v -0.7426344 1.806706 0.9869949
v -0.7426344 1.806706 0.7707275
v -1.042395 1.806706 0.7707275
v -1.042395 1.0318 0.7707275
v -0.9982634 1.0318 0.7283536
v -0.9982634 1.806706 0.7283536
v -0.7867666 1.806706 0.7283536
v -0.7867666 1.0318 0.7283536
v -0.7426344 1.806706 0.7707275
v -0.7426344 1.0318 0.7707275
v -0.7426344 1.0318 0.9869949
v -0.7426344 1.806706 0.7707275
v -0.7426344 1.0318 0.7707275
v -0.7426344 1.806706 0.9869949
v -0.7867666 1.806706 1.029369
v -0.7867666 1.0318 1.029369
v -0.9982634 1.806706 1.029369
v -0.9982634 1.0318 1.029369
v -1.042395 1.0318 0.9869949
v -1.042395 1.806706 0.9869949
v -1.042395 1.0318 0.7707275
v -1.042395 1.806706 0.7707275
v 0.7023981 1.181895 -0.7872002
v 0.7023981 1.181895 -1.003468
v 0.7465303 1.181895 -1.045842
v 0.7465303 1.181895 -0.7448263
v 0.9580271 1.181895 -0.7448263
v 0.9580271 1.181895 -1.045842
v 1.002159 1.181895 -0.7872002
v 1.002159 1.181895 -1.003468
v 0.7023981 1.181895 -1.003468
v 0.7023981 0.7250158 -1.003468
v 0.7465303 0.7250158 -1.045842
v 0.7465303 1.181895 -1.045842
v 0.9580271 1.181895 -1.045842
v 0.9580271 0.7250158 -1.045842
v 1.002159 1.181895 -1.003468
v 1.002159 0.7250158 -1.003468
v 1.002159 0.7250158 -0.7872002
v 1.002159 1.181895 -1.003468
v 1.002159 0.7250158 -1.003468
v 1.002159 1.181895 -0.7872002
v 0.9580271 1.181895 -0.7448263
v 0.9580271 0.7250158 -0.7448263
v 0.7465303 1.181895 -0.7448263
v 0.7465303 0.7250158 -0.7448263
v 0.7023981 0.7250158 -0.7872002
v 0.7023981 1.181895 -0.7872002
v 0.7023981 0.7250158 -1.003468
v 0.7023981 1.181895 -1.003468
v 0.5417363 0.7458783 -0.6712883
v 0.5417363 0.7458783 -1.11938
v 0.6331752 0.7458783 -1.207176
v 0.6331752 0.7458783 -0.5834923
v 1.071382 0.7458783 -0.5834923
v 1.071382 0.7458783 -1.207176
v 1.162821 0.7458783 -0.6712883
v 1.162821 0.7458783 -1.11938
v 0.5417363 0.7458783 -1.11938
v 0.5417363 0.2649366 -1.11938
v 0.6331752 0.2649366 -1.207176
v 0.6331752 0.7458783 -1.207176
v 1.071382 0.7458783 -1.207176
v 1.071382 0.2649366 -1.207176
v 1.162821 0.7458783 -1.11938
v 1.162821 0.2649366 -1.11938
v 1.162821 0.2649366 -0.6712883
v 1.162821 0.7458783 -1.11938
v 1.162821 0.2649366 -1.11938
v 1.162821 0.7458783 -0.6712883
v 1.071382 0.7458783 -0.5834923
v 1.071382 0.2649366 -0.5834923
v 0.6331752 0.7458783 -0.5834923
v 0.6331752 0.2649366 -0.5834923
v 0.5417363 0.2649366 -0.6712883
v 0.5417363 0.7458783 -0.6712883
v 0.5417363 0.2649366 -1.11938
v 0.5417363 0.7458783 -1.11938
v -1.216987 0.5599115 -0.6712883
v -1.216987 0.5599115 -1.11938
v -1.125548 0.5599115 -1.207176
v -1.125548 0.5599115 -0.5834923
v -0.6873413 0.5599115 -0.5834923
v -0.6873413 0.5599115 -1.207176
v -0.5959023 0.5599115 -0.6712883
v -0.5959023 0.5599115 -1.11938
v -1.216987 0.5599115 -1.11938
v -1.216987 0.2649366 -1.11938
v -1.125548 0.2649366 -1.207176
v -1.125548 0.5599115 -1.207176
v -0.6873413 0.5599115 -1.207176
v -0.6873413 0.2649366 -1.207176
v -0.5959023 0.5599115 -1.11938
v -0.5959023 0.2649366 -1.11938
v -0.5959023 0.2649366 -0.6712883
v -0.5959023 0.5599115 -1.11938
v -0.5959023 0.2649366 -1.11938
v -0.5959023 0.5599115 -0.6712883
v -0.6873413 0.5599115 -0.5834923
v -0.6873413 0.2649366 -0.5834923
v -1.125548 0.5599115 -0.5834923
v -1.125548 0.2649366 -0.5834923
v -1.216987 0.2649366 -0.6712883
v -1.216987 0.5599115 -0.6712883
v -1.216987 0.2649366 -1.11938
v -1.216987 0.5599115 -1.11938
v 0.7334993 1.29896 0.9869949
v 0.7334993 1.29896 0.7707275
v 0.7776315 1.29896 0.7283536
v 0.7776315 1.29896 1.029369
v 0.9891282 1.29896 1.029369
v 0.9891282 1.29896 0.7283536
v 1.03326 1.29896 0.9869949
v 1.03326 1.29896 0.7707275
v 0.7334993 1.29896 0.7707275
v 0.7334993 0.2358798 0.7707275
v 0.7776315 0.2358798 0.7283536
v 0.7776315 1.29896 0.7283536
v 0.9891282 1.29896 0.7283536
v 0.9891282 0.2358798 0.7283536
v 1.03326 1.29896 0.7707275
v 1.03326 0.2358798 0.7707275
v 1.03326 0.2358798 0.9869949
v 1.03326 1.29896 0.7707275
v 1.03326 0.2358798 0.7707275
v 1.03326 1.29896 0.9869949
v 0.9891282 1.29896 1.029369
v 0.9891282 0.2358798 1.029369
v 0.7776315 1.29896 1.029369
v 0.7776315 0.2358798 1.029369
v 0.7334993 0.2358798 0.9869949
v 0.7334993 1.29896 0.9869949
v 0.7334993 0.2358798 0.7707275
v 0.7334993 1.29896 0.7707275
v -0.3769044 5.795436 0.3649988
v -0.3769044 5.795436 0.1080168
v -0.1199224 5.795436 0.1080168
v -0.1199224 5.795436 0.3649988
v 0.08506816 5.795436 -0.08522876
v 0.08506816 5.795436 -0.2540667
v 0.2539061 5.795436 -0.2540667
v 0.2539061 5.795436 -0.08522876
v 0.296047 5.795436 0.277689
v 0.296047 5.795436 0.1088511
v 0.4648849 5.795436 0.1088511
v 0.4648849 5.795436 0.277689
v -1.610846 5.926929 -0.005286321
v -1.610846 5.758091 -0.005286321
v -1.442008 5.758091 -0.005286321
v -1.442008 5.926929 -0.005286321
v -1.39231 4.825967 -0.005286321
v -1.39231 4.657129 -0.005286321
v -1.223472 4.657129 -0.005286321
v -1.223472 4.825967 -0.005286321
v 1.561148 5.380347 -0.005286321
v 1.561148 5.168809 -0.005286321
v 1.772686 5.168809 -0.005286321
v 1.772686 5.380347 -0.005286321
v -1.878213 6.119535 -0.005286321
v -1.878213 5.950697 -0.005286321
v -1.709375 5.950697 -0.005286321
v -1.709375 6.119535 -0.005286321
v -1.518603 5.458834 -0.005286321
v -1.518603 5.240898 -0.005286321
v -1.300668 5.240898 -0.005286321
v -1.300668 5.458834 -0.005286321
v 1.410967 5.921248 -0.005286321
v 1.410967 5.752411 -0.005286321
v 1.579805 5.752411 -0.005286321
v 1.579805 5.921248 -0.005286321
v 0.8517479 4.772051 -0.005286321
v 0.8517479 4.603213 -0.005286321
v 1.020586 4.603213 -0.005286321
v 1.020586 4.772051 -0.005286321
v -1.919895 5.831398 0.1153717
v -1.919895 6.000236 0.1153717
v -1.751058 6.000236 0.1153717
v -1.751058 5.831398 0.1153717
v -1.517635 5.247952 0.1153717
v -1.517635 5.41679 0.1153717
v -1.348797 5.41679 0.1153717
v -1.348797 5.247952 0.1153717
v -1.420844 4.608221 0.1153717
v -1.420844 4.777059 0.1153717
v -1.252006 4.777059 0.1153717
v -1.252006 4.608221 0.1153717
v 1.546937 5.221017 0.1153717
v 1.546937 5.389854 0.1153717
v 1.715775 5.389854 0.1153717
v 1.715775 5.221017 0.1153717
v 1.38859 5.788267 0.1153717
v 1.38859 5.957105 0.1153717
v 1.557428 5.957105 0.1153717
v 1.557428 5.788267 0.1153717
v 0.02901882 1.075719 -0.5124798
v 0.02901882 0.8032878 -0.5124798
v 0.3014505 0.8032878 -0.5124798
v 0.3014505 1.075719 -0.5124798
v -0.2334336 0.5843048 -0.5124798
v -0.2334336 0.4277831 -0.5124798
v -0.07691193 0.4277831 -0.5124798
v -0.07691193 0.5843048 -0.5124798
v -0.1659538 1.309465 -0.5124798
v -0.1659538 1.152943 -0.5124798
v -0.009432125 1.152943 -0.5124798
v -0.009432125 1.309465 -0.5124798
v 0.1148877 0.2996054 -1.017277
v 0.1148877 0.2996054 -1.268661
v 0.3662721 0.2996054 -1.268661
v 0.3662721 0.2996054 -1.017277
v -0.3739799 0.2996054 -0.8855253
v -0.3739799 0.2996054 -1.03379
v -0.225715 0.2996054 -1.03379
v -0.225715 0.2996054 -0.8855253
v -1.106403 0.2996054 0.3200658
v -1.106403 0.2996054 0.06868139
v -0.855019 0.2996054 0.06868139
v -0.855019 0.2996054 0.3200658
v 0.3199563 0.2996054 0.9545115
v 0.3199563 0.2996054 0.7031271
v 0.5713407 0.2996054 0.7031271
v 0.5713407 0.2996054 0.9545115
v -0.1511873 0.2996054 1.096239
v -0.1511873 0.2996054 0.9342718
v 0.01078035 0.2996054 0.9342718
v 0.01078035 0.2996054 1.096239
v 0.6806468 0.2996054 -0.0806149
v 0.6806468 0.2996054 -0.2425825
v 0.8426144 0.2996054 -0.2425825
v 0.8426144 0.2996054 -0.0806149
v 0.8897815 0.2996054 0.2097291
v 0.8897815 0.2996054 0.04776147
v 1.051749 0.2996054 0.04776147
v 1.051749 0.2996054 0.2097291
v -0.4957715 1.260677 0.2108488
v -0.4957715 1.104155 0.2108488
v -0.4957715 1.104155 0.05432712
v -0.4957715 1.260677 0.05432712
v -0.4957715 0.7636513 -0.03260263
v -0.4957715 0.6071296 -0.03260263
v -0.4957715 0.6071296 -0.1891243
v -0.4957715 0.7636513 -0.1891243
v 0.5030511 1.332534 -0.2292182
v 0.5030511 1.176013 -0.2292182
v 0.5030511 1.176013 -0.07269655
v 0.5030511 1.332534 -0.07269655
v 0.5030511 0.8970981 -0.06916177
v 0.5030511 0.6605713 -0.06916177
v 0.5030511 0.6605713 0.167365
v 0.5030511 0.8970981 0.167365
v -0.05875643 1.313487 0.4963096
v -0.05875643 1.156965 0.4963096
v -0.2152781 1.156965 0.4963096
v -0.2152781 1.313487 0.4963096
v 0.2235975 1.033926 0.4963096
v 0.2235975 0.877404 0.4963096
v 0.0670758 0.877404 0.4963096
v 0.0670758 1.033926 0.4963096
v 0.003649549 2.511963 -0.324899
v 0.003649549 2.355441 -0.324899
v 0.1601712 2.355441 -0.324899
v 0.1601712 2.511963 -0.324899
v -0.1452843 1.928042 -0.324899
v -0.1452843 1.77152 -0.324899
v 0.01123737 1.77152 -0.324899
v 0.01123737 1.928042 -0.324899
v -0.3216325 2.356821 0.07447405
v -0.3216325 2.200299 0.07447405
v -0.3216325 2.200299 -0.08204758
v -0.3216325 2.356821 -0.08204758
v 0.1426847 2.607864 0.3175786
v 0.1426847 2.451342 0.3175786
v -0.01383699 2.451342 0.3175786
v -0.01383699 2.607864 0.3175786
v 0.02628644 2.066156 0.3175786
v 0.02628644 1.909634 0.3175786
v -0.1302352 1.909634 0.3175786
v -0.1302352 2.066156 0.3175786
v 0.319793 2.362397 -0.163127
v 0.319793 2.205876 -0.163127
v 0.319793 2.205876 -0.006605349
v 0.319793 2.362397 -0.006605349
v -0.7104122 5.38249 -0.1729927
v -0.7104122 5.38249 -0.3418307
v -0.7104122 5.551327 -0.3418307
v -0.7104122 5.551327 -0.1729927
v -0.7104122 5.178863 0.4188007
v -0.7104122 5.178863 0.2499627
v -0.7104122 5.347701 0.2499627
v -0.7104122 5.347701 0.4188007
v -0.7104122 4.001191 0.2303918
v -0.7104122 4.001191 0.06155385
v -0.7104122 4.170029 0.06155385
v -0.7104122 4.170029 0.2303918
v -0.7104122 4.260662 0.3823095
v -0.7104122 4.260662 0.2134715
v -0.7104122 4.4295 0.2134715
v -0.7104122 4.4295 0.3823095
v 0.7100251 5.474643 0.01198786
v 0.7100251 5.474643 0.1808258
v 0.7100251 5.643481 0.1808258
v 0.7100251 5.643481 0.01198786
v 0.7100251 5.295714 -0.2995791
v 0.7100251 5.295714 -0.1307411
v 0.7100251 5.464552 -0.1307411
v 0.7100251 5.464552 -0.2995791
v 0.7100251 4.304492 0.2261158
v 0.7100251 4.304492 0.3949537
v 0.7100251 4.47333 0.3949537
v 0.7100251 4.47333 0.2261158
v 0.7100251 4.029921 0.1111441
v 0.7100251 4.029921 0.2799821
v 0.7100251 4.198759 0.2799821
v 0.7100251 4.198759 0.1111441
v 0.363657 5.154604 0.5984403
v 0.1115418 5.154604 0.5984403
v 0.1115418 5.40672 0.5984403
v 0.363657 5.40672 0.5984403
v 0.1177942 4.883982 0.5984403
v -0.04240499 4.883982 0.5984403
v -0.04240499 5.044181 0.5984403
v 0.1177942 5.044181 0.5984403
v -0.2672399 5.421017 0.5984403
v -0.4274391 5.421017 0.5984403
v -0.4274391 5.581216 0.5984403
v -0.2672399 5.581216 0.5984403
v -0.08660219 4.394025 0.5984403
v -0.2468014 4.394025 0.5984403
v -0.2468014 4.554224 0.5984403
v -0.08660219 4.554224 0.5984403
v 0.3611228 4.049124 0.5984403
v 0.2009236 4.049124 0.5984403
v 0.2009236 4.209323 0.5984403
v 0.3611228 4.209323 0.5984403
v 0.4839393 5.467229 -0.2218284
v -0.4839393 3.923624 -0.2218284
v 0.4839393 3.923624 -0.2218284
v 0.4839393 3.923624 -0.5856981
v 0.4839393 5.467229 -0.5856981
v -0.4839393 5.467229 -0.5856981
v -0.4839393 5.467229 -0.2218284
v -0.4839393 3.923624 -0.5856981
vt 0.7072719 0.216974
vt 0.7072409 0.2538052
vt 0.7912098 0.2539093
vt 0.7912406 0.2170781
vt 0.7072719 0.216974
vt 0.7912406 0.2170781
vt 0.7913303 0.1585054
vt 0.7913303 0.1585054
vt 0.8419952 0.1585431
vt 0.7961848 0.1481481
vt 0.8371582 0.1481777
vt 0.8417418 0.3653836
vt 0.791077 0.3653461
vt 0.7912098 0.2539093
vt 0.8357674 0.3779948
vt 0.7970303 0.3779673
vt 0.8417418 0.3653836
vt 0.791077 0.3653461
vt 0.7970303 0.3779673
vt 0.8357674 0.3779948
vt 0.8419952 0.1585431
vt 0.7912406 0.2170781
vt 0.7072409 0.2538052
vt 0.7072719 0.216974
vt 0.7913303 0.1585054
vt 0.8371582 0.1481777
vt 0.8371582 0.1481777
vt 0.8419952 0.1585431
vt 0.7961848 0.1481481
vt 0.7961848 0.1481481
vt 0.7913303 0.1585054
vt 0.7072409 0.2538052
vt 0.7072409 0.2538052
vt 0.7912098 0.2539093
vt 0.7912098 0.2539093
vt 0.7970303 0.3779673
vt 0.8357674 0.3779948
vt 0.8357674 0.3779948
vt 0.7970303 0.3779673
vt 0.8417418 0.3653836
vt 0.8357674 0.3779948
vt 0.8417418 0.3653836
vt 0.791077 0.3653461
vt 0.7970303 0.3779673
vt 0.791077 0.3653461
vt 0.2927281 0.216974
vt 0.2087902 0.2539093
vt 0.2927591 0.2538052
vt 0.2087594 0.2170781
vt 0.2927281 0.216974
vt 0.2087594 0.2170781
vt 0.2086696 0.1585054
vt 0.2086696 0.1585054
vt 0.1580049 0.1585431
vt 0.2038152 0.1481481
vt 0.1628419 0.1481777
vt 0.1582582 0.3653836
vt 0.208923 0.3653461
vt 0.2087902 0.2539093
vt 0.1642326 0.3779948
vt 0.2029696 0.3779673
vt 0.1582582 0.3653836
vt 0.208923 0.3653461
vt 0.2029696 0.3779673
vt 0.1642326 0.3779948
vt 0.1580049 0.1585431
vt 0.2087594 0.2170781
vt 0.2927591 0.2538052
vt 0.2927281 0.216974
vt 0.2086696 0.1585054
vt 0.1628419 0.1481777
vt 0.1628419 0.1481777
vt 0.1580049 0.1585431
vt 0.2038152 0.1481481
vt 0.2038152 0.1481481
vt 0.2086696 0.1585054
vt 0.2927591 0.2538052
vt 0.2087902 0.2539093
vt 0.2087902 0.2539093
vt 0.2927591 0.2538052
vt 0.2029696 0.3779673
vt 0.1642326 0.3779948
vt 0.1642326 0.3779948
vt 0.2029696 0.3779673
vt 0.208923 0.3653461
vt 0.208923 0.3653461
vt 0.2029696 0.3779673
vt 0.1582582 0.3653836
vt 0.1642326 0.3779948
vt 0.1582582 0.3653836
vt 0.6425173 0.8349172
vt 0.6467989 0.8396623
vt 0.6675711 0.8396623
vt 0.6718526 0.8349172
vt 0.6425208 0.7977442
vt 0.6718493 0.7977442
vt 0.6858197 0.7977442
vt 0.6857721 0.845753
vt 0.6857721 0.845753
vt 0.6858197 0.7977442
vt 0.628598 0.845753
vt 0.6285502 0.7977442
vt 0.6344821 0.8518518
vt 0.6798878 0.8518518
vt 0.628598 0.845753
vt 0.6285502 0.7977442
vt 0.628598 0.845753
vt 0.6425208 0.7977442
vt 0.6285502 0.7977442
vt 0.6425173 0.8349172
vt 0.6467989 0.8396623
vt 0.6344821 0.8518518
vt 0.6675711 0.8396623
vt 0.6798878 0.8518518
vt 0.6857721 0.845753
vt 0.6718526 0.8349172
vt 0.6858197 0.7977442
vt 0.6718493 0.7977442
vt 0.6857721 0.845753
vt 0.6798878 0.8518518
vt 0.6857721 0.845753
vt 0.6798878 0.8518518
vt 0.6344821 0.8518518
vt 0.6344821 0.8518518
vt 0.628598 0.845753
vt 0.6344821 0.8518518
vt 0.628598 0.845753
vt 0.5961033 0.7051371
vt 0.5961033 0.6560413
vt 0.6312935 0.6560413
vt 0.6312935 0.7051371
vt 0.5961033 0.6560413
vt 0.5961033 0.7051371
vt 0.5961033 0.7051371
vt 0.5961033 0.6560413
vt 0.6312935 0.7051371
vt 0.6312935 0.6560413
vt 0.6312935 0.6560413
vt 0.6312935 0.7051371
vt 0.4038967 0.7051371
vt 0.3687065 0.7051371
vt 0.3687065 0.6560413
vt 0.4038967 0.6560413
vt 0.4038967 0.6560413
vt 0.4038967 0.7051371
vt 0.4038967 0.7051371
vt 0.4038967 0.6560413
vt 0.3687065 0.7051371
vt 0.3687065 0.6560413
vt 0.3687065 0.6560413
vt 0.3687065 0.7051371
vt 0.6197604 0.2362508
vt 0.6197604 0.2853467
vt 0.5845701 0.2853467
vt 0.5845701 0.2362508
vt 0.6197604 0.2853467
vt 0.6197604 0.2362508
vt 0.6197604 0.2362508
vt 0.6197604 0.2853467
vt 0.5845701 0.2362508
vt 0.5845701 0.2853467
vt 0.5845701 0.2853467
vt 0.5845701 0.2362508
vt 0.3802397 0.2362508
vt 0.41543 0.2362508
vt 0.41543 0.2853467
vt 0.3802397 0.2853467
vt 0.3802397 0.2853467
vt 0.3802397 0.2362508
vt 0.3802397 0.2362508
vt 0.3802397 0.2853467
vt 0.41543 0.2362508
vt 0.41543 0.2853467
vt 0.41543 0.2853467
vt 0.41543 0.2362508
vt 0.2886328 0.2157128
vt 0.2886328 0.2157128
vt 0.2886328 0.7763391
vt 0.2886328 0.7763391
vt 0.3199304 0.7763391
vt 0.3126424 0.8003491
vt 0.3126424 0.8003491
vt 0.3408104 0.8003491
vt 0.6800696 0.7763391
vt 0.6591896 0.8003491
vt 0.6873576 0.8003491
vt 0.7113672 0.7763391
vt 0.6873576 0.8003491
vt 0.7113672 0.7763391
vt 0.7113672 0.2157128
vt 0.6800696 0.2157128
vt 0.7113672 0.2157128
vt 0.6455217 0.7033045
vt 0.6455217 0.2391386
vt 0.3544783 0.7033045
vt 0.3544783 0.2391386
vt 0.3199304 0.2157128
vt 0.3408104 0.1920198
vt 0.6591896 0.1920198
vt 0.3126424 0.1920198
vt 0.2886328 0.2157128
vt 0.6873576 0.1920198
vt 0.7113672 0.2157128
vt 0.3126424 0.1920198
vt 0.6873576 0.1920198
vt 0.3199304 0.2157128
vt 0.2886328 0.7763391
vt 0.6800696 0.2157128
vt 0.7113672 0.7763391
vt 0.6873576 0.1920198
vt 0.3126424 0.1920198
vt 0.3408104 0.1920198
vt 0.6591896 0.1920198
vt 0.6800696 0.7763391
vt 0.3199304 0.7763391
vt 0.3408104 0.8003491
vt 0.3126424 0.8003491
vt 0.6591896 0.8003491
vt 0.6873576 0.8003491
vt 0.3544783 0.2391386
vt 0.6455217 0.2391386
vt 0.6455217 0.2391386
vt 0.3544783 0.2391386
vt 0.3126424 0.8003491
vt 0.3126424 0.8003491
vt 0.6873576 0.8003491
vt 0.6873576 0.8003491
vt 0.3408104 0.8003491
vt 0.6591896 0.8003491
vt 0.3126424 0.8003491
vt 0.3408104 0.8003491
vt 0.6591896 0.8003491
vt 0.6873576 0.8003491
vt 0.3574827 0.8349172
vt 0.3324289 0.8396623
vt 0.3532011 0.8396623
vt 0.3281474 0.8349172
vt 0.3574792 0.7977442
vt 0.3281508 0.7977442
vt 0.3141803 0.7977442
vt 0.314228 0.845753
vt 0.314228 0.845753
vt 0.3141803 0.7977442
vt 0.371402 0.845753
vt 0.3714497 0.7977442
vt 0.3655178 0.8518518
vt 0.3201122 0.8518518
vt 0.371402 0.845753
vt 0.3714497 0.7977442
vt 0.371402 0.845753
vt 0.3714497 0.7977442
vt 0.3574792 0.7977442
vt 0.3574827 0.8349172
vt 0.3532011 0.8396623
vt 0.3655178 0.8518518
vt 0.3324289 0.8396623
vt 0.3201122 0.8518518
vt 0.314228 0.845753
vt 0.3281474 0.8349172
vt 0.3141803 0.7977442
vt 0.3281508 0.7977442
vt 0.314228 0.845753
vt 0.314228 0.845753
vt 0.3201122 0.8518518
vt 0.3201122 0.8518518
vt 0.3655178 0.8518518
vt 0.3655178 0.8518518
vt 0.371402 0.845753
vt 0.3655178 0.8518518
vt 0.371402 0.845753
vt -0.4106663 0.4363424
vt -0.4106663 0.4602201
vt -0.3585106 0.4602201
vt -0.3407356 0.4363424
vt -0.4106663 0.4363424
vt -0.3407356 0.4363424
vt -0.3342543 0.4433805
vt -0.3407356 0.4363424
vt -0.3342543 0.6043054
vt -0.3585106 0.6188062
vt -0.3585106 0.4602201
vt -0.3513279 0.6267347
vt -0.3585106 0.6188062
vt -0.4106663 0.4602201
vt -0.4106663 0.4363424
vt -0.3342543 0.4433805
vt -0.3342543 0.6043054
vt -0.3513279 0.6267347
vt -0.1054279 0.6267347
vt -0.1054279 0.6043054
vt -0.1054279 0.6043054
vt -0.1054279 0.6267347
vt -0.1054279 0.6043054
vt -0.1054279 0.6267347
vt -0.1054279 0.6043054
vt -0.3342543 0.6043054
vt -0.3342543 0.4433805
vt -0.4106663 0.4602201
vt -0.4106663 0.4602201
vt -0.3585106 0.4602201
vt -0.3585106 0.4602201
vt -0.3513279 0.6267347
vt -0.3585106 0.6188062
vt -0.3585106 0.6188062
vt -0.3513279 0.6267347
vt -0.3513279 0.6267347
vt -0.1054279 0.6267347
vt -0.1054279 0.6267347
vt -0.3420516 0.4440015
vt -0.4106663 0.3732653
vt -0.4106663 0.4440015
vt -0.266892 0.3732653
vt -0.266892 0.4438353
vt -0.266892 0.4438353
vt -0.266892 0.3732653
vt -0.4106663 0.3732653
vt -0.1084667 0.5240092
vt -0.1084667 0.5373287
vt -0.1084667 0.5373287
vt -0.1084667 0.5240092
vt -0.1757995 0.5240092
vt -0.1757995 0.5240092
vt -0.1757892 0.5373287
vt -0.3420516 0.5373287
vt -0.3420516 0.5239242
vt -0.266892 0.4438353
vt -0.1757995 0.4438353
vt -0.266892 0.4438353
vt -0.1757995 0.4438353
vt -0.1757995 0.4567476
vt -0.2668535 0.4567475
vt -0.3420516 0.4567475
vt -0.3420516 0.4440015
vt -0.1757995 0.4567476
vt -0.1757995 0.5240092
vt -0.1757995 0.5240092
vt -0.1757995 0.4567476
vt -0.2668535 0.4567475
vt -0.3420516 0.5239242
vt -0.3420516 0.4567476
vt -0.4106663 0.3732653
vt -0.3420516 0.4440015
vt -0.4106663 0.4440015
vt -0.266892 0.3732653
vt -0.266892 0.4438353
vt -0.266892 0.4438353
vt -0.3420516 0.4567476
vt -0.3420516 0.4440015
vt -0.2668535 0.4567475
vt -0.1757995 0.4438353
vt -0.1757995 0.4567476
vt -0.1757995 0.4438353
vt -0.1757995 0.4567476
vt -0.1757995 0.5240092
vt -0.1757995 0.4567476
vt -0.2668535 0.4567475
vt -0.3420516 0.5239242
vt -0.3420516 0.4567475
vt -0.1757892 0.5373287
vt -0.3420516 0.5373287
vt -0.3420516 0.6078044
vt -0.1084667 0.6078044
vt -0.1084667 0.5373287
vt -0.1084667 0.6078044
vt -0.1084667 0.5373287
vt -0.1757892 0.5373287
vt -0.3420516 0.6078044
vt -0.3420516 0.5373287
vt -0.1084667 0.5373287
vt -0.1084667 0.5240092
vt -0.1757995 0.5240092
vt -0.1757892 0.5373287
vt -0.3420516 0.5373287
vt -0.3420516 0.5239242
vt -0.5872264 0.4363424
vt -0.6393821 0.4602201
vt -0.5872264 0.4602201
vt -0.6571572 0.4363424
vt -0.5872264 0.4363424
vt -0.6571572 0.4363424
vt -0.6636384 0.4433805
vt -0.6571572 0.4363424
vt -0.6636384 0.6043054
vt -0.6393821 0.6188062
vt -0.6393821 0.4602201
vt -0.6465648 0.6267347
vt -0.6393821 0.6188062
vt -0.5872264 0.4602201
vt -0.5872264 0.4363424
vt -0.6636384 0.4433805
vt -0.6636384 0.6043054
vt -0.6465648 0.6267347
vt -0.8924649 0.6267347
vt -0.8924649 0.6043054
vt -0.8924649 0.6043054
vt -0.8924649 0.6267347
vt -0.6636384 0.6043054
vt -0.6636384 0.4433805
vt -0.8924649 0.6043054
vt -0.8924649 0.6043054
vt -0.8924649 0.6267347
vt -0.5872264 0.4602201
vt -0.6393821 0.4602201
vt -0.6393821 0.4602201
vt -0.5872264 0.4602201
vt -0.6465648 0.6267347
vt -0.6393821 0.6188062
vt -0.6393821 0.6188062
vt -0.6465648 0.6267347
vt -0.6465648 0.6267347
vt -0.8924649 0.6267347
vt -0.8924649 0.6267347
vt -0.6558411 0.4440015
vt -0.5872264 0.4440015
vt -0.5872264 0.3732653
vt -0.7310008 0.3732653
vt -0.7310008 0.4438353
vt -0.7310008 0.4438353
vt -0.7310008 0.3732653
vt -0.5872264 0.3732653
vt -0.889426 0.5240092
vt -0.889426 0.5373287
vt -0.889426 0.5373287
vt -0.889426 0.5240092
vt -0.8220933 0.5240092
vt -0.8220933 0.5240092
vt -0.8221034 0.5373287
vt -0.6558411 0.5373287
vt -0.6558411 0.5239242
vt -0.7310008 0.4438353
vt -0.7310008 0.4438353
vt -0.8220933 0.4438353
vt -0.8220933 0.4438353
vt -0.8220933 0.4567476
vt -0.7310393 0.4567475
vt -0.6558411 0.4567475
vt -0.6558411 0.4440015
vt -0.8220933 0.4567476
vt -0.8220933 0.5240092
vt -0.8220933 0.5240092
vt -0.8220933 0.4567476
vt -0.7310393 0.4567475
vt -0.6558411 0.5239242
vt -0.6558411 0.4567476
vt -0.5872264 0.3732653
vt -0.5872264 0.4440015
vt -0.6558411 0.4440015
vt -0.7310008 0.3732653
vt -0.7310008 0.4438353
vt -0.7310008 0.4438353
vt -0.6558411 0.4440015
vt -0.6558411 0.4567476
vt -0.7310393 0.4567475
vt -0.8220933 0.4438353
vt -0.8220933 0.4567476
vt -0.8220933 0.4438353
vt -0.8220933 0.4567476
vt -0.8220933 0.5240092
vt -0.7310393 0.4567475
vt -0.8220933 0.4567476
vt -0.6558411 0.5239242
vt -0.6558411 0.4567475
vt -0.8221034 0.5373287
vt -0.6558411 0.6078044
vt -0.6558411 0.5373287
vt -0.889426 0.6078044
vt -0.889426 0.5373287
vt -0.889426 0.6078044
vt -0.889426 0.5373287
vt -0.8221034 0.5373287
vt -0.6558411 0.6078044
vt -0.6558411 0.5373287
vt -0.889426 0.5373287
vt -0.8220933 0.5240092
vt -0.889426 0.5240092
vt -0.8221034 0.5373287
vt -0.6558411 0.5373287
vt -0.6558411 0.5239242
vt 0.375 0.25
vt 0.625 0.5
vt 0.625 0.25
vt 0.375 0.5
vt 0.625 0.75
vt 0.375 0.75
vt 0.625 1
vt 0.375 1
vt 0.625 0
vt 0.625 0.25
vt 0.875 0.25
vt 0.875 0
vt 0.125 0
vt 0.125 0.25
vt 0.375 0.25
vt 0.375 0
vt 0.375 0.75
vt 0.375 1
vt 0.625 1
vt 0.625 0.75
vt 0.375 0.5
vt 0.625 0.5
vt 0.375 0.25
vt 0.625 0.25
vt 0.375 0
vt 0.125 0
vt 0.125 0.25
vt 0.625 0
vt 0.875 0.25
vt 0.875 0
vt 0.375 0.25
vt 0.625 0.5
vt 0.625 0.25
vt 0.375 0.5
vt 0.625 0.75
vt 0.375 0.75
vt 0.625 1
vt 0.375 1
vt 0.625 0
vt 0.625 0.25
vt 0.875 0.25
vt 0.875 0
vt 0.125 0
vt 0.125 0.25
vt 0.375 0.25
vt 0.375 0
vt 0.375 0.75
vt 0.375 1
vt 0.625 1
vt 0.625 0.75
vt 0.375 0.5
vt 0.625 0.5
vt 0.375 0.25
vt 0.625 0.25
vt 0.375 0
vt 0.125 0
vt 0.125 0.25
vt 0.625 0
vt 0.875 0.25
vt 0.875 0
vt 0.375 0.25
vt 0.375 0.5
vt 0.4057979 0.5
vt 0.4057979 0.25
vt 0.5801885 0.25
vt 0.5801885 0.5
vt 0.625 0.25
vt 0.625 0.5
vt 0.375 0.75
vt 0.375 1
vt 0.4057979 1
vt 0.4057979 0.75
vt 0.375 0.5
vt 0.4057979 0.5
vt 0.5801885 0.5
vt 0.5801885 0.75
vt 0.625 0.5
vt 0.5801885 1
vt 0.625 0.75
vt 0.625 1
vt 0.625 0
vt 0.875 0.25
vt 0.875 0
vt 0.625 0.25
vt 0.5801885 0.25
vt 0.5801885 0
vt 0.4057979 0.25
vt 0.4057979 0
vt 0.375 0
vt 0.375 0.25
vt 0.125 0
vt 0.125 0.25
vt 0.375 0.25
vt 0.375 0.5
vt 0.4057979 0.5
vt 0.4057979 0.25
vt 0.5801885 0.25
vt 0.5801885 0.5
vt 0.625 0.25
vt 0.625 0.5
vt 0.375 0.5
vt 0.375 0.75
vt 0.4057979 0.75
vt 0.4057979 0.5
vt 0.5801885 0.5
vt 0.5801885 0.75
vt 0.625 0.5
vt 0.625 0.75
vt 0.625 0
vt 0.875 0.25
vt 0.875 0
vt 0.625 0.25
vt 0.5801885 0.25
vt 0.5801885 0
vt 0.4057979 0.25
vt 0.4057979 0
vt 0.375 0
vt 0.375 0.25
vt 0.125 0
vt 0.125 0.25
vt 0.375 0.5
vt 0.375 0.6343057
vt 0.4057979 0.6343057
vt 0.4057979 0.5
vt 0.5801885 0.6343057
vt 0.5801885 0.5
vt 0.625 0.6343057
vt 0.625 0.5
vt 0.625 0
vt 0.875 0.1156942
vt 0.875 0
vt 0.625 0.1156942
vt 0.5801885 0
vt 0.5801885 0.1156942
vt 0.4057979 0
vt 0.4057979 0.1156942
vt 0.375 0
vt 0.375 0.1156942
vt 0.125 0
vt 0.125 0.1156942
vt 0.5801885 0.75
vt 0.625 0.75
vt 0.625 0.6343057
vt 0.5801885 0.6343057
vt 0.4057979 0.75
vt 0.4057979 0.6343057
vt 0.375 0.6343057
vt 0.375 0.75
vt 0.625 0.1156942
vt 0.875 0.25
vt 0.875 0.1156942
vt 0.625 0.25
vt 0.5801885 0.25
vt 0.5801885 0.1156942
vt 0.4057979 0.25
vt 0.4057979 0.1156942
vt 0.375 0.1156942
vt 0.375 0.25
vt 0.125 0.1156942
vt 0.125 0.25
vt 0.375 0.25
vt 0.375 0.5
vt 0.4057979 0.5
vt 0.4057979 0.25
vt 0.5801885 0.25
vt 0.5801885 0.5
vt 0.625 0.25
vt 0.625 0.5
vt 0.375 0.5
vt 0.375 0.75
vt 0.4057979 0.75
vt 0.4057979 0.5
vt 0.5801885 0.5
vt 0.5801885 0.75
vt 0.625 0.5
vt 0.625 0.75
vt 0.625 0
vt 0.875 0.25
vt 0.875 0
vt 0.625 0.25
vt 0.5801885 0.25
vt 0.5801885 0
vt 0.4057979 0.25
vt 0.4057979 0
vt 0.375 0
vt 0.375 0.25
vt 0.125 0
vt 0.125 0.25
vt 0.375 0.25
vt 0.375 0.5
vt 0.4057979 0.5
vt 0.4057979 0.25
vt 0.5801885 0.25
vt 0.5801885 0.5
vt 0.625 0.25
vt 0.625 0.5
vt 0.375 0.5
vt 0.375 0.75
vt 0.4057979 0.75
vt 0.4057979 0.5
vt 0.5801885 0.5
vt 0.5801885 0.75
vt 0.625 0.5
vt 0.625 0.75
vt 0.625 0
vt 0.875 0.25
vt 0.875 0
vt 0.625 0.25
vt 0.5801885 0.25
vt 0.5801885 0
vt 0.4057979 0.25
vt 0.4057979 0
vt 0.375 0
vt 0.375 0.25
vt 0.125 0
vt 0.125 0.25
vt 0.375 0.25
vt 0.375 0.5
vt 0.4057979 0.5
vt 0.4057979 0.25
vt 0.5801885 0.25
vt 0.5801885 0.5
vt 0.625 0.25
vt 0.625 0.5
vt 0.375 0.5
vt 0.375 0.75
vt 0.4057979 0.75
vt 0.4057979 0.5
vt 0.5801885 0.5
vt 0.5801885 0.75
vt 0.625 0.5
vt 0.625 0.75
vt 0.625 0
vt 0.875 0.25
vt 0.875 0
vt 0.625 0.25
vt 0.5801885 0.25
vt 0.5801885 0
vt 0.4057979 0.25
vt 0.4057979 0
vt 0.375 0
vt 0.375 0.25
vt 0.125 0
vt 0.125 0.25
vt 0.375 0.25
vt 0.375 0.5
vt 0.4057979 0.5
vt 0.4057979 0.25
vt 0.5801885 0.25
vt 0.5801885 0.5
vt 0.625 0.25
vt 0.625 0.5
vt 0.375 0.5
vt 0.375 0.75
vt 0.4057979 0.75
vt 0.4057979 0.5
vt 0.5801885 0.5
vt 0.5801885 0.75
vt 0.625 0.5
vt 0.625 0.75
vt 0.625 0
vt 0.875 0.25
vt 0.875 0
vt 0.625 0.25
vt 0.5801885 0.25
vt 0.5801885 0
vt 0.4057979 0.25
vt 0.4057979 0
vt 0.375 0
vt 0.375 0.25
vt 0.125 0
vt 0.125 0.25
vt 0.375 0.25
vt 0.375 0.5
vt 0.4057979 0.5
vt 0.4057979 0.25
vt 0.5801885 0.25
vt 0.5801885 0.5
vt 0.625 0.25
vt 0.625 0.5
vt 0.375 0.5
vt 0.375 0.75
vt 0.4057979 0.75
vt 0.4057979 0.5
vt 0.5801885 0.5
vt 0.5801885 0.75
vt 0.625 0.5
vt 0.625 0.75
vt 0.625 0
vt 0.875 0.25
vt 0.875 0
vt 0.625 0.25
vt 0.5801885 0.25
vt 0.5801885 0
vt 0.4057979 0.25
vt 0.4057979 0
vt 0.375 0
vt 0.375 0.25
vt 0.125 0
vt 0.125 0.25
vt 0.375 0.25
vt 0.375 0.5
vt 0.4057979 0.5
vt 0.4057979 0.25
vt 0.5801885 0.25
vt 0.5801885 0.5
vt 0.625 0.25
vt 0.625 0.5
vt 0.375 0.5
vt 0.375 0.75
vt 0.4057979 0.75
vt 0.4057979 0.5
vt 0.5801885 0.5
vt 0.5801885 0.75
vt 0.625 0.5
vt 0.625 0.75
vt 0.625 0
vt 0.875 0.25
vt 0.875 0
vt 0.625 0.25
vt 0.5801885 0.25
vt 0.5801885 0
vt 0.4057979 0.25
vt 0.4057979 0
vt 0.375 0
vt 0.375 0.25
vt 0.125 0
vt 0.125 0.25
vt 0.375 0.25
vt 0.375 0.5
vt 0.4057979 0.5
vt 0.4057979 0.25
vt 0.5801885 0.25
vt 0.5801885 0.5
vt 0.625 0.25
vt 0.625 0.5
vt 0.375 0.5
vt 0.375 0.75
vt 0.4057979 0.75
vt 0.4057979 0.5
vt 0.5801885 0.5
vt 0.5801885 0.75
vt 0.625 0.5
vt 0.625 0.75
vt 0.625 0
vt 0.875 0.25
vt 0.875 0
vt 0.625 0.25
vt 0.5801885 0.25
vt 0.5801885 0
vt 0.4057979 0.25
vt 0.4057979 0
vt 0.375 0
vt 0.375 0.25
vt 0.125 0
vt 0.125 0.25
vt 0 0
vt 0 1
vt 1 1
vt 1 0
vt 0 0
vt 0 1
vt 1 1
vt 1 0
vt 0 0
vt 0 1
vt 1 1
vt 1 0
vt 0 0
vt 0 1
vt 1 1
vt 1 0
vt 0 0
vt 0 1
vt 1 1
vt 1 0
vt 0 0
vt 0 1
vt 1 1
vt 1 0
vt 0 0
vt 0 1
vt 1 1
vt 1 0
vt 0 0
vt 0 1
vt 1 1
vt 1 0
vt 0 0
vt 0 1
vt 1 1
vt 1 0
vt 0 0
vt 0 1
vt 1 1
vt 1 0
vt 0 0
vt 0 1
vt 1 1
vt 1 0
vt 0 0
vt 0 1
vt 1 1
vt 1 0
vt 0 0
vt 0 1
vt 1 1
vt 1 0
vt 0 0
vt 0 1
vt 1 1
vt 1 0
vt 0 0
vt 0 1
vt 1 1
vt 1 0
vt 0 0
vt 0 1
vt 1 1
vt 1 0
vt 0 0
vt 0 1
vt 1 1
vt 1 0
vt 0 0
vt 0 1
vt 1 1
vt 1 0
vt 0 0
vt 0 1
vt 1 1
vt 1 0
vt 0 0
vt 0 1
vt 1 1
vt 1 0
vt 0 0
vt 0 1
vt 1 1
vt 1 0
vt 0 0
vt 0 1
vt 1 1
vt 1 0
vt 0 0
vt 0 1
vt 1 1
vt 1 0
vt 0 0
vt 0 1
vt 1 1
vt 1 0
vt 0 0
vt 0 1
vt 1 1
vt 1 0
vt 0 0
vt 0 1
vt 1 1
vt 1 0
vt 0 0
vt 0 1
vt 1 1
vt 1 0
vt 0 0
vt 0 1
vt 1 1
vt 1 0
vt 0 0
vt 0 1
vt 1 1
vt 1 0
vt 0 0
vt 0 1
vt 1 1
vt 1 0
vt 0 0
vt 0 1
vt 1 1
vt 1 0
vt 0 0
vt 0 1
vt 1 1
vt 1 0
vt 0 0
vt 0 1
vt 1 1
vt 1 0
vt 0 0
vt 0 1
vt 1 1
vt 1 0
vt 0 0
vt 0 1
vt 1 1
vt 1 0
vt 0 0
vt 0 1
vt 1 1
vt 1 0
vt 0 0
vt 0 1
vt 1 1
vt 1 0
vt 0 0
vt 0 1
vt 1 1
vt 1 0
vt 0 0
vt 0 1
vt 1 1
vt 1 0
vt 0 0
vt 0 1
vt 1 1
vt 1 0
vt 0 0
vt 0 1
vt 1 1
vt 1 0
vt 0 0
vt 0 1
vt 1 1
vt 1 0
vt 0 0
vt 0 1
vt 1 1
vt 1 0
vt 0 0
vt 0 1
vt 1 1
vt 1 0
vt 0 0
vt 0 1
vt 1 1
vt 1 0
vt 0 0
vt 0 1
vt 1 1
vt 1 0
vt 0 0
vt 0 1
vt 1 1
vt 1 0
vt 0 0
vt 0 1
vt 1 1
vt 1 0
vt 0 0
vt 0 1
vt 1 1
vt 1 0
vt 0 0
vt 0 1
vt 1 1
vt 1 0
vt 0.3544783 0.7033045
vt 0.6455217 0.2391386
vt 0.3544783 0.2391386
vt 0.3544783 0.2391386
vt 0.3544783 0.7033045
vt 0.6455217 0.7033045
vt 0.6455217 0.7033045
vt 0.6455217 0.2391386
vn -0.0009921399 -0.8005528 -0.5992614
vn 0.0009919581 0.8004084 -0.5994543
vn 0.3414234 0.2566198 -0.9041993
vn 0.202095 -0.2905452 -0.935276
vn -0.0009921399 -0.8005528 0.5992614
vn 0.202095 -0.2905452 0.935276
vn 0.8677264 -0.08328637 0.4900146
vn 0.8677267 -0.08328596 -0.4900141
vn -0.9357383 -0.02612858 -0.3517261
vn 0.242636 -0.935598 -0.2564844
vn -0.2440307 -0.9352385 -0.2564721
vn -0.930823 0.03346439 -0.3639351
vn 0.8761402 0.05354872 -0.4790728
vn 0.3414234 0.2566199 0.9041993
vn -0.2894084 0.9074498 -0.3045944
vn 0.2907584 0.9070219 -0.3045829
vn -0.930823 0.03346434 0.3639351
vn 0.8761403 0.05354865 0.4790727
vn 0.2907585 0.9070219 0.3045832
vn -0.2894085 0.9074497 0.3045946
vn -0.9357381 -0.02612872 0.3517263
vn 0.202095 -0.2905452 0.935276
vn 0.0009919581 0.8004084 0.5994543
vn -0.0009921399 -0.8005528 0.5992614
vn 0.8677264 -0.08328637 0.4900146
vn -0.2440302 -0.9352382 0.2564735
vn -0.2440307 -0.9352385 -0.2564721
vn -0.9357383 -0.02612858 -0.3517261
vn 0.242636 -0.935598 -0.2564844
vn 0.2426354 -0.9355977 0.2564859
vn 0.8677267 -0.08328596 -0.4900141
vn 0.0009919581 0.8004084 -0.5994543
vn 0.0009919581 0.8004084 0.5994543
vn 0.3414234 0.2566199 0.9041993
vn 0.3414234 0.2566198 -0.9041993
vn 0.2907585 0.9070219 0.3045832
vn -0.2894085 0.9074497 0.3045946
vn -0.2894084 0.9074498 -0.3045944
vn 0.2907584 0.9070219 -0.3045829
vn -0.930823 0.03346439 -0.3639351
vn -0.2894085 0.9074497 0.3045946
vn -0.930823 0.03346434 0.3639351
vn 0.8761403 0.05354865 0.4790727
vn 0.2907585 0.9070219 0.3045832
vn 0.8761402 0.05354872 -0.4790728
vn 0.0009921386 -0.8005527 -0.5992614
vn -0.3414235 0.2566199 -0.9041992
vn -0.0009919591 0.8004084 -0.5994543
vn -0.2020951 -0.2905452 -0.935276
vn 0.0009921404 -0.8005527 0.5992614
vn -0.202095 -0.2905452 0.935276
vn -0.8677262 -0.08328651 0.4900149
vn -0.8677265 -0.08328667 -0.4900142
vn 0.9357383 -0.02612877 -0.3517261
vn -0.2426351 -0.9355981 -0.2564846
vn 0.2440303 -0.9352387 -0.2564723
vn 0.930823 0.03346435 -0.3639351
vn -0.8761402 0.05354867 -0.4790728
vn -0.3414234 0.2566199 0.9041993
vn 0.2894085 0.9074497 -0.3045945
vn -0.2907586 0.9070219 -0.304583
vn 0.930823 0.0334643 0.363935
vn -0.8761404 0.05354859 0.4790727
vn -0.2907586 0.9070219 0.3045827
vn 0.2894086 0.9074498 0.3045942
vn 0.9357381 -0.02612872 0.3517264
vn -0.202095 -0.2905452 0.935276
vn -0.0009919575 0.8004084 0.5994543
vn 0.0009921404 -0.8005527 0.5992614
vn -0.8677262 -0.08328651 0.4900149
vn 0.2440301 -0.935238 0.2564744
vn 0.2440303 -0.9352387 -0.2564723
vn 0.9357383 -0.02612877 -0.3517261
vn -0.2426351 -0.9355981 -0.2564846
vn -0.242635 -0.9355975 0.2564867
vn -0.8677265 -0.08328667 -0.4900142
vn -0.0009919591 0.8004084 -0.5994543
vn -0.3414235 0.2566199 -0.9041992
vn -0.3414234 0.2566199 0.9041993
vn -0.0009919575 0.8004084 0.5994543
vn -0.2907586 0.9070219 0.3045827
vn 0.2894085 0.9074497 -0.3045945
vn 0.2894086 0.9074498 0.3045942
vn -0.2907586 0.9070219 -0.304583
vn -0.8761404 0.05354859 0.4790727
vn -0.8761402 0.05354867 -0.4790728
vn -0.2907586 0.9070219 0.3045827
vn 0.930823 0.03346435 -0.3639351
vn 0.2894086 0.9074498 0.3045942
vn 0.930823 0.0334643 0.363935
vn 0 0 -1
vn 0 0 -1
vn 0 0 -1
vn 0 0 -1
vn 0 0 -1
vn 0 0 -1
vn -0.9682024 0.0009616421 -0.2501665
vn -0.9785671 0.1072693 -0.1757836
vn -0.6631991 0.07286575 0.7448876
vn -0.6417375 0.000830161 0.766924
vn 0.6631992 0.07286581 0.7448876
vn 0.6417374 0.0008302124 0.766924
vn 0.1160363 0.9758384 0.1851355
vn -0.1160363 0.9758384 0.1851354
vn 0.978567 0.1072693 -0.1757838
vn 0.9682024 0.0009617198 -0.2501664
vn 0.978567 0.1072693 -0.1757838
vn 0 0 -1
vn 0.9682024 0.0009617198 -0.2501664
vn 0 0 -1
vn 0 0 -1
vn 0.1170456 0.9843261 -0.1319187
vn 0 0 -1
vn -0.1170456 0.9843261 -0.1319183
vn -0.9785671 0.1072693 -0.1757836
vn 0 0 -1
vn -0.9682024 0.0009616421 -0.2501665
vn 0 0 -1
vn -0.9785671 0.1072693 -0.1757836
vn -0.1160363 0.9758384 0.1851354
vn -0.6631991 0.07286575 0.7448876
vn -0.1170456 0.9843261 -0.1319183
vn 0.1170456 0.9843261 -0.1319187
vn 0.1160363 0.9758384 0.1851355
vn 0.6631992 0.07286581 0.7448876
vn 0.1170456 0.9843261 -0.1319187
vn 0.978567 0.1072693 -0.1757838
vn 0.7071064 0 0.7071071
vn 0.6307226 -0.4520807 0.6307233
vn -0.6307226 -0.4520807 0.6307233
vn -0.7071064 0 0.7071071
vn 0.6307226 -0.4520807 0.6307233
vn 0.7071064 0 0.7071071
vn 0.7071064 0 -0.7071071
vn 0.6307226 -0.4520807 -0.6307233
vn -0.7071064 0 -0.7071071
vn -0.6307226 -0.4520807 -0.6307233
vn -0.6307226 -0.4520807 0.6307233
vn -0.7071064 0 0.7071071
vn -0.7071064 0 0.7071071
vn 0.7071064 0 0.7071071
vn 0.6307226 -0.4520807 0.6307233
vn -0.6307226 -0.4520807 0.6307233
vn -0.6307226 -0.4520807 0.6307233
vn -0.7071064 0 -0.7071071
vn -0.7071064 0 0.7071071
vn -0.6307226 -0.4520807 -0.6307233
vn 0.7071064 0 -0.7071071
vn 0.6307226 -0.4520807 -0.6307233
vn 0.6307226 -0.4520807 0.6307233
vn 0.7071064 0 0.7071071
vn -0.7071073 0 0.7071062
vn -0.6307233 0.4520812 0.6307223
vn 0.6307233 0.4520812 0.6307223
vn 0.7071073 0 0.7071062
vn -0.6307233 0.4520812 0.6307223
vn -0.7071073 0 0.7071062
vn -0.7071073 0 -0.7071062
vn -0.6307233 0.4520812 -0.6307223
vn 0.7071073 0 -0.7071062
vn 0.6307233 0.4520812 -0.6307223
vn 0.6307233 0.4520812 0.6307223
vn 0.7071073 0 0.7071062
vn 0.7071073 0 0.7071062
vn -0.7071073 0 0.7071062
vn -0.6307233 0.4520812 0.6307223
vn 0.6307233 0.4520812 0.6307223
vn 0.6307233 0.4520812 0.6307223
vn 0.7071073 0 -0.7071062
vn 0.7071073 0 0.7071062
vn 0.6307233 0.4520812 -0.6307223
vn -0.7071073 0 -0.7071062
vn -0.6307233 0.4520812 -0.6307223
vn -0.6307233 0.4520812 0.6307223
vn -0.7071073 0 0.7071062
vn 0.9947605 -0.02949893 -0.09788468
vn 0.9947605 -0.02949894 0.09788466
vn 0.994758 0.02955267 0.09789341
vn 0.994758 0.02955265 -0.09789342
vn 0.3752595 0.1324175 -0.9174126
vn 0.08722382 0.9961658 0.006774284
vn 0.08722381 0.9961658 -0.006774147
vn 0.02555897 0.9183341 -0.3949801
vn -0.3752595 0.1324175 -0.9174126
vn -0.02555896 0.9183341 -0.3949801
vn -0.08722381 0.9961658 -0.006774145
vn -0.994758 0.02955265 -0.09789342
vn -0.08722382 0.9961658 0.006774286
vn -0.994758 0.02955267 0.09789341
vn -0.9947605 -0.02949894 -0.09788468
vn -0.4415051 -0.1555035 -0.8836809
vn -0.9947605 -0.02949894 0.09788466
vn 0.594362 -0.3726797 -0.7126316
vn 0.7221447 0.4528026 -0.52295
vn -0.594362 -0.3726797 -0.7126316
vn -0.7221447 0.4528026 -0.52295
vn 0.4415051 -0.1555035 -0.8836809
vn 0.02526123 -0.9201207 -0.3908192
vn -0.02526124 -0.9201208 -0.3908192
vn 0.08618205 -0.9962569 -0.006685671
vn 0.9947605 -0.02949894 0.09788466
vn -0.08618207 -0.9962569 -0.006685671
vn -0.9947605 -0.02949894 0.09788466
vn 0.08618206 -0.9962569 0.006685656
vn -0.08618206 -0.9962569 0.006685654
vn 0.08239824 -0.02902166 0.9961768
vn 0.994758 0.02955267 0.09789341
vn -0.08239824 -0.02902166 0.9961768
vn -0.994758 0.02955267 0.09789341
vn -0.08618207 -0.9962569 -0.006685671
vn 0.08618205 -0.9962569 -0.006685671
vn 0.02526126 -0.9201208 0.3908191
vn -0.02526125 -0.9201208 0.3908191
vn -0.08240514 0.02907827 0.9961746
vn 0.08240514 0.02907827 0.9961746
vn 0.02555899 0.9183333 0.394982
vn 0.08722382 0.9961658 0.006774284
vn -0.02555899 0.9183333 0.394982
vn -0.08722382 0.9961658 0.006774286
vn -0.3436336 0.2154668 -0.9140514
vn 0.3436336 0.2154668 -0.9140514
vn 0.7221447 0.4528026 -0.52295
vn -0.7221447 0.4528026 -0.52295
vn 0.08722381 0.9961658 -0.006774147
vn 0.08722382 0.9961658 0.006774284
vn -0.08722382 0.9961658 0.006774286
vn -0.08722381 0.9961658 -0.006774145
vn 0.02555897 0.9183341 -0.3949801
vn -0.02555896 0.9183341 -0.3949801
vn 0.08722382 0.9961658 0.006774284
vn 0.02555899 0.9183333 0.394982
vn -0.02555899 0.9183333 0.394982
vn -0.08722382 0.9961658 0.006774286
vn 0 0 -1
vn 0 0 -1
vn 0 0 -1
vn 0 0 -1
vn 0 0 -1
vn 0 0 -1
vn 0.9682024 0.0009616421 -0.2501663
vn 0.6631992 0.07286575 0.7448874
vn 0.9785671 0.1072693 -0.1757831
vn 0.6417378 0.0008301614 0.7669237
vn -0.6631994 0.07286578 0.7448874
vn -0.6417376 0.0008301613 0.7669237
vn -0.1160363 0.9758382 0.1851361
vn 0.1160363 0.9758382 0.185136
vn -0.978567 0.1072692 -0.1757838
vn -0.9682024 0.0009616421 -0.2501663
vn -0.978567 0.1072692 -0.1757838
vn -0.9682024 0.0009616421 -0.2501663
vn 0 0 -1
vn 0 0 -1
vn 0 0 -1
vn -0.1170456 0.9843261 -0.1319191
vn 0 0 -1
vn 0.1170456 0.9843261 -0.1319183
vn 0.9785671 0.1072693 -0.1757831
vn 0 0 -1
vn 0.9682024 0.0009616421 -0.2501663
vn 0 0 -1
vn 0.9785671 0.1072693 -0.1757831
vn 0.6631992 0.07286575 0.7448874
vn 0.1160363 0.9758382 0.185136
vn 0.1170456 0.9843261 -0.1319183
vn -0.1170456 0.9843261 -0.1319191
vn -0.1160363 0.9758382 0.1851361
vn -0.6631994 0.07286578 0.7448874
vn -0.1170456 0.9843261 -0.1319191
vn -0.978567 0.1072692 -0.1757838
vn 0 -0.7533575 -0.6576112
vn 0 0.6495915 -0.7602835
vn 0.4543389 0.1408779 -0.879619
vn -0.08074813 -0.8766654 -0.4742758
vn 0 -0.7533575 0.6576112
vn -0.08074816 -0.8766655 0.4742755
vn -0.8477063 -0.03093882 -0.5295628
vn -0.08074816 -0.8766655 0.4742755
vn -0.3671412 -0.2738691 -0.8889337
vn 0.8292941 0.03381912 -0.5577881
vn 0.4543389 0.1408779 0.879619
vn 0.04621222 0.882871 -0.4673362
vn 0.8292941 0.03381912 0.557788
vn 0 0.6495915 0.7602835
vn 0 -0.7533575 0.6576112
vn -0.8477064 -0.03093882 0.5295627
vn -0.3671411 -0.2738691 0.8889337
vn 0.04621222 0.882871 0.4673363
vn -0.1156957 0.7442797 0.6577706
vn -0.1235667 -0.7008544 0.7025201
vn -0.1235667 -0.7008544 -0.7025201
vn -0.1156957 0.7442797 -0.6577706
vn -0.1235667 -0.7008544 -0.7025201
vn -0.1156957 0.7442797 -0.6577706
vn -0.1235667 -0.7008544 0.7025201
vn -0.3671411 -0.2738691 0.8889337
vn -0.8477064 -0.03093882 0.5295627
vn 0 0.6495915 -0.7602835
vn 0 0.6495915 0.7602835
vn 0.4543389 0.1408779 0.879619
vn 0.4543389 0.1408779 -0.879619
vn 0.04621222 0.882871 0.4673363
vn 0.8292941 0.03381912 -0.5577881
vn 0.8292941 0.03381912 0.557788
vn 0.04621222 0.882871 -0.4673362
vn 0.04621222 0.882871 0.4673363
vn -0.1156957 0.7442797 -0.6577706
vn -0.1156957 0.7442797 0.6577706
vn 0 0 -1
vn 0 -0.2524838 -0.9676011
vn 0 0 -1
vn -0.1874982 -0.3496813 -0.9179147
vn -0.2693412 -0.1842829 -0.9452487
vn -0.2693412 -0.1842829 0.9452487
vn -0.1874982 -0.3496813 0.9179147
vn 0 -0.2524838 0.9676011
vn -0.290418 -0.6821789 -0.6710361
vn -0.6048551 0 -0.7963356
vn -0.6048551 0 0.7963356
vn -0.290418 -0.6821789 0.6710361
vn -0.1585613 -0.07592691 -0.9844254
vn -0.1585613 -0.07592689 0.9844254
vn 0 0 1
vn 0 0 1
vn 0 0 1
vn -0.2693412 -0.1842829 -0.9452487
vn -0.2005601 -0.7090811 0.6760028
vn -0.2693412 -0.1842829 0.9452487
vn -0.2005601 -0.7090811 -0.6760028
vn -0.4539501 0 -0.891027
vn 0 0 -1
vn 0 0 -1
vn 0 0 -1
vn -0.4539501 0 -0.891027
vn -0.1585613 -0.07592691 -0.9844254
vn -0.1585613 -0.07592689 0.9844254
vn -0.4539501 0 0.891027
vn 0 0 1
vn 0 0 1
vn 0 0 1
vn 0 -0.2524838 0.9676011
vn 0 0 1
vn 0 0 1
vn -0.1874982 -0.3496813 0.9179147
vn -0.2693412 -0.1842829 0.9452487
vn -0.2693412 -0.1842829 0.9452487
vn 0 0 1
vn 0 0 1
vn 0 0 1
vn -0.2005601 -0.7090811 0.6760028
vn -0.4539501 0 0.891027
vn -0.2005601 -0.7090811 -0.6760028
vn -0.4539501 0 -0.891027
vn -0.1585613 -0.07592691 -0.9844254
vn -0.4539501 0 -0.891027
vn 0 0 -1
vn 0 0 -1
vn 0 0 -1
vn 0 0 -1
vn 0 0 -1
vn 0 0 -1
vn -0.2406312 0 -0.9706166
vn -0.6048551 0 -0.7963356
vn -0.2406312 0 0.9706166
vn -0.6048551 0 0.7963356
vn 0 0 1
vn 0 0 1
vn 0 0 1
vn -0.6048551 0 -0.7963356
vn -0.290418 -0.6821789 -0.6710361
vn -0.1585613 -0.07592691 -0.9844254
vn 0 0 -1
vn 0 0 -1
vn 0 0 -1
vn 0 -0.7533573 -0.6576114
vn -0.4543389 0.1408779 -0.879619
vn 0 0.6495912 -0.7602836
vn 0.08074811 -0.8766652 -0.474276
vn 0 -0.7533573 0.6576114
vn 0.08074814 -0.8766654 0.4742757
vn 0.8477063 -0.03093882 -0.5295628
vn 0.08074814 -0.8766654 0.4742757
vn 0.3671412 -0.2738691 -0.8889337
vn -0.8292941 0.03381912 -0.5577881
vn -0.4543389 0.1408779 0.879619
vn -0.04621222 0.882871 -0.4673363
vn -0.8292941 0.03381912 0.557788
vn 0 0.6495912 0.7602836
vn 0 -0.7533573 0.6576114
vn 0.8477064 -0.03093882 0.5295627
vn 0.3671411 -0.2738691 0.8889337
vn -0.04621221 0.882871 0.4673363
vn 0.1156957 0.7442797 0.6577707
vn 0.1235667 -0.7008544 0.7025201
vn 0.1235667 -0.7008544 -0.7025201
vn 0.1156957 0.7442797 -0.6577707
vn 0.3671411 -0.2738691 0.8889337
vn 0.8477064 -0.03093882 0.5295627
vn 0.1235667 -0.7008544 0.7025201
vn 0.1235667 -0.7008544 -0.7025201
vn 0.1156957 0.7442797 -0.6577707
vn 0 0.6495912 -0.7602836
vn -0.4543389 0.1408779 -0.879619
vn -0.4543389 0.1408779 0.879619
vn 0 0.6495912 0.7602836
vn -0.04621221 0.882871 0.4673363
vn -0.8292941 0.03381912 0.557788
vn -0.8292941 0.03381912 -0.5577881
vn -0.04621222 0.882871 -0.4673363
vn -0.04621221 0.882871 0.4673363
vn 0.1156957 0.7442797 -0.6577707
vn 0.1156957 0.7442797 0.6577707
vn 0 0 -1
vn 0 0 -1
vn 0 -0.2524838 -0.9676011
vn 0.1874982 -0.3496813 -0.9179147
vn 0.2693413 -0.1842829 -0.9452487
vn 0.2693412 -0.1842829 0.9452487
vn 0.1874982 -0.3496813 0.9179147
vn 0 -0.2524838 0.9676011
vn 0.2904179 -0.6821785 -0.6710364
vn 0.6048551 0 0.7963356
vn 0.6048549 0 -0.7963356
vn 0.290418 -0.6821789 0.6710361
vn 0.1585612 -0.0759269 -0.9844254
vn 0.1585613 -0.07592689 0.9844254
vn 0 0 1
vn 0 0 1
vn 0 0 1
vn 0.2693413 -0.1842829 -0.9452487
vn 0.2693412 -0.1842829 0.9452487
vn 0.2005601 -0.7090811 0.6760028
vn 0.2005602 -0.7090814 -0.6760023
vn 0.4539503 0 -0.891027
vn 0 0 -1
vn 0 0 -1
vn 0 0 -1
vn 0.4539503 0 -0.891027
vn 0.1585613 -0.07592689 0.9844254
vn 0.1585612 -0.0759269 -0.9844254
vn 0.4539501 0 0.891027
vn 0 0 1
vn 0 0 1
vn 0 0 1
vn 0 -0.2524838 0.9676011
vn 0 0 1
vn 0 0 1
vn 0.1874982 -0.3496813 0.9179147
vn 0.2693412 -0.1842829 0.9452487
vn 0.2693412 -0.1842829 0.9452487
vn 0 0 1
vn 0 0 1
vn 0 0 1
vn 0.2005601 -0.7090811 0.6760028
vn 0.4539501 0 0.891027
vn 0.2005602 -0.7090814 -0.6760023
vn 0.4539503 0 -0.891027
vn 0.1585612 -0.0759269 -0.9844254
vn 0 0 -1
vn 0.4539503 0 -0.891027
vn 0 0 -1
vn 0 0 -1
vn 0 0 -1
vn 0 0 -1
vn 0 0 -1
vn 0.2406312 0 -0.9706166
vn 0.6048549 0 -0.7963356
vn 0.2406312 0 0.9706166
vn 0.6048551 0 0.7963356
vn 0 0 1
vn 0 0 1
vn 0 0 1
vn 0.6048549 0 -0.7963356
vn 0.1585612 -0.0759269 -0.9844254
vn 0.2904179 -0.6821785 -0.6710364
vn 0 0 -1
vn 0 0 -1
vn 0 0 -1
vn -0.8189555 0.5738569 0
vn 0.2765439 0.1937793 -0.9412614
vn 0.8189555 0.5738569 0
vn -0.2765439 0.1937793 -0.9412614
vn 0.2765439 -0.1937793 -0.9412614
vn -0.2765439 -0.1937793 -0.9412614
vn 0.8189555 -0.5738569 0
vn -0.8189555 -0.5738569 0
vn 0.8189555 -0.5738569 0
vn 0.8189555 0.5738569 0
vn 0.2765439 0.1937793 -0.9412614
vn 0.2765439 -0.1937793 -0.9412614
vn -0.2765439 -0.1937793 -0.9412614
vn -0.2765439 0.1937793 -0.9412614
vn -0.8189555 0.5738569 0
vn -0.8189555 -0.5738569 0
vn -0.2713139 -0.2713144 -0.9234594
vn -0.2713139 -0.2713144 0.9234594
vn 0.2713139 -0.2713144 0.9234594
vn 0.2713139 -0.2713144 -0.9234594
vn -0.2713139 0.2713144 -0.9234594
vn 0.2713139 0.2713144 -0.9234594
vn -0.2713139 0.2713144 0.9234594
vn 0.2713139 0.2713144 0.9234594
vn -0.2713139 -0.2713144 0.9234594
vn -0.2713139 -0.2713144 -0.9234594
vn -0.2713139 0.2713144 -0.9234594
vn 0.2713139 -0.2713144 0.9234594
vn 0.2713139 0.2713144 -0.9234594
vn 0.2713139 -0.2713144 -0.9234594
vn -0.8189556 0.5738568 0
vn 0.2765439 0.1937793 -0.9412614
vn 0.8189556 0.5738568 0
vn -0.2765439 0.1937793 -0.9412614
vn 0.2765439 -0.1937793 -0.9412614
vn -0.2765439 -0.1937793 -0.9412614
vn 0.8189556 -0.5738568 0
vn -0.8189556 -0.5738568 0
vn 0.8189556 -0.5738568 0
vn 0.8189556 0.5738568 0
vn 0.2765439 0.1937793 -0.9412614
vn 0.2765439 -0.1937793 -0.9412614
vn -0.2765439 -0.1937793 -0.9412614
vn -0.2765439 0.1937793 -0.9412614
vn -0.8189556 0.5738568 0
vn -0.8189556 -0.5738568 0
vn -0.2713133 -0.2713139 -0.9234597
vn -0.2713133 -0.2713139 0.9234597
vn 0.2713133 -0.2713139 0.9234597
vn 0.2713133 -0.2713139 -0.9234597
vn -0.2713133 0.2713139 -0.9234597
vn 0.2713133 0.2713139 -0.9234597
vn -0.2713133 0.2713139 0.9234597
vn 0.2713133 0.2713139 0.9234597
vn -0.2713133 -0.2713139 0.9234597
vn -0.2713133 -0.2713139 -0.9234597
vn -0.2713133 0.2713139 -0.9234597
vn 0.2713133 -0.2713139 0.9234597
vn 0.2713133 0.2713139 -0.9234597
vn 0.2713133 -0.2713139 -0.9234597
vn -0.7106834 0.7014864 0.05334685
vn -0.7106834 0.7014864 -0.05334685
vn -0.008590288 0.9938347 -0.1105379
vn -0.008590288 0.9938347 0.1105379
vn 0.008590288 0.9938347 0.1105379
vn 0.008590288 0.9938347 -0.1105379
vn 0.7106832 0.7014867 0.05334685
vn 0.7106832 0.7014867 -0.05334685
vn -0.7106834 -0.7014864 -0.05334685
vn -0.7106834 -0.7014864 0.05334685
vn -0.008590288 -0.9938347 0.1105379
vn -0.008590288 -0.9938347 -0.1105379
vn -0.7106834 0.7014864 -0.05334685
vn -0.008590288 0.9938347 -0.1105379
vn 0.008590288 0.9938347 -0.1105379
vn 0.008590288 -0.9938347 -0.1105379
vn 0.7106832 0.7014867 -0.05334685
vn 0.008590288 -0.9938347 0.1105379
vn 0.7106832 -0.7014867 -0.05334685
vn 0.7106832 -0.7014867 0.05334685
vn 0.7106832 -0.7014867 0.05334685
vn 0.7106832 0.7014867 -0.05334685
vn 0.7106832 -0.7014867 -0.05334685
vn 0.7106832 0.7014867 0.05334685
vn 0.008590288 0.9938347 0.1105379
vn 0.008590288 -0.9938347 0.1105379
vn -0.008590288 0.9938347 0.1105379
vn -0.008590288 -0.9938347 0.1105379
vn -0.7106834 -0.7014864 0.05334685
vn -0.7106834 0.7014864 0.05334685
vn -0.7106834 -0.7014864 -0.05334685
vn -0.7106834 0.7014864 -0.05334685
vn -0.970642 0.174424 0.1656213
vn -0.970642 0.174424 -0.1656213
vn -0.1317915 0.5920421 -0.7950579
vn -0.1317915 0.5920421 0.7950579
vn 0.1317915 0.5920421 0.7950579
vn 0.1317915 0.5920421 -0.7950579
vn 0.970642 0.1744241 0.1656215
vn 0.970642 0.1744241 -0.1656215
vn -0.970642 0.174424 -0.1656213
vn -0.985753 0 -0.1681997
vn -0.1635319 0 -0.9865381
vn -0.1317915 0.5920421 -0.7950579
vn 0.1317915 0.5920421 -0.7950579
vn 0.1635319 0 -0.9865381
vn 0.970642 0.1744241 -0.1656215
vn 0.985753 0 -0.1681999
vn 0.985753 0 0.1681999
vn 0.970642 0.1744241 -0.1656215
vn 0.985753 0 -0.1681999
vn 0.970642 0.1744241 0.1656215
vn 0.1317915 0.5920421 0.7950579
vn 0.1635319 0 0.9865381
vn -0.1317915 0.5920421 0.7950579
vn -0.1635319 0 0.9865381
vn -0.985753 0 0.1681997
vn -0.970642 0.174424 0.1656213
vn -0.985753 0 -0.1681997
vn -0.970642 0.174424 -0.1656213
vn -0.9752765 0 -0.2209879
vn -0.9752765 0 -0.2209879
vn -0.2133249 0 -0.9769813
vn -0.2133249 0 -0.9769813
vn 0.213325 0 -0.9769813
vn 0.2133249 0 -0.9769813
vn 0.9752765 0 -0.2209879
vn 0.9752765 0 -0.2209879
vn 0.9752765 0 0.220988
vn 0.9752765 0 -0.2209879
vn 0.9752765 0 -0.220988
vn 0.9752765 0 0.2209879
vn 0.213325 0 0.9769812
vn 0.213325 0 0.9769813
vn -0.2133251 0 0.9769812
vn -0.213325 0 0.9769812
vn -0.9752765 0 0.2209878
vn -0.9752765 0 0.2209878
vn -0.9752765 0 -0.2209878
vn -0.9752765 0 -0.2209879
vn 0.213325 0 -0.9769813
vn 0.9752765 0 -0.220988
vn 0.9752765 0 -0.2209879
vn 0.213325 0 -0.9769813
vn -0.213325 0 -0.9769812
vn -0.2133249 0 -0.9769813
vn -0.9752765 0 -0.2209879
vn -0.9752765 0 -0.2209878
vn 0.9752765 0 0.2209879
vn 0.9752765 0 -0.2209879
vn 0.9752765 0 -0.2209879
vn 0.9752765 0 0.2209879
vn 0.2133249 0 0.9769813
vn 0.213325 0 0.9769813
vn -0.2133249 0 0.9769813
vn -0.213325 0 0.9769812
vn -0.9752765 0 0.2209878
vn -0.9752765 0 0.2209879
vn -0.9752765 0 -0.2209879
vn -0.9752765 0 -0.2209879
vn -0.9668336 0.1312981 0.2190746
vn -0.9668336 0.1312981 -0.2190746
vn -0.1969395 0.3843456 -0.9019386
vn -0.1969395 0.3843456 0.9019386
vn 0.1969394 0.3843456 0.9019386
vn 0.1969394 0.3843456 -0.9019386
vn 0.9668335 0.1312983 0.2190749
vn 0.9668335 0.1312983 -0.2190749
vn -0.9668336 0.1312981 -0.2190746
vn -0.9752765 0 -0.2209877
vn -0.2133251 0 -0.9769812
vn -0.1969395 0.3843456 -0.9019386
vn 0.1969394 0.3843456 -0.9019386
vn 0.2133251 0 -0.9769812
vn 0.9668335 0.1312983 -0.2190749
vn 0.9752765 0 -0.220988
vn 0.9752765 0 0.220988
vn 0.9668335 0.1312983 -0.2190749
vn 0.9752765 0 -0.220988
vn 0.9668335 0.1312983 0.2190749
vn 0.1969394 0.3843456 0.9019386
vn 0.2133251 0 0.9769812
vn -0.1969395 0.3843456 0.9019386
vn -0.2133251 0 0.9769812
vn -0.9752765 0 0.2209877
vn -0.9668336 0.1312981 0.2190746
vn -0.9752765 0 -0.2209877
vn -0.9668336 0.1312981 -0.2190746
vn -0.9730979 0.1597217 0.1660403
vn -0.9730979 0.1597217 -0.1660403
vn -0.1357939 0.5571939 -0.8192039
vn -0.1357939 0.5571939 0.8192039
vn 0.1357939 0.5571939 0.8192039
vn 0.1357939 0.5571939 -0.8192039
vn 0.9730979 0.1597219 0.1660406
vn 0.9730979 0.1597219 -0.1660406
vn -0.9730979 0.1597217 -0.1660403
vn -0.985753 0 -0.1681997
vn -0.1635318 0 -0.9865381
vn -0.1357939 0.5571939 -0.8192039
vn 0.1357939 0.5571939 -0.8192039
vn 0.1635317 0 -0.9865381
vn 0.9730979 0.1597219 -0.1660406
vn 0.9857529 0 -0.1681999
vn 0.9857529 0 0.1681999
vn 0.9730979 0.1597219 -0.1660406
vn 0.9857529 0 -0.1681999
vn 0.9730979 0.1597219 0.1660406
vn 0.1357939 0.5571939 0.8192039
vn 0.1635317 0 0.9865381
vn -0.1357939 0.5571939 0.8192039
vn -0.1635318 0 0.9865381
vn -0.985753 0 0.1681997
vn -0.9730979 0.1597217 0.1660403
vn -0.985753 0 -0.1681997
vn -0.9730979 0.1597217 -0.1660403
vn -0.9823356 0.08319459 0.1676166
vn -0.9823356 0.08319459 -0.1676166
vn -0.154532 0.327169 -0.9322448
vn -0.154532 0.327169 0.9322448
vn 0.154532 0.327169 0.9322448
vn 0.154532 0.327169 -0.9322448
vn 0.9823356 0.08319461 0.1676166
vn 0.9823356 0.08319461 -0.1676166
vn -0.9823356 0.08319459 -0.1676166
vn -0.985753 0 -0.1681997
vn -0.1635318 0 -0.9865381
vn -0.154532 0.327169 -0.9322448
vn 0.154532 0.327169 -0.9322448
vn 0.1635318 0 -0.9865381
vn 0.9823356 0.08319461 -0.1676166
vn 0.985753 0 -0.1681997
vn 0.985753 0 0.1681997
vn 0.9823356 0.08319461 -0.1676166
vn 0.985753 0 -0.1681997
vn 0.9823356 0.08319461 0.1676166
vn 0.154532 0.327169 0.9322448
vn 0.1635318 0 0.9865381
vn -0.154532 0.327169 0.9322448
vn -0.1635318 0 0.9865381
vn -0.985753 0 0.1681997
vn -0.9823356 0.08319459 0.1676166
vn -0.985753 0 -0.1681997
vn -0.9823356 0.08319459 -0.1676166
vn -0.9760172 0.1401975 0.1665384
vn -0.9760172 0.1401975 -0.1665384
vn -0.141016 0.5063719 -0.8507068
vn -0.141016 0.5063719 0.8507068
vn 0.141016 0.506372 0.8507067
vn 0.141016 0.5063719 -0.8507068
vn 0.9760172 0.1401978 0.1665384
vn 0.9760172 0.1401978 -0.1665384
vn -0.9760172 0.1401975 -0.1665384
vn -0.985753 0 -0.1681997
vn -0.1635318 0 -0.9865381
vn -0.141016 0.5063719 -0.8507068
vn 0.141016 0.5063719 -0.8507068
vn 0.1635318 0 -0.9865381
vn 0.9760172 0.1401978 -0.1665384
vn 0.985753 0 -0.1681997
vn 0.985753 0 0.1681997
vn 0.9760172 0.1401978 -0.1665384
vn 0.985753 0 -0.1681997
vn 0.9760172 0.1401978 0.1665384
vn 0.141016 0.506372 0.8507067
vn 0.1635318 0 0.9865381
vn -0.141016 0.5063719 0.8507068
vn -0.1635318 0 0.9865381
vn -0.985753 0 0.1681997
vn -0.9760172 0.1401975 0.1665384
vn -0.985753 0 -0.1681997
vn -0.9760172 0.1401975 -0.1665384
vn -0.9495646 0.2684678 0.1620249
vn -0.9495646 0.2684678 -0.1620249
vn -0.1069978 0.7562413 -0.6454848
vn -0.1069978 0.7562413 0.6454848
vn 0.1069978 0.7562413 0.6454848
vn 0.1069977 0.7562413 -0.6454848
vn 0.9495645 0.2684682 0.1620251
vn 0.9495645 0.2684682 -0.1620251
vn -0.9495646 0.2684678 -0.1620249
vn -0.985753 0 -0.1681998
vn -0.1635319 0 -0.9865381
vn -0.1069978 0.7562413 -0.6454848
vn 0.1069977 0.7562413 -0.6454848
vn 0.1635319 0 -0.9865381
vn 0.9495645 0.2684682 -0.1620251
vn 0.9857529 0 -0.1682
vn 0.9857529 0 0.1682
vn 0.9495645 0.2684682 -0.1620251
vn 0.9857529 0 -0.1682
vn 0.9495645 0.2684682 0.1620251
vn 0.1069978 0.7562413 0.6454848
vn 0.163532 0 0.9865381
vn -0.1069978 0.7562413 0.6454848
vn -0.163532 0 0.9865381
vn -0.985753 0 0.1681998
vn -0.9495646 0.2684678 0.1620249
vn -0.985753 0 -0.1681998
vn -0.9495646 0.2684678 -0.1620249
vn -0.8974437 0.4136973 0.1531316
vn -0.8974437 0.4136973 -0.1531316
vn -0.07665378 0.8833368 -0.4624286
vn -0.07665378 0.8833368 0.4624286
vn 0.07665378 0.8833368 0.4624287
vn 0.07665378 0.8833368 -0.4624287
vn 0.8974438 0.4136972 0.1531317
vn 0.8974438 0.4136972 -0.1531317
vn -0.8974437 0.4136973 -0.1531316
vn -0.985753 0 -0.1681999
vn -0.163532 0 -0.9865381
vn -0.07665378 0.8833368 -0.4624286
vn 0.07665378 0.8833368 -0.4624287
vn 0.163532 0 -0.9865381
vn 0.8974438 0.4136972 -0.1531317
vn 0.9857529 0 -0.1682
vn 0.9857529 0 0.1682
vn 0.8974438 0.4136972 -0.1531317
vn 0.9857529 0 -0.1682
vn 0.8974438 0.4136972 0.1531317
vn 0.07665378 0.8833368 0.4624287
vn 0.163532 0 0.9865381
vn -0.07665378 0.8833368 0.4624286
vn -0.163532 0 0.9865381
vn -0.985753 0 0.1681999
vn -0.8974437 0.4136973 0.1531316
vn -0.985753 0 -0.1681999
vn -0.8974437 0.4136973 -0.1531316
vn -0.9839327 0.06074132 0.1678891
vn -0.9839327 0.06074134 -0.1678891
vn -0.1585603 0.2446985 -0.9565465
vn -0.1585604 0.2446985 0.9565465
vn 0.1585604 0.2446986 0.9565465
vn 0.1585603 0.2446986 -0.9565465
vn 0.9839327 0.0607414 0.1678891
vn 0.9839327 0.06074141 -0.1678891
vn -0.9839327 0.06074134 -0.1678891
vn -0.985753 0 -0.1681998
vn -0.1635318 0 -0.9865381
vn -0.1585603 0.2446985 -0.9565465
vn 0.1585603 0.2446986 -0.9565465
vn 0.1635318 0 -0.9865381
vn 0.9839327 0.06074141 -0.1678891
vn 0.985753 0 -0.1681998
vn 0.985753 0 0.1681997
vn 0.9839327 0.06074141 -0.1678891
vn 0.985753 0 -0.1681998
vn 0.9839327 0.0607414 0.1678891
vn 0.1585604 0.2446986 0.9565465
vn 0.1635319 0 0.9865381
vn -0.1585604 0.2446985 0.9565465
vn -0.1635319 0 0.9865381
vn -0.985753 0 0.1681997
vn -0.9839327 0.06074132 0.1678891
vn -0.985753 0 -0.1681998
vn -0.9839327 0.06074134 -0.1678891
vn 0 1 0
vn 0 1 0
vn 0 1 0
vn 0 1 0
vn 0 1 0
vn 0 1 0
vn 0 1 0
vn 0 1 0
vn 0 1 0
vn 0 1 0
vn 0 1 0
vn 0 1 0
vn 0 0 -1
vn 0 0 -1
vn 0 0 -1
vn 0 0 -1
vn 0 0 -1
vn 0 0 -1
vn 0 0 -1
vn 0 0 -1
vn 0 0 -1
vn 0 0 -1
vn 0 0 -1
vn 0 0 -1
vn 0 0 -1
vn 0 0 -1
vn 0 0 -1
vn 0 0 -1
vn 0 0 -1
vn 0 0 -1
vn 0 0 -1
vn 0 0 -1
vn 0 0 -1
vn 0 0 -1
vn 0 0 -1
vn 0 0 -1
vn 0 0 -1
vn 0 0 -1
vn 0 0 -1
vn 0 0 -1
vn 0 0 1
vn 0 0 1
vn 0 0 1
vn 0 0 1
vn 0 0 1
vn 0 0 1
vn 0 0 1
vn 0 0 1
vn 0 0 1
vn 0 0 1
vn 0 0 1
vn 0 0 1
vn 0 0 1
vn 0 0 1
vn 0 0 1
vn 0 0 1
vn 0 0 1
vn 0 0 1
vn 0 0 1
vn 0 0 1
vn 0 0 -1
vn 0 0 -1
vn 0 0 -1
vn 0 0 -1
vn 0 0 -1
vn 0 0 -1
vn 0 0 -1
vn 0 0 -1
vn 0 0 -1
vn 0 0 -1
vn 0 0 -1
vn 0 0 -1
vn 0 1 0
vn 0 1 0
vn 0 1 0
vn 0 1 0
vn 0 1 0
vn 0 1 0
vn 0 1 0
vn 0 1 0
vn 0 1 0
vn 0 1 0
vn 0 1 0
vn 0 1 0
vn 0 1 0
vn 0 1 0
vn 0 1 0
vn 0 1 0
vn 0 1 0
vn 0 1 0
vn 0 1 0
vn 0 1 0
vn 0 1 0
vn 0 1 0
vn 0 1 0
vn 0 1 0
vn 0 1 0
vn 0 1 0
vn 0 1 0
vn 0 1 0
vn -1 0 0
vn -1 0 0
vn -1 0 0
vn -1 0 0
vn -1 0 0
vn -1 0 0
vn -1 0 0
vn -1 0 0
vn 1 0 0
vn 1 0 0
vn 1 0 0
vn 1 0 0
vn 1 0 0
vn 1 0 0
vn 1 0 0
vn 1 0 0
vn 0 0 1
vn 0 0 1
vn 0 0 1
vn 0 0 1
vn 0 0 1
vn 0 0 1
vn 0 0 1
vn 0 0 1
vn 0 0 -1
vn 0 0 -1
vn 0 0 -1
vn 0 0 -1
vn 0 0 -1
vn 0 0 -1
vn 0 0 -1
vn 0 0 -1
vn -1 0 0
vn -1 0 0
vn -1 0 0
vn -1 0 0
vn 0 0 1
vn 0 0 1
vn 0 0 1
vn 0 0 1
vn 0 0 1
vn 0 0 1
vn 0 0 1
vn 0 0 1
vn 1 0 0
vn 1 0 0
vn 1 0 0
vn 1 0 0
vn -1 0 0
vn -1 0 0
vn -1 0 0
vn -1 0 0
vn -1 0 0
vn -1 0 0
vn -1 0 0
vn -1 0 0
vn -1 0 0
vn -1 0 0
vn -1 0 0
vn -1 0 0
vn -1 0 0
vn -1 0 0
vn -1 0 0
vn -1 0 0
vn 1 0 0
vn 1 0 0
vn 1 0 0
vn 1 0 0
vn 1 0 0
vn 1 0 0
vn 1 0 0
vn 1 0 0
vn 1 0 0
vn 1 0 0
vn 1 0 0
vn 1 0 0
vn 1 0 0
vn 1 0 0
vn 1 0 0
vn 1 0 0
vn 0 0 1
vn 0 0 1
vn 0 0 1
vn 0 0 1
vn 0 0 1
vn 0 0 1
vn 0 0 1
vn 0 0 1
vn 0 0 1
vn 0 0 1
vn 0 0 1
vn 0 0 1
vn 0 0 1
vn 0 0 1
vn 0 0 1
vn 0 0 1
vn 0 0 1
vn 0 0 1
vn 0 0 1
vn 0 0 1
vn -0.3436336 -0.2154668 -0.9140514
vn 0.3436336 0.2154668 -0.9140514
vn -0.3436336 0.2154668 -0.9140514
vn -0.7221447 0.4528026 -0.52295
vn -0.594362 -0.3726797 -0.7126316
vn 0.594362 -0.3726797 -0.7126316
vn 0.3436336 -0.2154668 -0.9140514
vn 0.7221447 0.4528026 -0.52295
g golbat_model_0
f 3/3/3 2/2/2 1/1/1
f 4/4/4 3/3/3 1/1/1
f 4/4/4 1/1/1 5/5/5
f 6/6/6 4/4/4 5/5/5
f 6/6/6 7/7/7 4/4/4
f 7/7/7 8/8/8 4/4/4
f 4/4/4 8/8/8 9/9/9
f 8/8/8 10/10/10 9/9/9
f 10/10/10 11/11/11 9/9/9
f 3/3/3 4/4/4 12/12/12
f 4/4/4 9/9/9 12/12/12
f 12/12/12 13/13/13 3/3/3
f 3/3/3 13/13/13 14/14/14
f 12/12/12 15/15/15 13/13/13
f 15/15/15 16/16/16 13/13/13
f 12/12/12 9/9/9 17/17/17
f 13/13/13 18/18/18 14/14/14
f 14/14/14 18/18/18 17/17/17
f 18/18/18 19/19/19 17/17/17
f 19/19/19 20/20/20 17/17/17
f 9/9/9 21/21/21 17/17/17
f 22/22/22 14/14/14 17/17/17
f 21/21/21 22/22/22 17/17/17
f 14/14/14 22/22/22 23/23/23
f 22/22/22 24/24/24 23/23/23
f 21/21/21 25/25/25 22/22/22
f 21/21/21 26/26/26 25/25/25
f 27/27/27 26/26/26 21/21/21
f 28/28/28 27/27/27 21/21/21
f 26/26/26 27/27/27 29/29/29
f 26/26/26 30/30/30 25/25/25
f 30/30/30 26/26/26 29/29/29
f 25/25/25 30/30/30 31/31/31
f 30/30/30 29/29/29 31/31/31
f 34/34/34 33/33/33 32/32/32
f 35/35/35 34/34/34 32/32/32
f 38/38/38 37/37/37 36/36/36
f 39/39/39 38/38/38 36/36/36
f 41/41/41 38/38/38 40/40/40
f 42/42/42 41/41/41 40/40/40
f 39/39/39 44/44/44 43/43/43
f 45/45/45 39/39/39 43/43/43
f 48/48/48 47/47/47 46/46/46
f 47/47/47 49/49/49 46/46/46
f 46/46/46 49/49/49 50/50/50
f 49/49/49 51/51/51 50/50/50
f 52/52/52 51/51/51 49/49/49
f 53/53/53 52/52/52 49/49/49
f 53/53/53 49/49/49 54/54/54
f 55/55/55 53/53/53 54/54/54
f 56/56/56 55/55/55 54/54/54
f 49/49/49 47/47/47 57/57/57
f 54/54/54 49/49/49 57/57/57
f 58/58/58 57/57/57 47/47/47
f 58/58/58 47/47/47 59/59/59
f 60/60/60 57/57/57 58/58/58
f 61/61/61 60/60/60 58/58/58
f 54/54/54 57/57/57 62/62/62
f 63/63/63 58/58/58 59/59/59
f 63/63/63 59/59/59 62/62/62
f 64/64/64 63/63/63 62/62/62
f 65/65/65 64/64/64 62/62/62
f 66/66/66 54/54/54 62/62/62
f 59/59/59 67/67/67 62/62/62
f 67/67/67 66/66/66 62/62/62
f 67/67/67 59/59/59 68/68/68
f 69/69/69 67/67/67 68/68/68
f 70/70/70 66/66/66 67/67/67
f 71/71/71 66/66/66 70/70/70
f 71/71/71 72/72/72 66/66/66
f 72/72/72 73/73/73 66/66/66
f 72/72/72 71/71/71 74/74/74
f 75/75/75 71/71/71 70/70/70
f 71/71/71 75/75/75 74/74/74
f 75/75/75 70/70/70 76/76/76
f 74/74/74 75/75/75 76/76/76
f 79/79/79 78/78/78 77/77/77
f 80/80/80 79/79/79 77/77/77
f 83/83/83 82/82/82 81/81/81
f 82/82/82 84/84/84 81/81/81
f 84/84/84 86/86/86 85/85/85
f 87/87/87 84/84/84 85/85/85
f 82/82/82 89/89/89 88/88/88
f 89/89/89 90/90/90 88/88/88
f 93/93/93 92/92/92 91/91/91
f 94/94/94 93/93/93 91/91/91
f 94/94/94 91/91/91 95/95/95
f 96/96/96 94/94/94 95/95/95
f 99/99/99 98/98/98 97/97/97
f 100/100/100 99/99/99 97/97/97
f 99/99/99 100/100/100 101/101/101
f 100/100/100 102/102/102 101/101/101
f 101/101/101 103/103/103 99/99/99
f 103/103/103 104/104/104 99/99/99
f 105/105/105 101/101/101 102/102/102
f 106/106/106 105/105/105 102/102/102
f 109/109/109 108/108/108 107/107/107
f 108/108/108 110/110/110 107/107/107
f 107/107/107 110/110/110 111/111/111
f 112/112/112 107/107/107 111/111/111
f 112/112/112 111/111/111 113/113/113
f 114/114/114 112/112/112 113/113/113
f 115/115/115 114/114/114 113/113/113
f 116/116/116 115/115/115 113/113/113
f 115/115/115 116/116/116 117/117/117
f 116/116/116 118/118/118 117/117/117
f 121/121/121 120/120/120 119/119/119
f 120/120/120 122/122/122 119/119/119
f 122/122/122 120/120/120 123/123/123
f 120/120/120 124/124/124 123/123/123
f 126/126/126 124/124/124 125/125/125
f 127/127/127 126/126/126 125/125/125
f 130/130/130 129/129/129 128/128/128
f 131/131/131 130/130/130 128/128/128
f 134/134/134 133/133/133 132/132/132
f 135/135/135 134/134/134 132/132/132
f 136/136/136 134/134/134 135/135/135
f 137/137/137 135/135/135 132/132/132
f 137/137/137 136/136/136 135/135/135
f 138/138/138 137/137/137 132/132/132
f 139/139/139 136/136/136 137/137/137
f 138/138/138 139/139/139 137/137/137
f 142/142/142 141/141/141 140/140/140
f 143/143/143 142/142/142 140/140/140
f 146/146/146 145/145/145 144/144/144
f 145/145/145 147/147/147 144/144/144
f 145/145/145 148/148/148 147/147/147
f 147/147/147 149/149/149 144/144/144
f 148/148/148 149/149/149 147/147/147
f 149/149/149 150/150/150 144/144/144
f 148/148/148 151/151/151 149/149/149
f 151/151/151 150/150/150 149/149/149
f 154/154/154 153/153/153 152/152/152
f 155/155/155 154/154/154 152/152/152
f 158/158/158 157/157/157 156/156/156
f 159/159/159 158/158/158 156/156/156
f 160/160/160 158/158/158 159/159/159
f 161/161/161 159/159/159 156/156/156
f 161/161/161 160/160/160 159/159/159
f 162/162/162 161/161/161 156/156/156
f 163/163/163 160/160/160 161/161/161
f 162/162/162 163/163/163 161/161/161
f 166/166/166 165/165/165 164/164/164
f 167/167/167 166/166/166 164/164/164
f 170/170/170 169/169/169 168/168/168
f 169/169/169 171/171/171 168/168/168
f 169/169/169 172/172/172 171/171/171
f 171/171/171 173/173/173 168/168/168
f 172/172/172 173/173/173 171/171/171
f 173/173/173 174/174/174 168/168/168
f 172/172/172 175/175/175 173/173/173
f 175/175/175 174/174/174 173/173/173
f 178/178/178 177/177/177 176/176/176
f 179/179/179 178/178/178 176/176/176
f 179/179/179 176/176/176 180/180/180
f 181/181/181 178/178/178 179/179/179
f 182/182/182 181/181/181 179/179/179
f 182/182/182 179/179/179 180/180/180
f 183/183/183 182/182/182 180/180/180
f 180/180/180 184/184/184 183/183/183
f 184/184/184 185/185/185 183/183/183
f 186/186/186 185/185/185 184/184/184
f 187/187/187 186/186/186 184/184/184
f 188/188/188 186/186/186 187/187/187
f 189/189/189 188/188/188 187/187/187
f 189/189/189 187/187/187 190/190/190
f 190/190/190 187/187/187 184/184/184
f 191/191/191 190/190/190 184/184/184
f 192/192/192 189/189/189 190/190/190
f 184/184/184 180/180/180 193/193/193
f 191/191/191 184/184/184 193/193/193
f 194/194/194 191/191/191 193/193/193
f 180/180/180 195/195/195 193/193/193
f 191/191/191 194/194/194 196/196/196
f 197/197/197 196/196/196 195/195/195
f 180/180/180 197/197/197 195/195/195
f 197/197/197 191/191/191 196/196/196
f 176/176/176 197/197/197 180/180/180
f 191/191/191 197/197/197 198/198/198
f 198/198/198 197/197/197 176/176/176
f 191/191/191 199/199/199 190/190/190
f 199/199/199 191/191/191 198/198/198
f 200/200/200 198/198/198 176/176/176
f 199/199/199 198/198/198 200/200/200
f 200/200/200 176/176/176 201/201/201
f 199/199/199 202/202/202 190/190/190
f 202/202/202 199/199/199 200/200/200
f 190/190/190 202/202/202 203/203/203
f 204/204/204 200/200/200 201/201/201
f 202/202/202 205/205/205 203/203/203
f 204/204/204 201/201/201 206/206/206
f 201/201/201 207/207/207 206/206/206
f 203/203/203 205/205/205 208/208/208
f 209/209/209 203/203/203 208/208/208
f 205/205/205 210/210/210 204/204/204
f 210/210/210 211/211/211 204/204/204
f 205/205/205 204/204/204 212/212/212
f 212/212/212 204/204/204 206/206/206
f 206/206/206 208/208/208 212/212/212
f 213/213/213 205/205/205 212/212/212
f 208/208/208 213/213/213 212/212/212
f 205/205/205 213/213/213 208/208/208
f 214/214/214 209/209/209 208/208/208
f 214/214/214 208/208/208 206/206/206
f 207/207/207 215/215/215 206/206/206
f 215/215/215 214/214/214 206/206/206
f 216/216/216 215/215/215 207/207/207
f 214/214/214 215/215/215 216/216/216
f 217/217/217 216/216/216 207/207/207
f 218/218/218 214/214/214 216/216/216
f 214/214/214 218/218/218 209/209/209
f 218/218/218 219/219/219 209/209/209
f 222/222/222 221/221/221 220/220/220
f 223/223/223 222/222/222 220/220/220
f 226/226/226 225/225/225 224/224/224
f 227/227/227 226/226/226 224/224/224
f 227/227/227 224/224/224 228/228/228
f 229/229/229 227/227/227 228/228/228
f 232/232/232 231/231/231 230/230/230
f 233/233/233 232/232/232 230/230/230
f 236/236/236 235/235/235 234/234/234
f 235/235/235 237/237/237 234/234/234
f 234/234/234 237/237/237 238/238/238
f 237/237/237 239/239/239 238/238/238
f 242/242/242 241/241/241 240/240/240
f 241/241/241 243/243/243 240/240/240
f 243/243/243 241/241/241 244/244/244
f 245/245/245 243/243/243 244/244/244
f 246/246/246 244/244/244 241/241/241
f 247/247/247 246/246/246 241/241/241
f 244/244/244 248/248/248 245/245/245
f 248/248/248 249/249/249 245/245/245
f 252/252/252 251/251/251 250/250/250
f 253/253/253 252/252/252 250/250/250
f 253/253/253 250/250/250 254/254/254
f 250/250/250 255/255/255 254/254/254
f 254/254/254 255/255/255 256/256/256
f 255/255/255 257/257/257 256/256/256
f 257/257/257 258/258/258 256/256/256
f 258/258/258 259/259/259 256/256/256
f 259/259/259 258/258/258 260/260/260
f 261/261/261 259/259/259 260/260/260
f 264/264/264 263/263/263 262/262/262
f 265/265/265 264/264/264 262/262/262
f 264/264/264 265/265/265 266/266/266
f 267/267/267 264/264/264 266/266/266
f 267/267/267 269/269/269 268/268/268
f 269/269/269 270/270/270 268/268/268
f 273/273/273 272/272/272 271/271/271
f 274/274/274 273/273/273 271/271/271
f 274/274/274 271/271/271 275/275/275
f 276/276/276 274/274/274 275/275/275
f 274/274/274 277/277/277 273/273/273
f 274/274/274 278/278/278 277/277/277
f 277/277/277 279/279/279 273/273/273
f 279/279/279 280/280/280 273/273/273
f 273/273/273 280/280/280 281/281/281
f 279/279/279 282/282/282 280/280/280
f 280/280/280 283/283/283 281/281/281
f 281/281/281 278/278/278 284/284/284
f 278/278/278 285/285/285 284/284/284
f 281/281/281 286/286/286 278/278/278
f 278/278/278 286/286/286 277/277/277
f 281/281/281 283/283/283 286/286/286
f 283/283/283 287/287/287 286/286/286
f 283/283/283 288/288/288 287/287/287
f 288/288/288 289/289/289 287/287/287
f 289/289/289 290/290/290 287/287/287
f 290/290/290 289/289/289 291/291/291
f 289/289/289 292/292/292 291/291/291
f 279/279/279 293/293/293 282/282/282
f 293/293/293 294/294/294 282/282/282
f 295/295/295 293/293/293 279/279/279
f 296/296/296 295/295/295 279/279/279
f 296/296/296 279/279/279 277/277/277
f 297/297/297 296/296/296 277/277/277
f 300/300/300 299/299/299 298/298/298
f 301/301/301 300/300/300 298/298/298
f 304/304/304 303/303/303 302/302/302
f 303/303/303 305/305/305 302/302/302
f 305/305/305 307/307/307 306/306/306
f 307/307/307 308/308/308 306/306/306
f 311/311/311 310/310/310 309/309/309
f 310/310/310 312/312/312 309/309/309
f 309/309/309 312/312/312 313/313/313
f 314/314/314 313/313/313 312/312/312
f 315/315/315 314/314/314 312/312/312
f 315/315/315 312/312/312 310/310/310
f 316/316/316 315/315/315 310/310/310
f 319/319/319 318/318/318 317/317/317
f 320/320/320 319/319/319 317/317/317
f 320/320/320 317/317/317 321/321/321
f 322/322/322 320/320/320 321/321/321
f 319/319/319 320/320/320 322/322/322
f 323/323/323 319/319/319 322/322/322
f 324/324/324 323/323/323 322/322/322
f 325/325/325 324/324/324 322/322/322
f 328/328/328 327/327/327 326/326/326
f 327/327/327 329/329/329 326/326/326
f 326/326/326 329/329/329 330/330/330
f 331/331/331 326/326/326 330/330/330
f 331/331/331 332/332/332 326/326/326
f 332/332/332 333/333/333 326/326/326
f 336/336/336 335/335/335 334/334/334
f 337/337/337 336/336/336 334/334/334
f 337/337/337 338/338/338 336/336/336
f 339/339/339 336/336/336 338/338/338
f 340/340/340 339/339/339 338/338/338
f 343/343/343 342/342/342 341/341/341
f 342/342/342 344/344/344 341/341/341
f 342/342/342 345/345/345 344/344/344
f 348/348/348 347/347/347 346/346/346
f 347/347/347 349/349/349 346/346/346
f 350/350/350 346/346/346 349/349/349
f 351/351/351 350/350/350 349/349/349
f 350/350/350 351/351/351 352/352/352
f 351/351/351 353/353/353 352/352/352
f 356/356/356 355/355/355 354/354/354
f 354/354/354 357/357/357 356/356/356
f 357/357/357 358/358/358 356/356/356
f 361/361/361 360/360/360 359/359/359
f 361/361/361 359/359/359 362/362/362
f 359/359/359 363/363/363 362/362/362
f 364/364/364 362/362/362 363/363/363
f 365/365/365 364/364/364 363/363/363
f 366/366/366 364/364/364 365/365/365
f 367/367/367 364/364/364 366/366/366
f 368/368/368 367/367/367 366/366/366
f 371/371/371 370/370/370 369/369/369
f 372/372/372 371/371/371 369/369/369
f 372/372/372 373/373/373 371/371/371
f 373/373/373 374/374/374 371/371/371
f 377/377/377 376/376/376 375/375/375
f 376/376/376 378/378/378 375/375/375
f 375/375/375 378/378/378 379/379/379
f 378/378/378 380/380/380 379/379/379
f 381/381/381 378/378/378 376/376/376
f 382/382/382 378/378/378 381/381/381
f 383/383/383 381/381/381 376/376/376
f 384/384/384 383/383/383 376/376/376
f 384/384/384 376/376/376 385/385/385
f 386/386/386 383/383/383 384/384/384
f 387/387/387 384/384/384 385/385/385
f 382/382/382 385/385/385 388/388/388
f 389/389/389 382/382/382 388/388/388
f 390/390/390 385/385/385 382/382/382
f 390/390/390 382/382/382 381/381/381
f 387/387/387 385/385/385 390/390/390
f 391/391/391 387/387/387 390/390/390
f 392/392/392 387/387/387 391/391/391
f 393/393/393 392/392/392 391/391/391
f 394/394/394 393/393/393 391/391/391
f 393/393/393 394/394/394 395/395/395
f 396/396/396 393/393/393 395/395/395
f 383/383/383 397/397/397 381/381/381
f 397/397/397 398/398/398 381/381/381
f 399/399/399 397/397/397 383/383/383
f 400/400/400 399/399/399 383/383/383
f 400/400/400 383/383/383 386/386/386
f 401/401/401 400/400/400 386/386/386
f 404/404/404 403/403/403 402/402/402
f 405/405/405 404/404/404 402/402/402
f 408/408/408 407/407/407 406/406/406
f 409/409/409 408/408/408 406/406/406
f 411/411/411 409/409/409 410/410/410
f 412/412/412 411/411/411 410/410/410
f 415/415/415 414/414/414 413/413/413
f 416/416/416 415/415/415 413/413/413
f 416/416/416 413/413/413 417/417/417
f 417/417/417 418/418/418 416/416/416
f 418/418/418 419/419/419 416/416/416
f 416/416/416 419/419/419 415/415/415
f 419/419/419 420/420/420 415/415/415
f 423/423/423 422/422/422 421/421/421
f 422/422/422 424/424/424 421/421/421
f 421/421/421 424/424/424 425/425/425
f 424/424/424 426/426/426 425/425/425
f 424/424/424 422/422/422 426/426/426
f 422/422/422 427/427/427 426/426/426
f 427/427/427 428/428/428 426/426/426
f 428/428/428 429/429/429 426/426/426
f 432/432/432 431/431/431 430/430/430
f 433/433/433 432/432/432 430/430/430
f 433/433/433 430/430/430 434/434/434
f 430/430/430 435/435/435 434/434/434
f 436/436/436 435/435/435 430/430/430
f 437/437/437 436/436/436 430/430/430
f 440/440/440 439/439/439 438/438/438
f 439/439/439 441/441/441 438/438/438
f 442/442/442 441/441/441 439/439/439
f 439/439/439 443/443/443 442/442/442
f 443/443/443 444/444/444 442/442/442
f 447/447/447 446/446/446 445/445/445
f 448/448/448 447/447/447 445/445/445
f 449/449/449 447/447/447 448/448/448
f 452/452/452 451/451/451 450/450/450
f 453/453/453 452/452/452 450/450/450
f 450/450/450 454/454/454 453/453/453
f 454/454/454 455/455/455 453/453/453
f 455/455/455 454/454/454 456/456/456
f 457/457/457 455/455/455 456/456/456
f 460/460/460 459/459/459 458/458/458
f 461/461/461 458/458/458 459/459/459
f 462/462/462 461/461/461 459/459/459
f 465/465/465 464/464/464 463/463/463
f 463/463/463 464/464/464 466/466/466
f 467/467/467 463/463/463 466/466/466
f 466/466/466 468/468/468 467/467/467
f 468/468/468 469/469/469 467/467/467
f 468/468/468 470/470/470 469/469/469
f 468/468/468 471/471/471 470/470/470
f 471/471/471 472/472/472 470/470/470
f 475/475/475 474/474/474 473/473/473
f 474/474/474 476/476/476 473/473/473
f 477/477/477 476/476/476 474/474/474
f 478/478/478 477/477/477 474/474/474
f 481/481/481 480/480/480 479/479/479
f 480/480/480 482/482/482 479/479/479
f 480/480/480 483/483/483 482/482/482
f 483/483/483 484/484/484 482/482/482
f 483/483/483 485/485/485 484/484/484
f 485/485/485 486/486/486 484/484/484
f 489/489/489 488/488/488 487/487/487
f 490/490/490 489/489/489 487/487/487
f 493/493/493 492/492/492 491/491/491
f 494/494/494 493/493/493 491/491/491
f 497/497/497 496/496/496 495/495/495
f 498/498/498 497/497/497 495/495/495
f 498/498/498 495/495/495 499/499/499
f 500/500/500 498/498/498 499/499/499
f 500/500/500 499/499/499 501/501/501
f 502/502/502 500/500/500 501/501/501
f 502/502/502 501/501/501 503/503/503
f 503/503/503 501/501/501 504/504/504
f 501/501/501 505/505/505 504/504/504
f 506/506/506 502/502/502 503/503/503
f 507/507/507 502/502/502 506/506/506
f 508/508/508 507/507/507 506/506/506
f 511/511/511 510/510/510 509/509/509
f 510/510/510 512/512/512 509/509/509
f 510/510/510 513/513/513 512/512/512
f 513/513/513 514/514/514 512/512/512
f 513/513/513 515/515/515 514/514/514
f 515/515/515 516/516/516 514/514/514
f 519/519/519 518/518/518 517/517/517
f 520/520/520 519/519/519 517/517/517
f 523/523/523 522/522/522 521/521/521
f 524/524/524 523/523/523 521/521/521
f 527/527/527 526/526/526 525/525/525
f 528/528/528 527/527/527 525/525/525
f 528/528/528 525/525/525 529/529/529
f 530/530/530 528/528/528 529/529/529
f 530/530/530 529/529/529 531/531/531
f 532/532/532 530/530/530 531/531/531
f 532/532/532 531/531/531 533/533/533
f 533/533/533 531/531/531 534/534/534
f 531/531/531 535/535/535 534/534/534
f 536/536/536 532/532/532 533/533/533
f 537/537/537 532/532/532 536/536/536
f 538/538/538 537/537/537 536/536/536
f 541/541/541 540/540/540 539/539/539
f 542/542/542 541/541/541 539/539/539
f 542/542/542 543/543/543 541/541/541
f 543/543/543 544/544/544 541/541/541
f 543/543/543 545/545/545 544/544/544
f 545/545/545 546/546/546 544/544/544
f 549/549/549 548/548/548 547/547/547
f 550/550/550 549/549/549 547/547/547
f 550/550/550 547/547/547 551/551/551
f 552/552/552 550/550/550 551/551/551
f 552/552/552 553/553/553 550/550/550
f 550/550/550 554/554/554 549/549/549
f 553/553/553 554/554/554 550/550/550
f 553/553/553 555/555/555 554/554/554
f 554/554/554 556/556/556 549/549/549
f 555/555/555 557/557/557 554/554/554
f 554/554/554 557/557/557 556/556/556
f 557/557/557 558/558/558 556/556/556
f 561/561/561 560/560/560 559/559/559
f 560/560/560 562/562/562 559/559/559
f 559/559/559 562/562/562 563/563/563
f 564/564/564 559/559/559 563/563/563
f 564/564/564 563/563/563 565/565/565
f 566/566/566 564/564/564 565/565/565
f 566/566/566 565/565/565 567/567/567
f 565/565/565 568/568/568 567/567/567
f 567/567/567 568/568/568 569/569/569
f 568/568/568 570/570/570 569/569/569
f 573/573/573 572/572/572 571/571/571
f 574/574/574 573/573/573 571/571/571
f 574/574/574 575/575/575 573/573/573
f 575/575/575 576/576/576 573/573/573
f 575/575/575 577/577/577 576/576/576
f 577/577/577 578/578/578 576/576/576
f 581/581/581 580/580/580 579/579/579
f 582/582/582 581/581/581 579/579/579
f 582/582/582 583/583/583 581/581/581
f 583/583/583 584/584/584 581/581/581
f 583/583/583 585/585/585 584/584/584
f 585/585/585 586/586/586 584/584/584
f 589/589/589 588/588/588 587/587/587
f 588/588/588 590/590/590 587/587/587
f 587/587/587 590/590/590 591/591/591
f 592/592/592 587/587/587 591/591/591
f 592/592/592 591/591/591 593/593/593
f 594/594/594 592/592/592 593/593/593
f 594/594/594 593/593/593 595/595/595
f 593/593/593 596/596/596 595/595/595
f 595/595/595 596/596/596 597/597/597
f 596/596/596 598/598/598 597/597/597
f 601/601/601 600/600/600 599/599/599
f 602/602/602 601/601/601 599/599/599
f 601/601/601 602/602/602 603/603/603
f 602/602/602 604/604/604 603/603/603
f 603/603/603 604/604/604 605/605/605
f 604/604/604 606/606/606 605/605/605
f 609/609/609 608/608/608 607/607/607
f 608/608/608 610/610/610 607/607/607
f 611/611/611 607/607/607 610/610/610
f 612/612/612 611/611/611 610/610/610
f 613/613/613 611/611/611 612/612/612
f 614/614/614 613/613/613 612/612/612
f 613/613/613 614/614/614 615/615/615
f 614/614/614 616/616/616 615/615/615
f 615/615/615 616/616/616 617/617/617
f 616/616/616 618/618/618 617/617/617
f 621/621/621 620/620/620 619/619/619
f 622/622/622 621/621/621 619/619/619
f 622/622/622 619/619/619 623/623/623
f 624/624/624 622/622/622 623/623/623
f 624/624/624 623/623/623 625/625/625
f 623/623/623 626/626/626 625/625/625
f 629/629/629 628/628/628 627/627/627
f 628/628/628 630/630/630 627/627/627
f 627/627/627 630/630/630 631/631/631
f 632/632/632 627/627/627 631/631/631
f 632/632/632 631/631/631 633/633/633
f 634/634/634 632/632/632 633/633/633
f 634/634/634 633/633/633 635/635/635
f 633/633/633 636/636/636 635/635/635
f 635/635/635 636/636/636 637/637/637
f 636/636/636 638/638/638 637/637/637
f 641/641/641 640/640/640 639/639/639
f 642/642/642 641/641/641 639/639/639
f 642/642/642 643/643/643 641/641/641
f 643/643/643 644/644/644 641/641/641
f 643/643/643 645/645/645 644/644/644
f 645/645/645 646/646/646 644/644/644
f 649/649/649 648/648/648 647/647/647
f 650/650/650 649/649/649 647/647/647
f 650/650/650 651/651/651 649/649/649
f 651/651/651 652/652/652 649/649/649
f 651/651/651 653/653/653 652/652/652
f 653/653/653 654/654/654 652/652/652
f 657/657/657 656/656/656 655/655/655
f 656/656/656 658/658/658 655/655/655
f 655/655/655 658/658/658 659/659/659
f 660/660/660 655/655/655 659/659/659
f 660/660/660 659/659/659 661/661/661
f 662/662/662 660/660/660 661/661/661
f 662/662/662 661/661/661 663/663/663
f 661/661/661 664/664/664 663/663/663
f 663/663/663 664/664/664 665/665/665
f 664/664/664 666/666/666 665/665/665
f 669/669/669 668/668/668 667/667/667
f 670/670/670 669/669/669 667/667/667
f 670/670/670 671/671/671 669/669/669
f 671/671/671 672/672/672 669/669/669
f 671/671/671 673/673/673 672/672/672
f 673/673/673 674/674/674 672/672/672
f 677/677/677 676/676/676 675/675/675
f 678/678/678 677/677/677 675/675/675
f 678/678/678 679/679/679 677/677/677
f 679/679/679 680/680/680 677/677/677
f 679/679/679 681/681/681 680/680/680
f 681/681/681 682/682/682 680/680/680
f 685/685/685 684/684/684 683/683/683
f 684/684/684 686/686/686 683/683/683
f 683/683/683 686/686/686 687/687/687
f 688/688/688 683/683/683 687/687/687
f 688/688/688 687/687/687 689/689/689
f 690/690/690 688/688/688 689/689/689
f 690/690/690 689/689/689 691/691/691
f 689/689/689 692/692/692 691/691/691
f 691/691/691 692/692/692 693/693/693
f 692/692/692 694/694/694 693/693/693
f 697/697/697 696/696/696 695/695/695
f 698/698/698 697/697/697 695/695/695
f 698/698/698 699/699/699 697/697/697
f 699/699/699 700/700/700 697/697/697
f 699/699/699 701/701/701 700/700/700
f 701/701/701 702/702/702 700/700/700
f 705/705/705 704/704/704 703/703/703
f 706/706/706 705/705/705 703/703/703
f 706/706/706 707/707/707 705/705/705
f 707/707/707 708/708/708 705/705/705
f 707/707/707 709/709/709 708/708/708
f 709/709/709 710/710/710 708/708/708
f 713/713/713 712/712/712 711/711/711
f 712/712/712 714/714/714 711/711/711
f 711/711/711 714/714/714 715/715/715
f 716/716/716 711/711/711 715/715/715
f 716/716/716 715/715/715 717/717/717
f 718/718/718 716/716/716 717/717/717
f 718/718/718 717/717/717 719/719/719
f 717/717/717 720/720/720 719/719/719
f 719/719/719 720/720/720 721/721/721
f 720/720/720 722/722/722 721/721/721
f 725/725/725 724/724/724 723/723/723
f 726/726/726 725/725/725 723/723/723
f 726/726/726 727/727/727 725/725/725
f 727/727/727 728/728/728 725/725/725
f 727/727/727 729/729/729 728/728/728
f 729/729/729 730/730/730 728/728/728
f 733/733/733 732/732/732 731/731/731
f 734/734/734 733/733/733 731/731/731
f 734/734/734 735/735/735 733/733/733
f 735/735/735 736/736/736 733/733/733
f 735/735/735 737/737/737 736/736/736
f 737/737/737 738/738/738 736/736/736
f 741/741/741 740/740/740 739/739/739
f 740/740/740 742/742/742 739/739/739
f 739/739/739 742/742/742 743/743/743
f 744/744/744 739/739/739 743/743/743
f 744/744/744 743/743/743 745/745/745
f 746/746/746 744/744/744 745/745/745
f 746/746/746 745/745/745 747/747/747
f 745/745/745 748/748/748 747/747/747
f 747/747/747 748/748/748 749/749/749
f 748/748/748 750/750/750 749/749/749
f 753/753/753 752/752/752 751/751/751
f 754/754/754 753/753/753 751/751/751
f 754/754/754 755/755/755 753/753/753
f 755/755/755 756/756/756 753/753/753
f 755/755/755 757/757/757 756/756/756
f 757/757/757 758/758/758 756/756/756
f 761/761/761 760/760/760 759/759/759
f 762/762/762 761/761/761 759/759/759
f 762/762/762 763/763/763 761/761/761
f 763/763/763 764/764/764 761/761/761
f 763/763/763 765/765/765 764/764/764
f 765/765/765 766/766/766 764/764/764
f 769/769/769 768/768/768 767/767/767
f 768/768/768 770/770/770 767/767/767
f 767/767/767 770/770/770 771/771/771
f 772/772/772 767/767/767 771/771/771
f 772/772/772 771/771/771 773/773/773
f 774/774/774 772/772/772 773/773/773
f 774/774/774 773/773/773 775/775/775
f 773/773/773 776/776/776 775/775/775
f 775/775/775 776/776/776 777/777/777
f 776/776/776 778/778/778 777/777/777
f 781/781/781 780/780/780 779/779/779
f 782/782/782 781/781/781 779/779/779
f 782/782/782 783/783/783 781/781/781
f 783/783/783 784/784/784 781/781/781
f 783/783/783 785/785/785 784/784/784
f 785/785/785 786/786/786 784/784/784
f 789/789/789 788/788/788 787/787/787
f 790/790/790 789/789/789 787/787/787
f 790/790/790 791/791/791 789/789/789
f 791/791/791 792/792/792 789/789/789
f 791/791/791 793/793/793 792/792/792
f 793/793/793 794/794/794 792/792/792
f 797/797/797 796/796/796 795/795/795
f 796/796/796 798/798/798 795/795/795
f 795/795/795 798/798/798 799/799/799
f 800/800/800 795/795/795 799/799/799
f 800/800/800 799/799/799 801/801/801
f 802/802/802 800/800/800 801/801/801
f 802/802/802 801/801/801 803/803/803
f 801/801/801 804/804/804 803/803/803
f 803/803/803 804/804/804 805/805/805
f 804/804/804 806/806/806 805/805/805
f 809/809/809 808/808/808 807/807/807
f 810/810/810 809/809/809 807/807/807
f 810/810/810 811/811/811 809/809/809
f 811/811/811 812/812/812 809/809/809
f 811/811/811 813/813/813 812/812/812
f 813/813/813 814/814/814 812/812/812
f 817/817/817 816/816/816 815/815/815
f 818/818/818 817/817/817 815/815/815
f 818/818/818 819/819/819 817/817/817
f 819/819/819 820/820/820 817/817/817
f 819/819/819 821/821/821 820/820/820
f 821/821/821 822/822/822 820/820/820
f 825/825/825 824/824/824 823/823/823
f 824/824/824 826/826/826 823/823/823
f 823/823/823 826/826/826 827/827/827
f 828/828/828 823/823/823 827/827/827
f 828/828/828 827/827/827 829/829/829
f 830/830/830 828/828/828 829/829/829
f 830/830/830 829/829/829 831/831/831
f 829/829/829 832/832/832 831/831/831
f 831/831/831 832/832/832 833/833/833
f 832/832/832 834/834/834 833/833/833
f 837/837/837 836/836/836 835/835/835
f 838/838/838 837/837/837 835/835/835
f 841/841/841 840/840/840 839/839/839
f 842/842/842 841/841/841 839/839/839
f 845/845/845 844/844/844 843/843/843
f 846/846/846 845/845/845 843/843/843
f 849/849/849 848/848/848 847/847/847
f 850/850/850 849/849/849 847/847/847
f 853/853/853 852/852/852 851/851/851
f 854/854/854 853/853/853 851/851/851
f 857/857/857 856/856/856 855/855/855
f 858/858/858 857/857/857 855/855/855
f 861/861/861 860/860/860 859/859/859
f 862/862/862 861/861/861 859/859/859
f 865/865/865 864/864/864 863/863/863
f 866/866/866 865/865/865 863/863/863
f 869/869/869 868/868/868 867/867/867
f 870/870/870 869/869/869 867/867/867
f 873/873/873 872/872/872 871/871/871
f 874/874/874 873/873/873 871/871/871
f 877/877/877 876/876/876 875/875/875
f 878/878/878 877/877/877 875/875/875
f 881/881/881 880/880/880 879/879/879
f 882/882/882 881/881/881 879/879/879
f 885/885/885 884/884/884 883/883/883
f 886/886/886 885/885/885 883/883/883
f 889/889/889 888/888/888 887/887/887
f 890/890/890 889/889/889 887/887/887
f 893/893/893 892/892/892 891/891/891
f 894/894/894 893/893/893 891/891/891
f 897/897/897 896/896/896 895/895/895
f 898/898/898 897/897/897 895/895/895
f 901/901/901 900/900/900 899/899/899
f 902/902/902 901/901/901 899/899/899
f 905/905/905 904/904/904 903/903/903
f 906/906/906 905/905/905 903/903/903
f 909/909/909 908/908/908 907/907/907
f 910/910/910 909/909/909 907/907/907
f 913/913/913 912/912/912 911/911/911
f 914/914/914 913/913/913 911/911/911
f 917/917/917 916/916/916 915/915/915
f 918/918/918 917/917/917 915/915/915
f 921/921/921 920/920/920 919/919/919
f 922/922/922 921/921/921 919/919/919
f 925/925/925 924/924/924 923/923/923
f 926/926/926 925/925/925 923/923/923
f 929/929/929 928/928/928 927/927/927
f 930/930/930 929/929/929 927/927/927
f 933/933/933 932/932/932 931/931/931
f 934/934/934 933/933/933 931/931/931
f 937/937/937 936/936/936 935/935/935
f 938/938/938 937/937/937 935/935/935
f 941/941/941 940/940/940 939/939/939
f 942/942/942 941/941/941 939/939/939
f 945/945/945 944/944/944 943/943/943
f 946/946/946 945/945/945 943/943/943
f 949/949/949 948/948/948 947/947/947
f 950/950/950 949/949/949 947/947/947
f 953/953/953 952/952/952 951/951/951
f 954/954/954 953/953/953 951/951/951
f 957/957/957 956/956/956 955/955/955
f 958/958/958 957/957/957 955/955/955
f 961/961/961 960/960/960 959/959/959
f 962/962/962 961/961/961 959/959/959
f 965/965/965 964/964/964 963/963/963
f 966/966/966 965/965/965 963/963/963
f 969/969/969 968/968/968 967/967/967
f 970/970/970 969/969/969 967/967/967
f 973/973/973 972/972/972 971/971/971
f 974/974/974 973/973/973 971/971/971
f 977/977/977 976/976/976 975/975/975
f 978/978/978 977/977/977 975/975/975
f 981/981/981 980/980/980 979/979/979
f 982/982/982 981/981/981 979/979/979
f 985/985/985 984/984/984 983/983/983
f 986/986/986 985/985/985 983/983/983
f 989/989/989 988/988/988 987/987/987
f 990/990/990 989/989/989 987/987/987
f 993/993/993 992/992/992 991/991/991
f 994/994/994 993/993/993 991/991/991
f 997/997/997 996/996/996 995/995/995
f 998/998/998 997/997/997 995/995/995
f 1001/1001/1001 1000/1000/1000 999/999/999
f 1002/1002/1002 1001/1001/1001 999/999/999
f 1005/1005/1005 1004/1004/1004 1003/1003/1003
f 1006/1006/1006 1005/1005/1005 1003/1003/1003
f 1009/1009/1009 1008/1008/1008 1007/1007/1007
f 1010/1010/1010 1009/1009/1009 1007/1007/1007
f 1013/1013/1013 1012/1012/1012 1011/1011/1011
f 1014/1014/1014 1013/1013/1013 1011/1011/1011
f 1017/1017/1017 1016/1016/1016 1015/1015/1015
f 1018/1018/1018 1017/1017/1017 1015/1015/1015
f 1021/1021/1021 1020/1020/1020 1019/1019/1019
f 1022/1022/1022 1021/1021/1021 1019/1019/1019
f 1025/1025/1025 1024/1024/1024 1023/1023/1023
f 1026/1026/1026 1025/1025/1025 1023/1023/1023
f 1029/1029/1029 1028/1028/1028 1027/1027/1027
f 1030/1030/1030 1029/1029/1029 1027/1027/1027
f 1033/1033/1033 1032/1032/1032 1031/1031/1031
f 1034/1034/1034 1033/1033/1033 1031/1031/1031
f 1037/1037/1037 1036/1036/1036 1035/1035/1035
f 1037/1037/1037 1035/1035/1035 1038/1038/1038
f 1035/1035/1035 1039/1039/1039 1038/1038/1038
f 1040/1040/1040 1039/1039/1039 1035/1035/1035
f 1036/1036/1036 1041/1041/1041 1035/1035/1035
f 1041/1041/1041 1040/1040/1040 1035/1035/1035
f 1041/1041/1041 1036/1036/1036 1042/1042/1042
f 1040/1040/1040 1041/1041/1041 1042/1042/1042
